adj_amb,cond_group,item,verb_bias,explanation,pronoun,pronoun_type,new_sent,question_answers,Ferstl_verb_eng,Ferstl_sem_cat,Ferstl_eng_verb_length,Ferstl_eng_verb_freq,Ferstl_val,Ferstl_IVC,adj,german_adj_freq,german_adj_length,verb,german_verb_freq,german_verb_length,Susanne_avgRating_Score,story,question,left,right,left_pronoun,right_pronoun,correct,q_type,Intended referent,intended_answer_text,intended_answer_side,intended_answer_key,correct_response,type1_ambiguous,real_NP1_gender,real_NP2_gender,generated_version,Causality
nonamb,1,1,NP1,NP1-Causality,er,er,"David belästigte Linda, weil er am frühen Morgen rücksichtslos war und die Musik aufdrehte.",Wann war er rücksichtslos? (am frühen Morgen / im frühen Morgengrauen),agitated,StimExp,8.0,25.0,-1.36,85,unüberhörbar,0.94,12.0,belästigte,0.11,8.0,68.75,"David belästigte Linda,
weil_er am frühen Morgen rücksichtslos_war und die_Musik aufdrehte.",Wann war er rücksichtslos?,am frühen Morgen,im frühen Morgengrauen,,,F,5,NP1,am frühen Morgen,left,F,F,False,male,female,original,NP1-Causality
nonamb,2,1,NP1,NP1-Causality,er,amb,"David belästigte Frank, weil er am frühen Morgen rücksichtslos war und die Musik aufdrehte.",Wann war er rücksichtslos? (am frühen Morgen / im frühen Morgengrauen),agitated,StimExp,8.0,25.0,-1.36,85,unüberhörbar,0.94,12.0,belästigte,0.11,8.0,68.75,"David belästigte Frank,
weil_er am frühen Morgen rücksichtslos_war und die_Musik aufdrehte.",Wann war er rücksichtslos?,am frühen Morgen,im frühen Morgengrauen,,,F,5,NP1,am frühen Morgen,left,F,F,False,male,male,both_male,NP1-Causality
nonamb,3,1,NP1,NP1-Causality,sie,amb,"Sabine belästigte Linda, weil sie am frühen Morgen rücksichtslos war und die Musik aufdrehte.",Wann war sie rücksichtslos? (am frühen Morgen / im frühen Morgengrauen),agitated,StimExp,8.0,25.0,-1.36,85,unüberhörbar,0.94,12.0,belästigte,0.11,8.0,68.75,"Sabine belästigte Linda,
weil_sie am frühen Morgen rücksichtslos_war und die_Musik aufdrehte.",Wann war sie rücksichtslos?,am frühen Morgen,im frühen Morgengrauen,,,F,5,NP1,am frühen Morgen,left,F,F,False,female,female,both_female,NP1-Causality
nonamb,4,1,NP1,NP1-Causality,sie,sie,"Sabine belästigte Frank, weil sie am frühen Morgen rücksichtslos war und die Musik aufdrehte.",Wann war sie rücksichtslos? (am frühen Morgen / im frühen Morgengrauen),agitated,StimExp,8.0,25.0,-1.36,85,unüberhörbar,0.94,12.0,belästigte,0.11,8.0,68.75,"Sabine belästigte Frank,
weil_sie am frühen Morgen rücksichtslos_war und die_Musik aufdrehte.",Wann war sie rücksichtslos?,am frühen Morgen,im frühen Morgengrauen,,,F,5,NP1,am frühen Morgen,left,F,F,False,female,male,swapped,NP1-Causality
nonamb,5,1,NP1,NP2-Causality,sie,sie,"David belästigte Linda, weil sie am frühen Morgen übermüdet war und keine Ruhe fand.",Wann war sie übermüdet? (am frühen Morgen / im frühen Morgengrauen),agitated,StimExp,8.0,25.0,-1.36,85,gereizt,3.14,7.0,belästigte,0.11,8.0,68.75,"David belästigte Linda,
weil_sie am frühen Morgen übermüdet_war und keine_Ruhe fand.",Wann war sie übermüdet?,am frühen Morgen,im frühen Morgengrauen,,,F,5,NP2,am frühen Morgen,left,F,F,False,male,female,original,NP2-Causality
nonamb,6,1,NP1,NP2-Causality,er,amb,"David belästigte Frank, weil er am frühen Morgen übermüdet war und keine Ruhe fand.",Wann war er übermüdet? (am frühen Morgen / im frühen Morgengrauen),agitated,StimExp,8.0,25.0,-1.36,85,gereizt,3.14,7.0,belästigte,0.11,8.0,68.75,"David belästigte Frank,
weil_er am frühen Morgen übermüdet_war und keine_Ruhe fand.",Wann war er übermüdet?,am frühen Morgen,im frühen Morgengrauen,,,F,5,NP2,am frühen Morgen,left,F,F,False,male,male,both_male,NP2-Causality
nonamb,7,1,NP1,NP2-Causality,sie,amb,"Sabine belästigte Linda, weil sie am frühen Morgen übermüdet war und keine Ruhe fand.",Wann war sie übermüdet? (am frühen Morgen / im frühen Morgengrauen),agitated,StimExp,8.0,25.0,-1.36,85,gereizt,3.14,7.0,belästigte,0.11,8.0,68.75,"Sabine belästigte Linda,
weil_sie am frühen Morgen übermüdet_war und keine_Ruhe fand.",Wann war sie übermüdet?,am frühen Morgen,im frühen Morgengrauen,,,F,5,NP2,am frühen Morgen,left,F,F,False,female,female,both_female,NP2-Causality
nonamb,8,1,NP1,NP2-Causality,er,er,"Sabine belästigte Frank, weil er am frühen Morgen übermüdet war und keine Ruhe fand.",Wann war er übermüdet? (am frühen Morgen / im frühen Morgengrauen),agitated,StimExp,8.0,25.0,-1.36,85,gereizt,3.14,7.0,belästigte,0.11,8.0,68.75,"Sabine belästigte Frank,
weil_er am frühen Morgen übermüdet_war und keine_Ruhe fand.",Wann war er übermüdet?,am frühen Morgen,im frühen Morgengrauen,,,F,5,NP2,am frühen Morgen,left,F,F,False,female,male,swapped,NP2-Causality
nonamb,1,2,NP1,NP1-Causality,er,er,"Peter störte Katharina, weil er am späten Nachmittag laut war und das Meeting unterbrach.",Wer störte Katharina? (Peter / David),annoyed,StimExp,7.0,268.0,-2.0,79,aggressiv,19.09,9.0,störte,2.33,6.0,87.5,"Peter störte Katharina,
weil_er am späten Nachmittag laut_war und das_Meeting unterbrach.",Wer störte Katharina?,Peter,David,er,er,F,2,NP1,Peter,left,F,F,False,male,female,original,NP1-Causality
nonamb,2,2,NP1,NP1-Causality,er,amb,"Peter störte Sebastian, weil er am späten Nachmittag laut war und das Meeting unterbrach.",Wer störte Sebastian? (Peter / Hans),annoyed,StimExp,7.0,268.0,-2.0,79,aggressiv,19.09,9.0,störte,2.33,6.0,87.5,"Peter störte Sebastian,
weil_er am späten Nachmittag laut_war und das_Meeting unterbrach.",Wer störte Sebastian?,Peter,Hans,er,er,F,2,NP1,Peter,left,F,F,False,male,male,both_male,NP1-Causality
nonamb,3,2,NP1,NP1-Causality,sie,amb,"Eva störte Katharina, weil sie am späten Nachmittag laut war und das Meeting unterbrach.",Wer störte Katharina? (Eva / Birgit),annoyed,StimExp,7.0,268.0,-2.0,79,aggressiv,19.09,9.0,störte,2.33,6.0,87.5,"Eva störte Katharina,
weil_sie am späten Nachmittag laut_war und das_Meeting unterbrach.",Wer störte Katharina?,Eva,Birgit,sie,sie,F,2,NP1,Eva,left,F,F,False,female,female,both_female,NP1-Causality
nonamb,4,2,NP1,NP1-Causality,sie,sie,"Eva störte Sebastian, weil sie am späten Nachmittag laut war und das Meeting unterbrach.",Wer störte Sebastian? (Eva / Laura),annoyed,StimExp,7.0,268.0,-2.0,79,aggressiv,19.09,9.0,störte,2.33,6.0,87.5,"Eva störte Sebastian,
weil_sie am späten Nachmittag laut_war und das_Meeting unterbrach.",Wer störte Sebastian?,Eva,Laura,sie,sie,F,2,NP1,Eva,left,F,F,False,female,male,swapped,NP1-Causality
nonamb,5,2,NP1,NP2-Causality,sie,sie,"Peter störte Katharina, weil sie am späten Nachmittag gestresst war und die Nerven verlor.",Wer störte Katharina? (Peter / Frank),annoyed,StimExp,7.0,268.0,-2.0,79,erschöpft,10.12,9.0,störte,2.33,6.0,87.5,"Peter störte Katharina,
weil_sie am späten Nachmittag gestresst_war und die_Nerven verlor.",Wer störte Katharina?,Peter,Frank,er,er,F,2,NP2,Peter,left,F,F,False,male,female,original,NP2-Causality
nonamb,6,2,NP1,NP2-Causality,er,amb,"Peter störte Sebastian, weil er am späten Nachmittag gestresst war und die Nerven verlor.",Wer störte Sebastian? (Peter / Frank),annoyed,StimExp,7.0,268.0,-2.0,79,erschöpft,10.12,9.0,störte,2.33,6.0,87.5,"Peter störte Sebastian,
weil_er am späten Nachmittag gestresst_war und die_Nerven verlor.",Wer störte Sebastian?,Peter,Frank,er,er,F,2,NP2,Peter,left,F,F,False,male,male,both_male,NP2-Causality
nonamb,7,2,NP1,NP2-Causality,sie,amb,"Eva störte Katharina, weil sie am späten Nachmittag gestresst war und die Nerven verlor.",Wer störte Katharina? (Eva / Barbara),annoyed,StimExp,7.0,268.0,-2.0,79,erschöpft,10.12,9.0,störte,2.33,6.0,87.5,"Eva störte Katharina,
weil_sie am späten Nachmittag gestresst_war und die_Nerven verlor.",Wer störte Katharina?,Eva,Barbara,sie,sie,F,2,NP2,Eva,left,F,F,False,female,female,both_female,NP2-Causality
nonamb,8,2,NP1,NP2-Causality,er,er,"Eva störte Sebastian, weil er am späten Nachmittag gestresst war und die Nerven verlor.",Wer störte Sebastian? (Eva / Lena),annoyed,StimExp,7.0,268.0,-2.0,79,erschöpft,10.12,9.0,störte,2.33,6.0,87.5,"Eva störte Sebastian,
weil_er am späten Nachmittag gestresst_war und die_Nerven verlor.",Wer störte Sebastian?,Eva,Lena,sie,sie,F,2,NP2,Eva,left,F,F,False,female,male,swapped,NP2-Causality
nonamb,1,3,NP1,NP1-Causality,er,er,"Michael ärgerte Barbara, weil er um die Mittagszeit frech war und einen Witz machte.",Wen ärgerte Michael? (Barbara / Monika),angered,StimExp,7.0,11.0,-2.46,85,unüberhörbar,0.94,12.0,ärgerte,1.41,7.0,56.25,"Michael ärgerte Barbara,
weil_er um die Mittagszeit frech_war und einen_Witz machte.",Wen ärgerte Michael?,Barbara,Monika,sie,sie,F,3,NP1,Barbara,left,F,F,False,male,female,original,NP1-Causality
nonamb,2,3,NP1,NP1-Causality,er,amb,"Michael ärgerte Stefan, weil er um die Mittagszeit frech war und einen Witz machte.",Wen ärgerte Michael? (Stefan / Daniel),angered,StimExp,7.0,11.0,-2.46,85,unüberhörbar,0.94,12.0,ärgerte,1.41,7.0,56.25,"Michael ärgerte Stefan,
weil_er um die Mittagszeit frech_war und einen_Witz machte.",Wen ärgerte Michael?,Stefan,Daniel,er,er,F,3,NP1,Stefan,left,F,F,False,male,male,both_male,NP1-Causality
nonamb,3,3,NP1,NP1-Causality,sie,amb,"Nina ärgerte Barbara, weil sie um die Mittagszeit frech war und einen Witz machte.",Wen ärgerte Nina? (Barbara / Birgit),angered,StimExp,7.0,11.0,-2.46,85,unüberhörbar,0.94,12.0,ärgerte,1.41,7.0,56.25,"Nina ärgerte Barbara,
weil_sie um die Mittagszeit frech_war und einen_Witz machte.",Wen ärgerte Nina?,Barbara,Birgit,sie,sie,F,3,NP1,Barbara,left,F,F,False,female,female,both_female,NP1-Causality
nonamb,4,3,NP1,NP1-Causality,sie,sie,"Nina ärgerte Stefan, weil sie um die Mittagszeit frech war und einen Witz machte.",Wen ärgerte Nina? (Stefan / Marco),angered,StimExp,7.0,11.0,-2.46,85,unüberhörbar,0.94,12.0,ärgerte,1.41,7.0,56.25,"Nina ärgerte Stefan,
weil_sie um die Mittagszeit frech_war und einen_Witz machte.",Wen ärgerte Nina?,Stefan,Marco,er,er,F,3,NP1,Stefan,left,F,F,False,female,male,swapped,NP1-Causality
nonamb,5,3,NP1,NP2-Causality,sie,sie,"Michael ärgerte Barbara, weil sie um die Mittagszeit gereizt war und das Gespräch verweigerte.",Wen ärgerte Michael? (Barbara / Lisa),angered,StimExp,7.0,11.0,-2.46,85,überdrüssig,0.92,11.0,ärgerte,1.41,7.0,56.25,"Michael ärgerte Barbara,
weil_sie um die Mittagszeit gereizt_war und das_Gespräch verweigerte.",Wen ärgerte Michael?,Barbara,Lisa,sie,sie,F,3,NP2,Barbara,left,F,F,False,male,female,original,NP2-Causality
nonamb,6,3,NP1,NP2-Causality,er,amb,"Michael ärgerte Stefan, weil er um die Mittagszeit gereizt war und das Gespräch verweigerte.",Wen ärgerte Michael? (Stefan / Jürgen),angered,StimExp,7.0,11.0,-2.46,85,überdrüssig,0.92,11.0,ärgerte,1.41,7.0,56.25,"Michael ärgerte Stefan,
weil_er um die Mittagszeit gereizt_war und das_Gespräch verweigerte.",Wen ärgerte Michael?,Stefan,Jürgen,er,er,F,3,NP2,Stefan,left,F,F,False,male,male,both_male,NP2-Causality
nonamb,7,3,NP1,NP2-Causality,sie,amb,"Nina ärgerte Barbara, weil sie um die Mittagszeit gereizt war und das Gespräch verweigerte.",Wen ärgerte Nina? (Barbara / Anna),angered,StimExp,7.0,11.0,-2.46,85,überdrüssig,0.92,11.0,ärgerte,1.41,7.0,56.25,"Nina ärgerte Barbara,
weil_sie um die Mittagszeit gereizt_war und das_Gespräch verweigerte.",Wen ärgerte Nina?,Barbara,Anna,sie,sie,F,3,NP2,Barbara,left,F,F,False,female,female,both_female,NP2-Causality
nonamb,8,3,NP1,NP2-Causality,er,er,"Nina ärgerte Stefan, weil er um die Mittagszeit gereizt war und das Gespräch verweigerte.",Wen ärgerte Nina? (Stefan / Tobias),angered,StimExp,7.0,11.0,-2.46,85,überdrüssig,0.92,11.0,ärgerte,1.41,7.0,56.25,"Nina ärgerte Stefan,
weil_er um die Mittagszeit gereizt_war und das_Gespräch verweigerte.",Wen ärgerte Nina?,Stefan,Tobias,er,er,F,3,NP2,Stefan,left,F,F,False,female,male,swapped,NP2-Causality
nonamb,1,4,NP1,NP1-Causality,er,er,"Martin verärgerte Birgit, weil er am frühen Abend aufdringlich war und die Grenze überschritt.",Was überschritt er? (die Grenze / einen Schrei),antagonized,StimExp,11.0,1.0,-1.36,80,aufdringlich,3.73,12.0,verärgerte,0.37,10.0,56.25,"Martin verärgerte Birgit,
weil_er am frühen Abend aufdringlich_war und die_Grenze überschritt.",Was überschritt er?,die Grenze,einen Schrei,,,F,6,NP1,die Grenze,left,F,F,False,male,female,original,NP1-Causality
nonamb,2,4,NP1,NP1-Causality,er,amb,"Martin verärgerte Tobias, weil er am frühen Abend aufdringlich war und die Grenze überschritt.",Was überschritt er? (die Grenze / einen Schrei),antagonized,StimExp,11.0,1.0,-1.36,80,aufdringlich,3.73,12.0,verärgerte,0.37,10.0,56.25,"Martin verärgerte Tobias,
weil_er am frühen Abend aufdringlich_war und die_Grenze überschritt.",Was überschritt er?,die Grenze,einen Schrei,,,F,6,NP1,die Grenze,left,F,F,False,male,male,both_male,NP1-Causality
nonamb,3,4,NP1,NP1-Causality,sie,amb,"Renate verärgerte Birgit, weil sie am frühen Abend aufdringlich war und die Grenze überschritt.",Was überschritt sie? (die Grenze / einen Schrei),antagonized,StimExp,11.0,1.0,-1.36,80,aufdringlich,3.73,12.0,verärgerte,0.37,10.0,56.25,"Renate verärgerte Birgit,
weil_sie am frühen Abend aufdringlich_war und die_Grenze überschritt.",Was überschritt sie?,die Grenze,einen Schrei,,,F,6,NP1,die Grenze,left,F,F,False,female,female,both_female,NP1-Causality
nonamb,4,4,NP1,NP1-Causality,sie,sie,"Renate verärgerte Tobias, weil sie am frühen Abend aufdringlich war und die Grenze überschritt.",Was überschritt sie? (die Grenze / einen Schrei),antagonized,StimExp,11.0,1.0,-1.36,80,aufdringlich,3.73,12.0,verärgerte,0.37,10.0,56.25,"Renate verärgerte Tobias,
weil_sie am frühen Abend aufdringlich_war und die_Grenze überschritt.",Was überschritt sie?,die Grenze,einen Schrei,,,F,6,NP1,die Grenze,left,F,F,False,female,male,swapped,NP1-Causality
nonamb,5,4,NP1,NP2-Causality,sie,sie,"Martin verärgerte Birgit, weil sie am frühen Abend sensibel war und jedes Wort ernst nahm.",Was nahm sie? (jedes Wort ernst / einen Schrei),antagonized,StimExp,11.0,1.0,-1.36,80,sensibel,13.76,8.0,verärgerte,0.37,10.0,56.25,"Martin verärgerte Birgit,
weil_sie am frühen Abend sensibel_war und jedes_Wort_ernst nahm.",Was nahm sie?,jedes Wort ernst,einen Schrei,,,F,6,NP2,jedes Wort ernst,left,F,F,False,male,female,original,NP2-Causality
nonamb,6,4,NP1,NP2-Causality,er,amb,"Martin verärgerte Tobias, weil er am frühen Abend sensibel war und jedes Wort ernst nahm.",Was nahm er? (jedes Wort ernst / einen Schrei),antagonized,StimExp,11.0,1.0,-1.36,80,sensibel,13.76,8.0,verärgerte,0.37,10.0,56.25,"Martin verärgerte Tobias,
weil_er am frühen Abend sensibel_war und jedes_Wort_ernst nahm.",Was nahm er?,jedes Wort ernst,einen Schrei,,,F,6,NP2,jedes Wort ernst,left,F,F,False,male,male,both_male,NP2-Causality
nonamb,7,4,NP1,NP2-Causality,sie,amb,"Renate verärgerte Birgit, weil sie am frühen Abend sensibel war und jedes Wort ernst nahm.",Was nahm sie? (jedes Wort ernst / einen Schrei),antagonized,StimExp,11.0,1.0,-1.36,80,sensibel,13.76,8.0,verärgerte,0.37,10.0,56.25,"Renate verärgerte Birgit,
weil_sie am frühen Abend sensibel_war und jedes_Wort_ernst nahm.",Was nahm sie?,jedes Wort ernst,einen Schrei,,,F,6,NP2,jedes Wort ernst,left,F,F,False,female,female,both_female,NP2-Causality
nonamb,8,4,NP1,NP2-Causality,er,er,"Renate verärgerte Tobias, weil er am frühen Abend sensibel war und jedes Wort ernst nahm.",Was nahm er? (jedes Wort ernst / einen Schrei),antagonized,StimExp,11.0,1.0,-1.36,80,sensibel,13.76,8.0,verärgerte,0.37,10.0,56.25,"Renate verärgerte Tobias,
weil_er am frühen Abend sensibel_war und jedes_Wort_ernst nahm.",Was nahm er?,jedes Wort ernst,einen Schrei,,,F,6,NP2,jedes Wort ernst,left,F,F,False,female,male,swapped,NP2-Causality
nonamb,1,5,NP2,NP1-Causality,er,er,"Paul bewunderte Petra, weil er von Anfang an beeindruckt war und das Talent lobte.",Was lobte er? (das Talent / die Regeln),admired,ExpStim,7.0,74.0,2.0,-92,überzeugt,41.42,9.0,bewunderte,1.17,10.0,50.0,"Paul bewunderte Petra,
weil_er von Anfang an beeindruckt_war und das_Talent lobte.",Was lobte er?,das Talent,die Regeln,,,F,6,NP1,das Talent,left,F,F,False,male,female,original,NP1-Causality
nonamb,2,5,NP2,NP1-Causality,er,amb,"Paul bewunderte Florian, weil er von Anfang an beeindruckt war und das Talent lobte.",Was lobte er? (das Talent / die Regeln),admired,ExpStim,7.0,74.0,2.0,-92,überzeugt,41.42,9.0,bewunderte,1.17,10.0,50.0,"Paul bewunderte Florian,
weil_er von Anfang an beeindruckt_war und das_Talent lobte.",Was lobte er?,das Talent,die Regeln,,,F,6,NP1,das Talent,left,F,F,False,male,male,both_male,NP1-Causality
nonamb,3,5,NP2,NP1-Causality,sie,amb,"Maria bewunderte Petra, weil sie von Anfang an beeindruckt war und das Talent lobte.",Was lobte sie? (das Talent / die Regeln),admired,ExpStim,7.0,74.0,2.0,-92,überzeugt,41.42,9.0,bewunderte,1.17,10.0,50.0,"Maria bewunderte Petra,
weil_sie von Anfang an beeindruckt_war und das_Talent lobte.",Was lobte sie?,das Talent,die Regeln,,,F,6,NP1,das Talent,left,F,F,False,female,female,both_female,NP1-Causality
nonamb,4,5,NP2,NP1-Causality,sie,sie,"Maria bewunderte Florian, weil sie von Anfang an beeindruckt war und das Talent lobte.",Was lobte sie? (das Talent / die Regeln),admired,ExpStim,7.0,74.0,2.0,-92,überzeugt,41.42,9.0,bewunderte,1.17,10.0,50.0,"Maria bewunderte Florian,
weil_sie von Anfang an beeindruckt_war und das_Talent lobte.",Was lobte sie?,das Talent,die Regeln,,,F,6,NP1,das Talent,left,F,F,False,female,male,swapped,NP1-Causality
nonamb,5,5,NP2,NP2-Causality,sie,sie,"Paul bewunderte Petra, weil sie von Anfang an talentiert war und die Preise gewann.",Was gewann sie? (die Preise / die Regeln),admired,ExpStim,7.0,74.0,2.0,-92,talentiert,2.73,10.0,bewunderte,1.17,10.0,50.0,"Paul bewunderte Petra,
weil_sie von Anfang an talentiert_war und die_Preise gewann.",Was gewann sie?,die Preise,die Regeln,,,F,6,NP2,die Preise,left,F,F,False,male,female,original,NP2-Causality
nonamb,6,5,NP2,NP2-Causality,er,amb,"Paul bewunderte Florian, weil er von Anfang an talentiert war und die Preise gewann.",Was gewann er? (die Preise / die Regeln),admired,ExpStim,7.0,74.0,2.0,-92,talentiert,2.73,10.0,bewunderte,1.17,10.0,50.0,"Paul bewunderte Florian,
weil_er von Anfang an talentiert_war und die_Preise gewann.",Was gewann er?,die Preise,die Regeln,,,F,6,NP2,die Preise,left,F,F,False,male,male,both_male,NP2-Causality
nonamb,7,5,NP2,NP2-Causality,sie,amb,"Maria bewunderte Petra, weil sie von Anfang an talentiert war und die Preise gewann.",Was gewann sie? (die Preise / die Regeln),admired,ExpStim,7.0,74.0,2.0,-92,talentiert,2.73,10.0,bewunderte,1.17,10.0,50.0,"Maria bewunderte Petra,
weil_sie von Anfang an talentiert_war und die_Preise gewann.",Was gewann sie?,die Preise,die Regeln,,,F,6,NP2,die Preise,left,F,F,False,female,female,both_female,NP2-Causality
nonamb,8,5,NP2,NP2-Causality,er,er,"Maria bewunderte Florian, weil er von Anfang an talentiert war und die Preise gewann.",Was gewann er? (die Preise / die Regeln),admired,ExpStim,7.0,74.0,2.0,-92,talentiert,2.73,10.0,bewunderte,1.17,10.0,50.0,"Maria bewunderte Florian,
weil_er von Anfang an talentiert_war und die_Preise gewann.",Was gewann er?,die Preise,die Regeln,,,F,6,NP2,die Preise,left,F,F,False,female,male,swapped,NP2-Causality
nonamb,1,6,NP2,NP1-Causality,er,er,"Daniel beklatschte Jana, weil er während der Vorstellung begeistert war und die Show liebte.",Was tat Daniel? (beklatschte Jana / interessierte Claudia),applauded,AgEvo,9.0,12.0,1.82,-84,begeistert,34.48,10.0,beklatschte,0.03,11.0,37.5,"Daniel beklatschte Jana,
weil_er während der Vorstellung begeistert_war und die_Show liebte.",Was tat Daniel?,beklatschte Jana,interessierte Claudia,,,F,4,NP1,beklatschte Jana,left,F,F,False,male,female,original,NP1-Causality
nonamb,2,6,NP2,NP1-Causality,er,amb,"Daniel beklatschte Karl, weil er während der Vorstellung begeistert war und die Show liebte.",Was tat Daniel? (beklatschte Karl / benachrichtigte Tobias),applauded,AgEvo,9.0,12.0,1.82,-84,begeistert,34.48,10.0,beklatschte,0.03,11.0,37.5,"Daniel beklatschte Karl,
weil_er während der Vorstellung begeistert_war und die_Show liebte.",Was tat Daniel?,beklatschte Karl,benachrichtigte Tobias,,,F,4,NP1,beklatschte Karl,left,F,F,False,male,male,both_male,NP1-Causality
nonamb,3,6,NP2,NP1-Causality,sie,amb,"Martina beklatschte Jana, weil sie während der Vorstellung begeistert war und die Show liebte.",Was tat Martina? (beklatschte Jana / belog Peter),applauded,AgEvo,9.0,12.0,1.82,-84,begeistert,34.48,10.0,beklatschte,0.03,11.0,37.5,"Martina beklatschte Jana,
weil_sie während der Vorstellung begeistert_war und die_Show liebte.",Was tat Martina?,beklatschte Jana,belog Peter,,,F,4,NP1,beklatschte Jana,left,F,F,False,female,female,both_female,NP1-Causality
nonamb,4,6,NP2,NP1-Causality,sie,sie,"Martina beklatschte Karl, weil sie während der Vorstellung begeistert war und die Show liebte.",Was tat Martina? (beklatschte Karl / hasste Peter),applauded,AgEvo,9.0,12.0,1.82,-84,begeistert,34.48,10.0,beklatschte,0.03,11.0,37.5,"Martina beklatschte Karl,
weil_sie während der Vorstellung begeistert_war und die_Show liebte.",Was tat Martina?,beklatschte Karl,hasste Peter,,,F,4,NP1,beklatschte Karl,left,F,F,False,female,male,swapped,NP1-Causality
nonamb,5,6,NP2,NP2-Causality,sie,sie,"Daniel beklatschte Jana, weil sie während der Vorstellung großartig war und den Applaus erhielt.",Was tat Daniel? (beklatschte Jana / schätzte Andreas),applauded,AgEvo,9.0,12.0,1.82,-84,großartig,19.01,10.0,beklatschte,0.03,11.0,37.5,"Daniel beklatschte Jana,
weil_sie während der Vorstellung großartig_war und den_Applaus erhielt.",Was tat Daniel?,beklatschte Jana,schätzte Andreas,,,F,4,NP2,beklatschte Jana,left,F,F,False,male,female,original,NP2-Causality
nonamb,6,6,NP2,NP2-Causality,er,amb,"Daniel beklatschte Karl, weil er während der Vorstellung großartig war und den Applaus erhielt.",Was tat Daniel? (beklatschte Karl / führte Lena),applauded,AgEvo,9.0,12.0,1.82,-84,großartig,19.01,10.0,beklatschte,0.03,11.0,37.5,"Daniel beklatschte Karl,
weil_er während der Vorstellung großartig_war und den_Applaus erhielt.",Was tat Daniel?,beklatschte Karl,führte Lena,,,F,4,NP2,beklatschte Karl,left,F,F,False,male,male,both_male,NP2-Causality
nonamb,7,6,NP2,NP2-Causality,sie,amb,"Martina beklatschte Jana, weil sie während der Vorstellung großartig war und den Applaus erhielt.",Was tat Martina? (beklatschte Jana / beunruhigte Stefan),applauded,AgEvo,9.0,12.0,1.82,-84,großartig,19.01,10.0,beklatschte,0.03,11.0,37.5,"Martina beklatschte Jana,
weil_sie während der Vorstellung großartig_war und den_Applaus erhielt.",Was tat Martina?,beklatschte Jana,beunruhigte Stefan,,,F,4,NP2,beklatschte Jana,left,F,F,False,female,female,both_female,NP2-Causality
nonamb,8,6,NP2,NP2-Causality,er,er,"Martina beklatschte Karl, weil er während der Vorstellung großartig war und den Applaus erhielt.",Was tat Martina? (beklatschte Karl / beunruhigte Stefan),applauded,AgEvo,9.0,12.0,1.82,-84,großartig,19.01,10.0,beklatschte,0.03,11.0,37.5,"Martina beklatschte Karl,
weil_er während der Vorstellung großartig_war und den_Applaus erhielt.",Was tat Martina?,beklatschte Karl,beunruhigte Stefan,,,F,4,NP2,beklatschte Karl,left,F,F,False,female,male,swapped,NP2-Causality
nonamb,1,7,NP2,NP1-Causality,er,er,"Johannes verehrte Julia, weil er von Anfang an beeindruckt war und den Erfolg teilte.",Wen verehrte Johannes? (Julia / Petra),adored,ExpStim,6.0,18.0,2.54,-74,schwach,51.17,7.0,verehrte,2.75,8.0,93.75,"Johannes verehrte Julia,
weil_er von Anfang an beeindruckt_war und den_Erfolg teilte.",Wen verehrte Johannes?,Julia,Petra,sie,sie,F,3,NP1,Julia,left,F,F,False,male,female,original,NP1-Causality
nonamb,2,7,NP2,NP1-Causality,er,amb,"Johannes verehrte Jürgen, weil er von Anfang an beeindruckt war und den Erfolg teilte.",Wen verehrte Johannes? (Jürgen / Frank),adored,ExpStim,6.0,18.0,2.54,-74,schwach,51.17,7.0,verehrte,2.75,8.0,93.75,"Johannes verehrte Jürgen,
weil_er von Anfang an beeindruckt_war und den_Erfolg teilte.",Wen verehrte Johannes?,Jürgen,Frank,er,er,F,3,NP1,Jürgen,left,F,F,False,male,male,both_male,NP1-Causality
nonamb,3,7,NP2,NP1-Causality,sie,amb,"Claudia verehrte Julia, weil sie von Anfang an beeindruckt war und den Erfolg teilte.",Wen verehrte Claudia? (Julia / Sarah),adored,ExpStim,6.0,18.0,2.54,-74,schwach,51.17,7.0,verehrte,2.75,8.0,93.75,"Claudia verehrte Julia,
weil_sie von Anfang an beeindruckt_war und den_Erfolg teilte.",Wen verehrte Claudia?,Julia,Sarah,sie,sie,F,3,NP1,Julia,left,F,F,False,female,female,both_female,NP1-Causality
nonamb,4,7,NP2,NP1-Causality,sie,sie,"Claudia verehrte Jürgen, weil sie von Anfang an beeindruckt war und den Erfolg teilte.",Wen verehrte Claudia? (Jürgen / David),adored,ExpStim,6.0,18.0,2.54,-74,schwach,51.17,7.0,verehrte,2.75,8.0,93.75,"Claudia verehrte Jürgen,
weil_sie von Anfang an beeindruckt_war und den_Erfolg teilte.",Wen verehrte Claudia?,Jürgen,David,er,er,F,3,NP1,Jürgen,left,F,F,False,female,male,swapped,NP1-Causality
nonamb,5,7,NP2,NP2-Causality,sie,sie,"Johannes verehrte Julia, weil sie von Anfang an beeindruckend war und die Menge begeisterte.",Wen verehrte Johannes? (Julia / Jana),adored,ExpStim,6.0,18.0,2.54,-74,mächtig,34.16,7.0,verehrte,2.75,8.0,93.75,"Johannes verehrte Julia,
weil_sie von Anfang an beeindruckend_war und die_Menge begeisterte.",Wen verehrte Johannes?,Julia,Jana,sie,sie,F,3,NP2,Julia,left,F,F,False,male,female,original,NP2-Causality
nonamb,6,7,NP2,NP2-Causality,er,amb,"Johannes verehrte Jürgen, weil er von Anfang an beeindruckend war und die Menge begeisterte.",Wen verehrte Johannes? (Jürgen / David),adored,ExpStim,6.0,18.0,2.54,-74,mächtig,34.16,7.0,verehrte,2.75,8.0,93.75,"Johannes verehrte Jürgen,
weil_er von Anfang an beeindruckend_war und die_Menge begeisterte.",Wen verehrte Johannes?,Jürgen,David,er,er,F,3,NP2,Jürgen,left,F,F,False,male,male,both_male,NP2-Causality
nonamb,7,7,NP2,NP2-Causality,sie,amb,"Claudia verehrte Julia, weil sie von Anfang an beeindruckend war und die Menge begeisterte.",Wen verehrte Claudia? (Julia / Susanne),adored,ExpStim,6.0,18.0,2.54,-74,mächtig,34.16,7.0,verehrte,2.75,8.0,93.75,"Claudia verehrte Julia,
weil_sie von Anfang an beeindruckend_war und die_Menge begeisterte.",Wen verehrte Claudia?,Julia,Susanne,sie,sie,F,3,NP2,Julia,left,F,F,False,female,female,both_female,NP2-Causality
nonamb,8,7,NP2,NP2-Causality,er,er,"Claudia verehrte Jürgen, weil er von Anfang an beeindruckend war und die Menge begeisterte.",Wen verehrte Claudia? (Jürgen / Daniel),adored,ExpStim,6.0,18.0,2.54,-74,mächtig,34.16,7.0,verehrte,2.75,8.0,93.75,"Claudia verehrte Jürgen,
weil_er von Anfang an beeindruckend_war und die_Menge begeisterte.",Wen verehrte Claudia?,Jürgen,Daniel,er,er,F,3,NP2,Jürgen,left,F,F,False,female,male,swapped,NP2-Causality
nonamb,1,8,NP2,NP1-Causality,er,er,"Philipp beruhigte Susanne, weil er in der Nacht fürsorglich war und den Tee kochte.",Wer beruhigte Susanne? (Philipp / Karl),calmed down,AgP,6.0,0.0,0.27,-79,besorgt,15.02,7.0,beruhigte,1.31,9.0,31.25,"Philipp beruhigte Susanne,
weil_er in der Nacht fürsorglich_war und den_Tee kochte.",Wer beruhigte Susanne?,Philipp,Karl,er,er,F,2,NP1,Philipp,left,F,F,False,male,female,original,NP1-Causality
nonamb,2,8,NP2,NP1-Causality,er,amb,"Philipp beruhigte Alexander, weil er in der Nacht fürsorglich war und den Tee kochte.",Wer beruhigte Alexander? (Philipp / Tobias),calmed down,AgP,6.0,0.0,0.27,-79,besorgt,15.02,7.0,beruhigte,1.31,9.0,31.25,"Philipp beruhigte Alexander,
weil_er in der Nacht fürsorglich_war und den_Tee kochte.",Wer beruhigte Alexander?,Philipp,Tobias,er,er,F,2,NP1,Philipp,left,F,F,False,male,male,both_male,NP1-Causality
nonamb,3,8,NP2,NP1-Causality,sie,amb,"Daniela beruhigte Susanne, weil sie in der Nacht fürsorglich war und den Tee kochte.",Wer beruhigte Susanne? (Daniela / Martina),calmed down,AgP,6.0,0.0,0.27,-79,besorgt,15.02,7.0,beruhigte,1.31,9.0,31.25,"Daniela beruhigte Susanne,
weil_sie in der Nacht fürsorglich_war und den_Tee kochte.",Wer beruhigte Susanne?,Daniela,Martina,sie,sie,F,2,NP1,Daniela,left,F,F,False,female,female,both_female,NP1-Causality
nonamb,4,8,NP2,NP1-Causality,sie,sie,"Daniela beruhigte Alexander, weil sie in der Nacht fürsorglich war und den Tee kochte.",Wer beruhigte Alexander? (Daniela / Jasmin),calmed down,AgP,6.0,0.0,0.27,-79,besorgt,15.02,7.0,beruhigte,1.31,9.0,31.25,"Daniela beruhigte Alexander,
weil_sie in der Nacht fürsorglich_war und den_Tee kochte.",Wer beruhigte Alexander?,Daniela,Jasmin,sie,sie,F,2,NP1,Daniela,left,F,F,False,female,male,swapped,NP1-Causality
nonamb,5,8,NP2,NP2-Causality,sie,sie,"Philipp beruhigte Susanne, weil sie in der Nacht hilflos war und den Rat suchte.",Wer beruhigte Susanne? (Philipp / Florian),calmed down,AgP,6.0,0.0,0.27,-79,professionell,30.71,13.0,beruhigte,1.31,9.0,31.25,"Philipp beruhigte Susanne,
weil_sie in der Nacht hilflos_war und den_Rat suchte.",Wer beruhigte Susanne?,Philipp,Florian,er,er,F,2,NP2,Philipp,left,F,F,False,male,female,original,NP2-Causality
nonamb,6,8,NP2,NP2-Causality,er,amb,"Philipp beruhigte Alexander, weil er in der Nacht hilflos war und den Rat suchte.",Wer beruhigte Alexander? (Philipp / Paul),calmed down,AgP,6.0,0.0,0.27,-79,professionell,30.71,13.0,beruhigte,1.31,9.0,31.25,"Philipp beruhigte Alexander,
weil_er in der Nacht hilflos_war und den_Rat suchte.",Wer beruhigte Alexander?,Philipp,Paul,er,er,F,2,NP2,Philipp,left,F,F,False,male,male,both_male,NP2-Causality
nonamb,7,8,NP2,NP2-Causality,sie,amb,"Daniela beruhigte Susanne, weil sie in der Nacht hilflos war und den Rat suchte.",Wer beruhigte Susanne? (Daniela / Linda),calmed down,AgP,6.0,0.0,0.27,-79,professionell,30.71,13.0,beruhigte,1.31,9.0,31.25,"Daniela beruhigte Susanne,
weil_sie in der Nacht hilflos_war und den_Rat suchte.",Wer beruhigte Susanne?,Daniela,Linda,sie,sie,F,2,NP2,Daniela,left,F,F,False,female,female,both_female,NP2-Causality
nonamb,8,8,NP2,NP2-Causality,er,er,"Daniela beruhigte Alexander, weil er in der Nacht hilflos war und den Rat suchte.",Wer beruhigte Alexander? (Daniela / Petra),calmed down,AgP,6.0,0.0,0.27,-79,professionell,30.71,13.0,beruhigte,1.31,9.0,31.25,"Daniela beruhigte Alexander,
weil_er in der Nacht hilflos_war und den_Rat suchte.",Wer beruhigte Alexander?,Daniela,Petra,sie,sie,F,2,NP2,Daniela,left,F,F,False,female,male,swapped,NP2-Causality
nonamb,1,9,neutral,NP1-Causality,er,er,"Andreas beschuldigte Johanna, weil er seit einiger Zeit streng war und keine Ausreden akzeptierte.",Wer beschuldigte Johanna? (Andreas / Jürgen),accused,AgEvo,7.0,90.0,-2.0,2,unbestechlich,0.88,13.0,beschuldigte,2.97,6.0,43.75,"Andreas beschuldigte Johanna,
weil_er seit einiger Zeit streng_war und keine_Ausreden akzeptierte.",Wer beschuldigte Johanna?,Andreas,Jürgen,er,er,F,2,NP1,Andreas,left,F,F,False,male,female,original,NP1-Causality
nonamb,2,9,neutral,NP1-Causality,er,amb,"Andreas beschuldigte Thomas, weil er seit einiger Zeit streng war und keine Ausreden akzeptierte.",Wer beschuldigte Thomas? (Andreas / Sebastian),accused,AgEvo,7.0,90.0,-2.0,2,unbestechlich,0.88,13.0,beschuldigte,2.97,6.0,43.75,"Andreas beschuldigte Thomas,
weil_er seit einiger Zeit streng_war und keine_Ausreden akzeptierte.",Wer beschuldigte Thomas?,Andreas,Sebastian,er,er,F,2,NP1,Andreas,left,F,F,False,male,male,both_male,NP1-Causality
nonamb,3,9,neutral,NP1-Causality,sie,amb,"Lisa beschuldigte Johanna, weil sie seit einiger Zeit streng war und keine Ausreden akzeptierte.",Wer beschuldigte Johanna? (Lisa / Anna),accused,AgEvo,7.0,90.0,-2.0,2,unbestechlich,0.88,13.0,beschuldigte,2.97,6.0,43.75,"Lisa beschuldigte Johanna,
weil_sie seit einiger Zeit streng_war und keine_Ausreden akzeptierte.",Wer beschuldigte Johanna?,Lisa,Anna,sie,sie,F,2,NP1,Lisa,left,F,F,False,female,female,both_female,NP1-Causality
nonamb,4,9,neutral,NP1-Causality,sie,sie,"Lisa beschuldigte Thomas, weil sie seit einiger Zeit streng war und keine Ausreden akzeptierte.",Wer beschuldigte Thomas? (Lisa / Sabine),accused,AgEvo,7.0,90.0,-2.0,2,unbestechlich,0.88,13.0,beschuldigte,2.97,6.0,43.75,"Lisa beschuldigte Thomas,
weil_sie seit einiger Zeit streng_war und keine_Ausreden akzeptierte.",Wer beschuldigte Thomas?,Lisa,Sabine,sie,sie,F,2,NP1,Lisa,left,F,F,False,female,male,swapped,NP1-Causality
nonamb,5,9,neutral,NP2-Causality,sie,sie,"Andreas beschuldigte Johanna, weil sie seit einiger Zeit kriminell war und die Sachen stahl.",Wer beschuldigte Johanna? (Andreas / Philipp),accused,AgEvo,7.0,90.0,-2.0,2,kriminell,11.35,9.0,beschuldigte,2.97,6.0,43.75,"Andreas beschuldigte Johanna,
weil_sie seit einiger Zeit kriminell_war und die_Sachen stahl.",Wer beschuldigte Johanna?,Andreas,Philipp,er,er,F,2,NP2,Andreas,left,F,F,False,male,female,original,NP2-Causality
nonamb,6,9,neutral,NP2-Causality,er,amb,"Andreas beschuldigte Thomas, weil er seit einiger Zeit kriminell war und die Sachen stahl.",Wer beschuldigte Thomas? (Andreas / Karl),accused,AgEvo,7.0,90.0,-2.0,2,kriminell,11.35,9.0,beschuldigte,2.97,6.0,43.75,"Andreas beschuldigte Thomas,
weil_er seit einiger Zeit kriminell_war und die_Sachen stahl.",Wer beschuldigte Thomas?,Andreas,Karl,er,er,F,2,NP2,Andreas,left,F,F,False,male,male,both_male,NP2-Causality
nonamb,7,9,neutral,NP2-Causality,sie,amb,"Lisa beschuldigte Johanna, weil sie seit einiger Zeit kriminell war und die Sachen stahl.",Wer beschuldigte Johanna? (Lisa / Jana),accused,AgEvo,7.0,90.0,-2.0,2,kriminell,11.35,9.0,beschuldigte,2.97,6.0,43.75,"Lisa beschuldigte Johanna,
weil_sie seit einiger Zeit kriminell_war und die_Sachen stahl.",Wer beschuldigte Johanna?,Lisa,Jana,sie,sie,F,2,NP2,Lisa,left,F,F,False,female,female,both_female,NP2-Causality
nonamb,8,9,neutral,NP2-Causality,er,er,"Lisa beschuldigte Thomas, weil er seit einiger Zeit kriminell war und die Sachen stahl.",Wer beschuldigte Thomas? (Lisa / Katharina),accused,AgEvo,7.0,90.0,-2.0,2,kriminell,11.35,9.0,beschuldigte,2.97,6.0,43.75,"Lisa beschuldigte Thomas,
weil_er seit einiger Zeit kriminell_war und die_Sachen stahl.",Wer beschuldigte Thomas?,Lisa,Katharina,sie,sie,F,2,NP2,Lisa,left,F,F,False,female,male,swapped,NP2-Causality
nonamb,1,10,neutral,NP1-Causality,er,er,"Christian mied Anna, weil er am späten Abend überfordert war und jede Diskussion vermied.",Wer war am späten Abend überfordert? (Christian / Anna),avoided,AgP,7.0,68.0,-1.09,14,überfordert,10.07,11.0,mied,0.3,4.0,43.75,"Christian mied Anna,
weil_er am späten Abend überfordert_war und jede_Diskussion vermied.",Wer war am späten Abend überfordert?,Christian,Anna,er,sie,F,1,NP1,Christian,left,F,F,False,male,female,original,NP1-Causality
nonamb,2,10,neutral,NP1-Causality,er,amb,"Christian mied Matthias, weil er am späten Abend überfordert war und jede Diskussion vermied.",Wer war am späten Abend überfordert? (Christian / Matthias),avoided,AgP,7.0,68.0,-1.09,14,überfordert,10.07,11.0,mied,0.3,4.0,43.75,"Christian mied Matthias,
weil_er am späten Abend überfordert_war und jede_Diskussion vermied.",Wer war am späten Abend überfordert?,Christian,Matthias,er,er,FJ,1,NP1,Christian,left,F,FJ,True,male,male,both_male,NP1-Causality
nonamb,3,10,neutral,NP1-Causality,sie,amb,"Laura mied Anna, weil sie am späten Abend überfordert war und jede Diskussion vermied.",Wer war am späten Abend überfordert? (Laura / Anna),avoided,AgP,7.0,68.0,-1.09,14,überfordert,10.07,11.0,mied,0.3,4.0,43.75,"Laura mied Anna,
weil_sie am späten Abend überfordert_war und jede_Diskussion vermied.",Wer war am späten Abend überfordert?,Laura,Anna,sie,sie,FJ,1,NP1,Laura,left,F,FJ,True,female,female,both_female,NP1-Causality
nonamb,4,10,neutral,NP1-Causality,sie,sie,"Laura mied Matthias, weil sie am späten Abend überfordert war und jede Diskussion vermied.",Wer war am späten Abend überfordert? (Laura / Matthias),avoided,AgP,7.0,68.0,-1.09,14,überfordert,10.07,11.0,mied,0.3,4.0,43.75,"Laura mied Matthias,
weil_sie am späten Abend überfordert_war und jede_Diskussion vermied.",Wer war am späten Abend überfordert?,Laura,Matthias,sie,er,F,1,NP1,Laura,left,F,F,False,female,male,swapped,NP1-Causality
nonamb,5,10,neutral,NP2-Causality,sie,sie,"Christian mied Anna, weil sie am späten Abend unfreundlich war und die Tür verschloss.",Wer war am späten Abend unfreundlich? (Christian / Anna),avoided,AgP,7.0,68.0,-1.09,14,anspruchsvoll,15.15,13.0,mied,0.3,4.0,43.75,"Christian mied Anna,
weil_sie am späten Abend unfreundlich_war und die_Tür verschloss.",Wer war am späten Abend unfreundlich?,Christian,Anna,er,sie,J,1,NP2,Anna,right,J,J,False,male,female,original,NP2-Causality
nonamb,6,10,neutral,NP2-Causality,er,amb,"Christian mied Matthias, weil er am späten Abend unfreundlich war und die Tür verschloss.",Wer war am späten Abend unfreundlich? (Christian / Matthias),avoided,AgP,7.0,68.0,-1.09,14,anspruchsvoll,15.15,13.0,mied,0.3,4.0,43.75,"Christian mied Matthias,
weil_er am späten Abend unfreundlich_war und die_Tür verschloss.",Wer war am späten Abend unfreundlich?,Christian,Matthias,er,er,FJ,1,NP2,Matthias,right,J,FJ,True,male,male,both_male,NP2-Causality
nonamb,7,10,neutral,NP2-Causality,sie,amb,"Laura mied Anna, weil sie am späten Abend unfreundlich war und die Tür verschloss.",Wer war am späten Abend unfreundlich? (Laura / Anna),avoided,AgP,7.0,68.0,-1.09,14,anspruchsvoll,15.15,13.0,mied,0.3,4.0,43.75,"Laura mied Anna,
weil_sie am späten Abend unfreundlich_war und die_Tür verschloss.",Wer war am späten Abend unfreundlich?,Laura,Anna,sie,sie,FJ,1,NP2,Anna,right,J,FJ,True,female,female,both_female,NP2-Causality
nonamb,8,10,neutral,NP2-Causality,er,er,"Laura mied Matthias, weil er am späten Abend unfreundlich war und die Tür verschloss.",Wer war am späten Abend unfreundlich? (Laura / Matthias),avoided,AgP,7.0,68.0,-1.09,14,anspruchsvoll,15.15,13.0,mied,0.3,4.0,43.75,"Laura mied Matthias,
weil_er am späten Abend unfreundlich_war und die_Tür verschloss.",Wer war am späten Abend unfreundlich?,Laura,Matthias,sie,er,J,1,NP2,Matthias,right,J,J,False,female,male,swapped,NP2-Causality
nonamb,1,11,neutral,NP1-Causality,er,er,"Uwe beleidigte Nicole, weil er am frühen Abend müde war und keine Geduld hatte.",Was tat Uwe? (beleidigte Nicole / schätzte Lena),affronted,StimExp,9.0,30.0,-1.0,12,empört,5.68,6.0,beleidigte,0.73,10.0,75.0,"Uwe beleidigte Nicole,
weil_er am frühen Abend müde_war und keine_Geduld hatte.",Was tat Uwe?,beleidigte Nicole,schätzte Lena,,,F,4,NP1,beleidigte Nicole,left,F,F,False,male,female,original,NP1-Causality
nonamb,2,11,neutral,NP1-Causality,er,amb,"Uwe beleidigte Klaus, weil er am frühen Abend müde war und keine Geduld hatte.",Was tat Uwe? (beleidigte Klaus / schlug Alexander),affronted,StimExp,9.0,30.0,-1.0,12,empört,5.68,6.0,beleidigte,0.73,10.0,75.0,"Uwe beleidigte Klaus,
weil_er am frühen Abend müde_war und keine_Geduld hatte.",Was tat Uwe?,beleidigte Klaus,schlug Alexander,,,F,4,NP1,beleidigte Klaus,left,F,F,False,male,male,both_male,NP1-Causality
nonamb,3,11,neutral,NP1-Causality,sie,amb,"Sarah beleidigte Nicole, weil sie am frühen Abend müde war und keine Geduld hatte.",Was tat Sarah? (beleidigte Nicole / versorgte Nina),affronted,StimExp,9.0,30.0,-1.0,12,empört,5.68,6.0,beleidigte,0.73,10.0,75.0,"Sarah beleidigte Nicole,
weil_sie am frühen Abend müde_war und keine_Geduld hatte.",Was tat Sarah?,beleidigte Nicole,versorgte Nina,,,F,4,NP1,beleidigte Nicole,left,F,F,False,female,female,both_female,NP1-Causality
nonamb,4,11,neutral,NP1-Causality,sie,sie,"Sarah beleidigte Klaus, weil sie am frühen Abend müde war und keine Geduld hatte.",Was tat Sarah? (beleidigte Klaus / faszinierte Martina),affronted,StimExp,9.0,30.0,-1.0,12,empört,5.68,6.0,beleidigte,0.73,10.0,75.0,"Sarah beleidigte Klaus,
weil_sie am frühen Abend müde_war und keine_Geduld hatte.",Was tat Sarah?,beleidigte Klaus,faszinierte Martina,,,F,4,NP1,beleidigte Klaus,left,F,F,False,female,male,swapped,NP1-Causality
nonamb,5,11,neutral,NP2-Causality,sie,sie,"Uwe beleidigte Nicole, weil sie am frühen Abend nervig war und den Streit anfing.",Was tat Uwe? (beleidigte Nicole / elektrisierte Christian),affronted,StimExp,9.0,30.0,-1.0,12,penetrant,1.56,9.0,beleidigte,0.73,10.0,75.0,"Uwe beleidigte Nicole,
weil_sie am frühen Abend nervig_war und den_Streit anfing.",Was tat Uwe?,beleidigte Nicole,elektrisierte Christian,,,F,4,NP2,beleidigte Nicole,left,F,F,False,male,female,original,NP2-Causality
nonamb,6,11,neutral,NP2-Causality,er,amb,"Uwe beleidigte Klaus, weil er am frühen Abend nervig war und den Streit anfing.",Was tat Uwe? (beleidigte Klaus / belohnte Klaus),affronted,StimExp,9.0,30.0,-1.0,12,penetrant,1.56,9.0,beleidigte,0.73,10.0,75.0,"Uwe beleidigte Klaus,
weil_er am frühen Abend nervig_war und den_Streit anfing.",Was tat Uwe?,beleidigte Klaus,belohnte Klaus,,,F,4,NP2,beleidigte Klaus,left,F,F,False,male,male,both_male,NP2-Causality
nonamb,7,11,neutral,NP2-Causality,sie,amb,"Sarah beleidigte Nicole, weil sie am frühen Abend nervig war und den Streit anfing.",Was tat Sarah? (beleidigte Nicole / führte Lena),affronted,StimExp,9.0,30.0,-1.0,12,penetrant,1.56,9.0,beleidigte,0.73,10.0,75.0,"Sarah beleidigte Nicole,
weil_sie am frühen Abend nervig_war und den_Streit anfing.",Was tat Sarah?,beleidigte Nicole,führte Lena,,,F,4,NP2,beleidigte Nicole,left,F,F,False,female,female,both_female,NP2-Causality
nonamb,8,11,neutral,NP2-Causality,er,er,"Sarah beleidigte Klaus, weil er am frühen Abend nervig war und den Streit anfing.",Was tat Sarah? (beleidigte Klaus / traf Wolfgang),affronted,StimExp,9.0,30.0,-1.0,12,penetrant,1.56,9.0,beleidigte,0.73,10.0,75.0,"Sarah beleidigte Klaus,
weil_er am frühen Abend nervig_war und den_Streit anfing.",Was tat Sarah?,beleidigte Klaus,traf Wolfgang,,,F,4,NP2,beleidigte Klaus,left,F,F,False,female,male,swapped,NP2-Causality
nonamb,1,12,neutral,NP1-Causality,er,er,"Hans beichtete Lena, weil er seit langer Zeit schuldbewusst war und eine Last trug.",Was trug er? (eine Last / ein Signal),confided in,AgP,8.0,0.0,1.91,5,verzweifelt,16.17,11.0,beichtete,7.55,11.0,50.0,"Hans beichtete Lena,
weil_er seit langer Zeit schuldbewusst_war und eine_Last trug.",Was trug er?,eine Last,ein Signal,,,F,6,NP1,eine Last,left,F,F,False,male,female,original,NP1-Causality
nonamb,2,12,neutral,NP1-Causality,er,amb,"Hans beichtete Wolfgang, weil er seit langer Zeit schuldbewusst war und eine Last trug.",Was trug er? (eine Last / ein Signal),confided in,AgP,8.0,0.0,1.91,5,verzweifelt,16.17,11.0,beichtete,7.55,11.0,50.0,"Hans beichtete Wolfgang,
weil_er seit langer Zeit schuldbewusst_war und eine_Last trug.",Was trug er?,eine Last,ein Signal,,,F,6,NP1,eine Last,left,F,F,False,male,male,both_male,NP1-Causality
nonamb,3,12,neutral,NP1-Causality,sie,amb,"Monika beichtete Lena, weil sie seit langer Zeit schuldbewusst war und eine Last trug.",Was trug sie? (eine Last / ein Signal),confided in,AgP,8.0,0.0,1.91,5,verzweifelt,16.17,11.0,beichtete,7.55,11.0,50.0,"Monika beichtete Lena,
weil_sie seit langer Zeit schuldbewusst_war und eine_Last trug.",Was trug sie?,eine Last,ein Signal,,,F,6,NP1,eine Last,left,F,F,False,female,female,both_female,NP1-Causality
nonamb,4,12,neutral,NP1-Causality,sie,sie,"Monika beichtete Wolfgang, weil sie seit langer Zeit schuldbewusst war und eine Last trug.",Was trug sie? (eine Last / ein Signal),confided in,AgP,8.0,0.0,1.91,5,verzweifelt,16.17,11.0,beichtete,7.55,11.0,50.0,"Monika beichtete Wolfgang,
weil_sie seit langer Zeit schuldbewusst_war und eine_Last trug.",Was trug sie?,eine Last,ein Signal,,,F,6,NP1,eine Last,left,F,F,False,female,male,swapped,NP1-Causality
nonamb,5,12,neutral,NP2-Causality,sie,sie,"Hans beichtete Lena, weil sie seit langer Zeit verlässlich war und jedes Geheimnis hütete.",Was hütete sie? (jedes Geheimnis / ein Signal),confided in,AgP,8.0,0.0,1.91,5,verschwiegen,5.11,12.0,beichtete,7.55,11.0,50.0,"Hans beichtete Lena,
weil_sie seit langer Zeit verlässlich_war und jedes_Geheimnis hütete.",Was hütete sie?,jedes Geheimnis,ein Signal,,,F,6,NP2,jedes Geheimnis,left,F,F,False,male,female,original,NP2-Causality
nonamb,6,12,neutral,NP2-Causality,er,amb,"Hans beichtete Wolfgang, weil er seit langer Zeit verlässlich war und jedes Geheimnis hütete.",Was hütete er? (jedes Geheimnis / ein Signal),confided in,AgP,8.0,0.0,1.91,5,verschwiegen,5.11,12.0,beichtete,7.55,11.0,50.0,"Hans beichtete Wolfgang,
weil_er seit langer Zeit verlässlich_war und jedes_Geheimnis hütete.",Was hütete er?,jedes Geheimnis,ein Signal,,,F,6,NP2,jedes Geheimnis,left,F,F,False,male,male,both_male,NP2-Causality
nonamb,7,12,neutral,NP2-Causality,sie,amb,"Monika beichtete Lena, weil sie seit langer Zeit verlässlich war und jedes Geheimnis hütete.",Was hütete sie? (jedes Geheimnis / ein Signal),confided in,AgP,8.0,0.0,1.91,5,verschwiegen,5.11,12.0,beichtete,7.55,11.0,50.0,"Monika beichtete Lena,
weil_sie seit langer Zeit verlässlich_war und jedes_Geheimnis hütete.",Was hütete sie?,jedes Geheimnis,ein Signal,,,F,6,NP2,jedes Geheimnis,left,F,F,False,female,female,both_female,NP2-Causality
nonamb,8,12,neutral,NP2-Causality,er,er,"Monika beichtete Wolfgang, weil er seit langer Zeit verlässlich war und jedes Geheimnis hütete.",Was hütete er? (jedes Geheimnis / ein Signal),confided in,AgP,8.0,0.0,1.91,5,verschwiegen,5.11,12.0,beichtete,7.55,11.0,50.0,"Monika beichtete Wolfgang,
weil_er seit langer Zeit verlässlich_war und jedes_Geheimnis hütete.",Was hütete er?,jedes Geheimnis,ein Signal,,,F,6,NP2,jedes Geheimnis,left,F,F,False,female,male,swapped,NP2-Causality
nonamb,1,13,NP1,NP1-Causality,er,er,"Karl langweilte Jana, weil er an diesem Abend eintönig war und den Vortrag wiederholte.",Was tat Karl? (langweilte Jana / mochte Andreas),bored,StimExp,5.0,19.0,-1.64,73,eintönig,2.38,8.0,langweilte,0.29,10.0,75.0,"Karl langweilte Jana,
weil_er an diesem Abend eintönig_war und den_Vortrag wiederholte.",Was tat Karl?,langweilte Jana,mochte Andreas,,,F,4,NP1,langweilte Jana,left,F,F,False,male,female,original,NP1-Causality
nonamb,2,13,NP1,NP1-Causality,er,amb,"Karl langweilte Christian, weil er an diesem Abend eintönig war und den Vortrag wiederholte.",Was tat Karl? (langweilte Christian / verstimmte Klaus),bored,StimExp,5.0,19.0,-1.64,73,eintönig,2.38,8.0,langweilte,0.29,10.0,75.0,"Karl langweilte Christian,
weil_er an diesem Abend eintönig_war und den_Vortrag wiederholte.",Was tat Karl?,langweilte Christian,verstimmte Klaus,,,F,4,NP1,langweilte Christian,left,F,F,False,male,male,both_male,NP1-Causality
nonamb,3,13,NP1,NP1-Causality,sie,amb,"Nina langweilte Jana, weil sie an diesem Abend eintönig war und den Vortrag wiederholte.",Was tat Nina? (langweilte Jana / imitierte Sarah),bored,StimExp,5.0,19.0,-1.64,73,eintönig,2.38,8.0,langweilte,0.29,10.0,75.0,"Nina langweilte Jana,
weil_sie an diesem Abend eintönig_war und den_Vortrag wiederholte.",Was tat Nina?,langweilte Jana,imitierte Sarah,,,F,4,NP1,langweilte Jana,left,F,F,False,female,female,both_female,NP1-Causality
nonamb,4,13,NP1,NP1-Causality,sie,sie,"Nina langweilte Christian, weil sie an diesem Abend eintönig war und den Vortrag wiederholte.",Was tat Nina? (langweilte Christian / überwältigte Martin),bored,StimExp,5.0,19.0,-1.64,73,eintönig,2.38,8.0,langweilte,0.29,10.0,75.0,"Nina langweilte Christian,
weil_sie an diesem Abend eintönig_war und den_Vortrag wiederholte.",Was tat Nina?,langweilte Christian,überwältigte Martin,,,F,4,NP1,langweilte Christian,left,F,F,False,female,male,swapped,NP1-Causality
nonamb,5,13,NP1,NP2-Causality,sie,sie,"Karl langweilte Jana, weil sie an diesem Abend ungeduldig war und das Interesse verlor.",Was tat Karl? (langweilte Jana / missbilligte Anna),bored,StimExp,5.0,19.0,-1.64,73,skeptisch,10.79,9.0,langweilte,0.29,10.0,75.0,"Karl langweilte Jana,
weil_sie an diesem Abend ungeduldig_war und das_Interesse verlor.",Was tat Karl?,langweilte Jana,missbilligte Anna,,,F,4,NP2,langweilte Jana,left,F,F,False,male,female,original,NP2-Causality
nonamb,6,13,NP1,NP2-Causality,er,amb,"Karl langweilte Christian, weil er an diesem Abend ungeduldig war und das Interesse verlor.",Was tat Karl? (langweilte Christian / korrigierte Lena),bored,StimExp,5.0,19.0,-1.64,73,skeptisch,10.79,9.0,langweilte,0.29,10.0,75.0,"Karl langweilte Christian,
weil_er an diesem Abend ungeduldig_war und das_Interesse verlor.",Was tat Karl?,langweilte Christian,korrigierte Lena,,,F,4,NP2,langweilte Christian,left,F,F,False,male,male,both_male,NP2-Causality
nonamb,7,13,NP1,NP2-Causality,sie,amb,"Nina langweilte Jana, weil sie an diesem Abend ungeduldig war und das Interesse verlor.",Was tat Nina? (langweilte Jana / liebte Tobias),bored,StimExp,5.0,19.0,-1.64,73,skeptisch,10.79,9.0,langweilte,0.29,10.0,75.0,"Nina langweilte Jana,
weil_sie an diesem Abend ungeduldig_war und das_Interesse verlor.",Was tat Nina?,langweilte Jana,liebte Tobias,,,F,4,NP2,langweilte Jana,left,F,F,False,female,female,both_female,NP2-Causality
nonamb,8,13,NP1,NP2-Causality,er,er,"Nina langweilte Christian, weil er an diesem Abend ungeduldig war und das Interesse verlor.",Was tat Nina? (langweilte Christian / ärgerte Stefan),bored,StimExp,5.0,19.0,-1.64,73,skeptisch,10.79,9.0,langweilte,0.29,10.0,75.0,"Nina langweilte Christian,
weil_er an diesem Abend ungeduldig_war und das_Interesse verlor.",Was tat Nina?,langweilte Christian,ärgerte Stefan,,,F,4,NP2,langweilte Christian,left,F,F,False,female,male,swapped,NP2-Causality
nonamb,1,14,NP1,NP1-Causality,er,er,"Alexander benachrichtigte Laura, weil er zu dem Zeitpunkt achtsam war und den Vorfall meldete.",Was meldete er? (den Vorfall / den Vortrag),called,AgP,6.0,15.0,0.45,82,eine Idee,5.66,8.0,benachrichtigte,31.09,4.0,68.75,"Alexander benachrichtigte Laura,
weil_er zu dem Zeitpunkt achtsam_war und den_Vorfall meldete.",Was meldete er?,den Vorfall,den Vortrag,,,F,6,NP1,den Vorfall,left,F,F,False,male,female,original,NP1-Causality
nonamb,2,14,NP1,NP1-Causality,er,amb,"Alexander benachrichtigte Tobias, weil er zu dem Zeitpunkt achtsam war und den Vorfall meldete.",Was meldete er? (den Vorfall / den Vortrag),called,AgP,6.0,15.0,0.45,82,eine Idee,5.66,8.0,benachrichtigte,31.09,4.0,68.75,"Alexander benachrichtigte Tobias,
weil_er zu dem Zeitpunkt achtsam_war und den_Vorfall meldete.",Was meldete er?,den Vorfall,den Vortrag,,,F,6,NP1,den Vorfall,left,F,F,False,male,male,both_male,NP1-Causality
nonamb,3,14,NP1,NP1-Causality,sie,amb,"Katharina benachrichtigte Laura, weil sie zu dem Zeitpunkt achtsam war und den Vorfall meldete.",Was meldete sie? (den Vorfall / den Vortrag),called,AgP,6.0,15.0,0.45,82,eine Idee,5.66,8.0,benachrichtigte,31.09,4.0,68.75,"Katharina benachrichtigte Laura,
weil_sie zu dem Zeitpunkt achtsam_war und den_Vorfall meldete.",Was meldete sie?,den Vorfall,den Vortrag,,,F,6,NP1,den Vorfall,left,F,F,False,female,female,both_female,NP1-Causality
nonamb,4,14,NP1,NP1-Causality,sie,sie,"Katharina benachrichtigte Tobias, weil sie zu dem Zeitpunkt achtsam war und den Vorfall meldete.",Was meldete sie? (den Vorfall / den Vortrag),called,AgP,6.0,15.0,0.45,82,eine Idee,5.66,8.0,benachrichtigte,31.09,4.0,68.75,"Katharina benachrichtigte Tobias,
weil_sie zu dem Zeitpunkt achtsam_war und den_Vorfall meldete.",Was meldete sie?,den Vorfall,den Vortrag,,,F,6,NP1,den Vorfall,left,F,F,False,female,male,swapped,NP1-Causality
nonamb,5,14,NP1,NP2-Causality,sie,sie,"Alexander benachrichtigte Laura, weil sie zu dem Zeitpunkt bedroht war und die Hilfe benötigte.",Was benötigte sie? (die Hilfe / den Vortrag),called,AgP,6.0,15.0,0.45,82,verstummt,1.44,9.0,benachrichtigte,31.09,4.0,68.75,"Alexander benachrichtigte Laura,
weil_sie zu dem Zeitpunkt bedroht_war und die_Hilfe benötigte.",Was benötigte sie?,die Hilfe,den Vortrag,,,F,6,NP2,die Hilfe,left,F,F,False,male,female,original,NP2-Causality
nonamb,6,14,NP1,NP2-Causality,er,amb,"Alexander benachrichtigte Tobias, weil er zu dem Zeitpunkt bedroht war und die Hilfe benötigte.",Was benötigte er? (die Hilfe / den Vortrag),called,AgP,6.0,15.0,0.45,82,verstummt,1.44,9.0,benachrichtigte,31.09,4.0,68.75,"Alexander benachrichtigte Tobias,
weil_er zu dem Zeitpunkt bedroht_war und die_Hilfe benötigte.",Was benötigte er?,die Hilfe,den Vortrag,,,F,6,NP2,die Hilfe,left,F,F,False,male,male,both_male,NP2-Causality
nonamb,7,14,NP1,NP2-Causality,sie,amb,"Katharina benachrichtigte Laura, weil sie zu dem Zeitpunkt bedroht war und die Hilfe benötigte.",Was benötigte sie? (die Hilfe / den Vortrag),called,AgP,6.0,15.0,0.45,82,verstummt,1.44,9.0,benachrichtigte,31.09,4.0,68.75,"Katharina benachrichtigte Laura,
weil_sie zu dem Zeitpunkt bedroht_war und die_Hilfe benötigte.",Was benötigte sie?,die Hilfe,den Vortrag,,,F,6,NP2,die Hilfe,left,F,F,False,female,female,both_female,NP2-Causality
nonamb,8,14,NP1,NP2-Causality,er,er,"Katharina benachrichtigte Tobias, weil er zu dem Zeitpunkt bedroht war und die Hilfe benötigte.",Was benötigte er? (die Hilfe / den Vortrag),called,AgP,6.0,15.0,0.45,82,verstummt,1.44,9.0,benachrichtigte,31.09,4.0,68.75,"Katharina benachrichtigte Tobias,
weil_er zu dem Zeitpunkt bedroht_war und die_Hilfe benötigte.",Was benötigte er?,die Hilfe,den Vortrag,,,F,6,NP2,die Hilfe,left,F,F,False,female,male,swapped,NP2-Causality
nonamb,1,15,NP1,NP1-Causality,er,er,"David nervte Sabine, weil er die ganze Zeit aufgedreht war und den Krach verursachte.",Was verursachte er? (den Krach / jedes Wort),bugged,StimExp,6.0,4.0,-1.0,72,durstig,1.28,7.0,nervte,0.34,6.0,31.25,"David nervte Sabine,
weil_er die ganze Zeit aufgedreht_war und den_Krach verursachte.",Was verursachte er?,den Krach,jedes Wort,,,F,6,NP1,den Krach,left,F,F,False,male,female,original,NP1-Causality
nonamb,2,15,NP1,NP1-Causality,er,amb,"David nervte Wolfgang, weil er die ganze Zeit aufgedreht war und den Krach verursachte.",Was verursachte er? (den Krach / jedes Wort),bugged,StimExp,6.0,4.0,-1.0,72,durstig,1.28,7.0,nervte,0.34,6.0,31.25,"David nervte Wolfgang,
weil_er die ganze Zeit aufgedreht_war und den_Krach verursachte.",Was verursachte er?,den Krach,jedes Wort,,,F,6,NP1,den Krach,left,F,F,False,male,male,both_male,NP1-Causality
nonamb,3,15,NP1,NP1-Causality,sie,amb,"Renate nervte Sabine, weil sie die ganze Zeit aufgedreht war und den Krach verursachte.",Was verursachte sie? (den Krach / jedes Wort),bugged,StimExp,6.0,4.0,-1.0,72,durstig,1.28,7.0,nervte,0.34,6.0,31.25,"Renate nervte Sabine,
weil_sie die ganze Zeit aufgedreht_war und den_Krach verursachte.",Was verursachte sie?,den Krach,jedes Wort,,,F,6,NP1,den Krach,left,F,F,False,female,female,both_female,NP1-Causality
nonamb,4,15,NP1,NP1-Causality,sie,sie,"Renate nervte Wolfgang, weil sie die ganze Zeit aufgedreht war und den Krach verursachte.",Was verursachte sie? (den Krach / jedes Wort),bugged,StimExp,6.0,4.0,-1.0,72,durstig,1.28,7.0,nervte,0.34,6.0,31.25,"Renate nervte Wolfgang,
weil_sie die ganze Zeit aufgedreht_war und den_Krach verursachte.",Was verursachte sie?,den Krach,jedes Wort,,,F,6,NP1,den Krach,left,F,F,False,female,male,swapped,NP1-Causality
nonamb,5,15,NP1,NP2-Causality,sie,sie,"David nervte Sabine, weil sie die ganze Zeit angespannt war und den Raum verließ.",Was verließ sie? (den Raum / jedes Wort),bugged,StimExp,6.0,4.0,-1.0,72,beschäftigt,63.13,11.0,nervte,0.34,6.0,31.25,"David nervte Sabine,
weil_sie die ganze Zeit angespannt_war und den_Raum verließ.",Was verließ sie?,den Raum,jedes Wort,,,F,6,NP2,den Raum,left,F,F,False,male,female,original,NP2-Causality
nonamb,6,15,NP1,NP2-Causality,er,amb,"David nervte Wolfgang, weil er die ganze Zeit angespannt war und den Raum verließ.",Was verließ er? (den Raum / jedes Wort),bugged,StimExp,6.0,4.0,-1.0,72,beschäftigt,63.13,11.0,nervte,0.34,6.0,31.25,"David nervte Wolfgang,
weil_er die ganze Zeit angespannt_war und den_Raum verließ.",Was verließ er?,den Raum,jedes Wort,,,F,6,NP2,den Raum,left,F,F,False,male,male,both_male,NP2-Causality
nonamb,7,15,NP1,NP2-Causality,sie,amb,"Renate nervte Sabine, weil sie die ganze Zeit angespannt war und den Raum verließ.",Was verließ sie? (den Raum / jedes Wort),bugged,StimExp,6.0,4.0,-1.0,72,beschäftigt,63.13,11.0,nervte,0.34,6.0,31.25,"Renate nervte Sabine,
weil_sie die ganze Zeit angespannt_war und den_Raum verließ.",Was verließ sie?,den Raum,jedes Wort,,,F,6,NP2,den Raum,left,F,F,False,female,female,both_female,NP2-Causality
nonamb,8,15,NP1,NP2-Causality,er,er,"Renate nervte Wolfgang, weil er die ganze Zeit angespannt war und den Raum verließ.",Was verließ er? (den Raum / jedes Wort),bugged,StimExp,6.0,4.0,-1.0,72,beschäftigt,63.13,11.0,nervte,0.34,6.0,31.25,"Renate nervte Wolfgang,
weil_er die ganze Zeit angespannt_war und den_Raum verließ.",Was verließ er?,den Raum,jedes Wort,,,F,6,NP2,den Raum,left,F,F,False,female,male,swapped,NP2-Causality
nonamb,1,16,NP1,NP1-Causality,er,er,"Michael bezauberte Claudia, weil er zu jeder Zeit charmant war und die Illusionen erzeugte.",Was tat Michael? (bezauberte Claudia / mochte Susanne),charmed,StimExp,7.0,418.0,2.0,81,hinterlistig,0.68,12.0,bezauberte,0.11,10.0,68.75,"Michael bezauberte Claudia,
weil_er zu jeder Zeit charmant_war und die_Illusionen erzeugte.",Was tat Michael?,bezauberte Claudia,mochte Susanne,,,F,4,NP1,bezauberte Claudia,left,F,F,False,male,female,original,NP1-Causality
nonamb,2,16,NP1,NP1-Causality,er,amb,"Michael bezauberte Paul, weil er zu jeder Zeit charmant war und die Illusionen erzeugte.",Was tat Michael? (bezauberte Paul / bestrafte Laura),charmed,StimExp,7.0,418.0,2.0,81,hinterlistig,0.68,12.0,bezauberte,0.11,10.0,68.75,"Michael bezauberte Paul,
weil_er zu jeder Zeit charmant_war und die_Illusionen erzeugte.",Was tat Michael?,bezauberte Paul,bestrafte Laura,,,F,4,NP1,bezauberte Paul,left,F,F,False,male,male,both_male,NP1-Causality
nonamb,3,16,NP1,NP1-Causality,sie,amb,"Barbara bezauberte Claudia, weil sie zu jeder Zeit charmant war und die Illusionen erzeugte.",Was tat Barbara? (bezauberte Claudia / überholte Sabine),charmed,StimExp,7.0,418.0,2.0,81,hinterlistig,0.68,12.0,bezauberte,0.11,10.0,68.75,"Barbara bezauberte Claudia,
weil_sie zu jeder Zeit charmant_war und die_Illusionen erzeugte.",Was tat Barbara?,bezauberte Claudia,überholte Sabine,,,F,4,NP1,bezauberte Claudia,left,F,F,False,female,female,both_female,NP1-Causality
nonamb,4,16,NP1,NP1-Causality,sie,sie,"Barbara bezauberte Paul, weil sie zu jeder Zeit charmant war und die Illusionen erzeugte.",Was tat Barbara? (bezauberte Paul / provozierte Sabine),charmed,StimExp,7.0,418.0,2.0,81,hinterlistig,0.68,12.0,bezauberte,0.11,10.0,68.75,"Barbara bezauberte Paul,
weil_sie zu jeder Zeit charmant_war und die_Illusionen erzeugte.",Was tat Barbara?,bezauberte Paul,provozierte Sabine,,,F,4,NP1,bezauberte Paul,left,F,F,False,female,male,swapped,NP1-Causality
nonamb,5,16,NP1,NP2-Causality,sie,sie,"Michael bezauberte Claudia, weil sie zu jeder Zeit amüsiert war und die Tricks liebte.",Was tat Michael? (bezauberte Claudia / tötete Lisa),charmed,StimExp,7.0,418.0,2.0,81,arglos,0.81,6.0,bezauberte,0.11,10.0,68.75,"Michael bezauberte Claudia,
weil_sie zu jeder Zeit amüsiert_war und die_Tricks liebte.",Was tat Michael?,bezauberte Claudia,tötete Lisa,,,F,4,NP2,bezauberte Claudia,left,F,F,False,male,female,original,NP2-Causality
nonamb,6,16,NP1,NP2-Causality,er,amb,"Michael bezauberte Paul, weil er zu jeder Zeit amüsiert war und die Tricks liebte.",Was tat Michael? (bezauberte Paul / mochte Andreas),charmed,StimExp,7.0,418.0,2.0,81,arglos,0.81,6.0,bezauberte,0.11,10.0,68.75,"Michael bezauberte Paul,
weil_er zu jeder Zeit amüsiert_war und die_Tricks liebte.",Was tat Michael?,bezauberte Paul,mochte Andreas,,,F,4,NP2,bezauberte Paul,left,F,F,False,male,male,both_male,NP2-Causality
nonamb,7,16,NP1,NP2-Causality,sie,amb,"Barbara bezauberte Claudia, weil sie zu jeder Zeit amüsiert war und die Tricks liebte.",Was tat Barbara? (bezauberte Claudia / belohnte Klaus),charmed,StimExp,7.0,418.0,2.0,81,arglos,0.81,6.0,bezauberte,0.11,10.0,68.75,"Barbara bezauberte Claudia,
weil_sie zu jeder Zeit amüsiert_war und die_Tricks liebte.",Was tat Barbara?,bezauberte Claudia,belohnte Klaus,,,F,4,NP2,bezauberte Claudia,left,F,F,False,female,female,both_female,NP2-Causality
nonamb,8,16,NP1,NP2-Causality,er,er,"Barbara bezauberte Paul, weil er zu jeder Zeit amüsiert war und die Tricks liebte.",Was tat Barbara? (bezauberte Paul / verunglimpfte Sarah),charmed,StimExp,7.0,418.0,2.0,81,arglos,0.81,6.0,bezauberte,0.11,10.0,68.75,"Barbara bezauberte Paul,
weil_er zu jeder Zeit amüsiert_war und die_Tricks liebte.",Was tat Barbara?,bezauberte Paul,verunglimpfte Sarah,,,F,4,NP2,bezauberte Paul,left,F,F,False,female,male,swapped,NP2-Causality
nonamb,1,17,NP2,NP1-Causality,er,er,"Martin tröstete Martina, weil er nach den Erlebnissen einfühlsam war und die Tränen wischte.",Wer war nach den Erlebnissen einfühlsam? (Martin / Martina),consoled,StimExp,8.0,34.0,1.45,-74,mitfühlend,1.08,10.0,tröstete,0.77,8.0,50.0,"Martin tröstete Martina,
weil_er nach den Erlebnissen einfühlsam_war und die_Tränen wischte.",Wer war nach den Erlebnissen einfühlsam?,Martin,Martina,er,sie,F,1,NP1,Martin,left,F,F,False,male,female,original,NP1-Causality
nonamb,2,17,NP2,NP1-Causality,er,amb,"Martin tröstete Thomas, weil er nach den Erlebnissen einfühlsam war und die Tränen wischte.",Wer war nach den Erlebnissen einfühlsam? (Martin / Thomas),consoled,StimExp,8.0,34.0,1.45,-74,mitfühlend,1.08,10.0,tröstete,0.77,8.0,50.0,"Martin tröstete Thomas,
weil_er nach den Erlebnissen einfühlsam_war und die_Tränen wischte.",Wer war nach den Erlebnissen einfühlsam?,Martin,Thomas,er,er,FJ,1,NP1,Martin,left,F,FJ,True,male,male,both_male,NP1-Causality
nonamb,3,17,NP2,NP1-Causality,sie,amb,"Monika tröstete Martina, weil sie nach den Erlebnissen einfühlsam war und die Tränen wischte.",Wer war nach den Erlebnissen einfühlsam? (Monika / Martina),consoled,StimExp,8.0,34.0,1.45,-74,mitfühlend,1.08,10.0,tröstete,0.77,8.0,50.0,"Monika tröstete Martina,
weil_sie nach den Erlebnissen einfühlsam_war und die_Tränen wischte.",Wer war nach den Erlebnissen einfühlsam?,Monika,Martina,sie,sie,FJ,1,NP1,Monika,left,F,FJ,True,female,female,both_female,NP1-Causality
nonamb,4,17,NP2,NP1-Causality,sie,sie,"Monika tröstete Thomas, weil sie nach den Erlebnissen einfühlsam war und die Tränen wischte.",Wer war nach den Erlebnissen einfühlsam? (Monika / Thomas),consoled,StimExp,8.0,34.0,1.45,-74,mitfühlend,1.08,10.0,tröstete,0.77,8.0,50.0,"Monika tröstete Thomas,
weil_sie nach den Erlebnissen einfühlsam_war und die_Tränen wischte.",Wer war nach den Erlebnissen einfühlsam?,Monika,Thomas,sie,er,F,1,NP1,Monika,left,F,F,False,female,male,swapped,NP1-Causality
nonamb,5,17,NP2,NP2-Causality,sie,sie,"Martin tröstete Martina, weil sie nach den Erlebnissen hoffnungslos war und die Freude verlor.",Wer war nach den Erlebnissen hoffnungslos? (Martin / Martina),consoled,StimExp,8.0,34.0,1.45,-74,traumatisiert,1.01,13.0,tröstete,0.77,8.0,50.0,"Martin tröstete Martina,
weil_sie nach den Erlebnissen hoffnungslos_war und die_Freude verlor.",Wer war nach den Erlebnissen hoffnungslos?,Martin,Martina,er,sie,J,1,NP2,Martina,right,J,J,False,male,female,original,NP2-Causality
nonamb,6,17,NP2,NP2-Causality,er,amb,"Martin tröstete Thomas, weil er nach den Erlebnissen hoffnungslos war und die Freude verlor.",Wer war nach den Erlebnissen hoffnungslos? (Martin / Thomas),consoled,StimExp,8.0,34.0,1.45,-74,traumatisiert,1.01,13.0,tröstete,0.77,8.0,50.0,"Martin tröstete Thomas,
weil_er nach den Erlebnissen hoffnungslos_war und die_Freude verlor.",Wer war nach den Erlebnissen hoffnungslos?,Martin,Thomas,er,er,FJ,1,NP2,Thomas,right,J,FJ,True,male,male,both_male,NP2-Causality
nonamb,7,17,NP2,NP2-Causality,sie,amb,"Monika tröstete Martina, weil sie nach den Erlebnissen hoffnungslos war und die Freude verlor.",Wer war nach den Erlebnissen hoffnungslos? (Monika / Martina),consoled,StimExp,8.0,34.0,1.45,-74,traumatisiert,1.01,13.0,tröstete,0.77,8.0,50.0,"Monika tröstete Martina,
weil_sie nach den Erlebnissen hoffnungslos_war und die_Freude verlor.",Wer war nach den Erlebnissen hoffnungslos?,Monika,Martina,sie,sie,FJ,1,NP2,Martina,right,J,FJ,True,female,female,both_female,NP2-Causality
nonamb,8,17,NP2,NP2-Causality,er,er,"Monika tröstete Thomas, weil er nach den Erlebnissen hoffnungslos war und die Freude verlor.",Wer war nach den Erlebnissen hoffnungslos? (Monika / Thomas),consoled,StimExp,8.0,34.0,1.45,-74,traumatisiert,1.01,13.0,tröstete,0.77,8.0,50.0,"Monika tröstete Thomas,
weil_er nach den Erlebnissen hoffnungslos_war und die_Freude verlor.",Wer war nach den Erlebnissen hoffnungslos?,Monika,Thomas,sie,er,J,1,NP2,Thomas,right,J,J,False,female,male,swapped,NP2-Causality
nonamb,1,18,NP2,NP1-Causality,er,er,"Frank verachtete Julia, weil er an dem Abend gekränkt war und das Vertrauen verlor.",Was verlor er? (das Vertrauen / jede Antwort),despised,ExpStim,8.0,23.0,-2.82,-87,vulgär,0.91,6.0,verachtete,0.71,8.0,75.0,"Frank verachtete Julia,
weil_er an dem Abend gekränkt_war und das_Vertrauen verlor.",Was verlor er?,das Vertrauen,jede Antwort,,,F,6,NP1,das Vertrauen,left,F,F,False,male,female,original,NP1-Causality
nonamb,2,18,NP2,NP1-Causality,er,amb,"Frank verachtete Uwe, weil er an dem Abend gekränkt war und das Vertrauen verlor.",Was verlor er? (das Vertrauen / jede Antwort),despised,ExpStim,8.0,23.0,-2.82,-87,vulgär,0.91,6.0,verachtete,0.71,8.0,75.0,"Frank verachtete Uwe,
weil_er an dem Abend gekränkt_war und das_Vertrauen verlor.",Was verlor er?,das Vertrauen,jede Antwort,,,F,6,NP1,das Vertrauen,left,F,F,False,male,male,both_male,NP1-Causality
nonamb,3,18,NP2,NP1-Causality,sie,amb,"Eva verachtete Julia, weil sie an dem Abend gekränkt war und das Vertrauen verlor.",Was verlor sie? (das Vertrauen / jede Antwort),despised,ExpStim,8.0,23.0,-2.82,-87,vulgär,0.91,6.0,verachtete,0.71,8.0,75.0,"Eva verachtete Julia,
weil_sie an dem Abend gekränkt_war und das_Vertrauen verlor.",Was verlor sie?,das Vertrauen,jede Antwort,,,F,6,NP1,das Vertrauen,left,F,F,False,female,female,both_female,NP1-Causality
nonamb,4,18,NP2,NP1-Causality,sie,sie,"Eva verachtete Uwe, weil sie an dem Abend gekränkt war und das Vertrauen verlor.",Was verlor sie? (das Vertrauen / jede Antwort),despised,ExpStim,8.0,23.0,-2.82,-87,vulgär,0.91,6.0,verachtete,0.71,8.0,75.0,"Eva verachtete Uwe,
weil_sie an dem Abend gekränkt_war und das_Vertrauen verlor.",Was verlor sie?,das Vertrauen,jede Antwort,,,F,6,NP1,das Vertrauen,left,F,F,False,female,male,swapped,NP1-Causality
nonamb,5,18,NP2,NP2-Causality,sie,sie,"Frank verachtete Julia, weil sie an dem Abend gemein war und die Kollegen demütigte.",Was demütigte sie? (die Kollegen / jede Antwort),despised,ExpStim,8.0,23.0,-2.82,-87,Anstand,3.01,7.0,verachtete,0.71,8.0,75.0,"Frank verachtete Julia,
weil_sie an dem Abend gemein_war und die_Kollegen demütigte.",Was demütigte sie?,die Kollegen,jede Antwort,,,F,6,NP2,die Kollegen,left,F,F,False,male,female,original,NP2-Causality
nonamb,6,18,NP2,NP2-Causality,er,amb,"Frank verachtete Uwe, weil er an dem Abend gemein war und die Kollegen demütigte.",Was demütigte er? (die Kollegen / jede Antwort),despised,ExpStim,8.0,23.0,-2.82,-87,Anstand,3.01,7.0,verachtete,0.71,8.0,75.0,"Frank verachtete Uwe,
weil_er an dem Abend gemein_war und die_Kollegen demütigte.",Was demütigte er?,die Kollegen,jede Antwort,,,F,6,NP2,die Kollegen,left,F,F,False,male,male,both_male,NP2-Causality
nonamb,7,18,NP2,NP2-Causality,sie,amb,"Eva verachtete Julia, weil sie an dem Abend gemein war und die Kollegen demütigte.",Was demütigte sie? (die Kollegen / jede Antwort),despised,ExpStim,8.0,23.0,-2.82,-87,Anstand,3.01,7.0,verachtete,0.71,8.0,75.0,"Eva verachtete Julia,
weil_sie an dem Abend gemein_war und die_Kollegen demütigte.",Was demütigte sie?,die Kollegen,jede Antwort,,,F,6,NP2,die Kollegen,left,F,F,False,female,female,both_female,NP2-Causality
nonamb,8,18,NP2,NP2-Causality,er,er,"Eva verachtete Uwe, weil er an dem Abend gemein war und die Kollegen demütigte.",Was demütigte er? (die Kollegen / jede Antwort),despised,ExpStim,8.0,23.0,-2.82,-87,Anstand,3.01,7.0,verachtete,0.71,8.0,75.0,"Eva verachtete Uwe,
weil_er an dem Abend gemein_war und die_Kollegen demütigte.",Was demütigte er?,die Kollegen,jede Antwort,,,F,6,NP2,die Kollegen,left,F,F,False,female,male,swapped,NP2-Causality
nonamb,1,19,NP2,NP1-Causality,er,er,"Daniel korrigierte Lena, weil er in der Stunde geschickt war und einen Fehler entdeckte.",Wen korrigierte Daniel? (Lena / Vanessa),corrected,AgP,9.0,37.0,0.91,-74,fachkundig,4.0,10.0,korrigierte,1.04,11.0,68.75,"Daniel korrigierte Lena,
weil_er in der Stunde geschickt_war und einen_Fehler entdeckte.",Wen korrigierte Daniel?,Lena,Vanessa,sie,sie,F,3,NP1,Lena,left,F,F,False,male,female,original,NP1-Causality
nonamb,2,19,NP2,NP1-Causality,er,amb,"Daniel korrigierte Johannes, weil er in der Stunde geschickt war und einen Fehler entdeckte.",Wen korrigierte Daniel? (Johannes / Michael),corrected,AgP,9.0,37.0,0.91,-74,fachkundig,4.0,10.0,korrigierte,1.04,11.0,68.75,"Daniel korrigierte Johannes,
weil_er in der Stunde geschickt_war und einen_Fehler entdeckte.",Wen korrigierte Daniel?,Johannes,Michael,er,er,F,3,NP1,Johannes,left,F,F,False,male,male,both_male,NP1-Causality
nonamb,3,19,NP2,NP1-Causality,sie,amb,"Lisa korrigierte Lena, weil sie in der Stunde geschickt war und einen Fehler entdeckte.",Wen korrigierte Lisa? (Lena / Nina),corrected,AgP,9.0,37.0,0.91,-74,fachkundig,4.0,10.0,korrigierte,1.04,11.0,68.75,"Lisa korrigierte Lena,
weil_sie in der Stunde geschickt_war und einen_Fehler entdeckte.",Wen korrigierte Lisa?,Lena,Nina,sie,sie,F,3,NP1,Lena,left,F,F,False,female,female,both_female,NP1-Causality
nonamb,4,19,NP2,NP1-Causality,sie,sie,"Lisa korrigierte Johannes, weil sie in der Stunde geschickt war und einen Fehler entdeckte.",Wen korrigierte Lisa? (Johannes / Andreas),corrected,AgP,9.0,37.0,0.91,-74,fachkundig,4.0,10.0,korrigierte,1.04,11.0,68.75,"Lisa korrigierte Johannes,
weil_sie in der Stunde geschickt_war und einen_Fehler entdeckte.",Wen korrigierte Lisa?,Johannes,Andreas,er,er,F,3,NP1,Johannes,left,F,F,False,female,male,swapped,NP1-Causality
nonamb,5,19,NP2,NP2-Causality,sie,sie,"Daniel korrigierte Lena, weil sie in der Stunde ungeschickt war und die Fehler produzierte.",Wen korrigierte Daniel? (Lena / Sarah),corrected,AgP,9.0,37.0,0.91,-74,unehrlich,0.77,9.0,korrigierte,1.04,11.0,68.75,"Daniel korrigierte Lena,
weil_sie in der Stunde ungeschickt_war und die_Fehler produzierte.",Wen korrigierte Daniel?,Lena,Sarah,sie,sie,F,3,NP2,Lena,left,F,F,False,male,female,original,NP2-Causality
nonamb,6,19,NP2,NP2-Causality,er,amb,"Daniel korrigierte Johannes, weil er in der Stunde ungeschickt war und die Fehler produzierte.",Wen korrigierte Daniel? (Johannes / Christian),corrected,AgP,9.0,37.0,0.91,-74,unehrlich,0.77,9.0,korrigierte,1.04,11.0,68.75,"Daniel korrigierte Johannes,
weil_er in der Stunde ungeschickt_war und die_Fehler produzierte.",Wen korrigierte Daniel?,Johannes,Christian,er,er,F,3,NP2,Johannes,left,F,F,False,male,male,both_male,NP2-Causality
nonamb,7,19,NP2,NP2-Causality,sie,amb,"Lisa korrigierte Lena, weil sie in der Stunde ungeschickt war und die Fehler produzierte.",Wen korrigierte Lisa? (Lena / Eva),corrected,AgP,9.0,37.0,0.91,-74,unehrlich,0.77,9.0,korrigierte,1.04,11.0,68.75,"Lisa korrigierte Lena,
weil_sie in der Stunde ungeschickt_war und die_Fehler produzierte.",Wen korrigierte Lisa?,Lena,Eva,sie,sie,F,3,NP2,Lena,left,F,F,False,female,female,both_female,NP2-Causality
nonamb,8,19,NP2,NP2-Causality,er,er,"Lisa korrigierte Johannes, weil er in der Stunde ungeschickt war und die Fehler produzierte.",Wen korrigierte Lisa? (Johannes / Sebastian),corrected,AgP,9.0,37.0,0.91,-74,unehrlich,0.77,9.0,korrigierte,1.04,11.0,68.75,"Lisa korrigierte Johannes,
weil_er in der Stunde ungeschickt_war und die_Fehler produzierte.",Wen korrigierte Lisa?,Johannes,Sebastian,er,er,F,3,NP2,Johannes,left,F,F,False,female,male,swapped,NP2-Causality
nonamb,1,20,NP2,NP1-Causality,er,er,"Hans verabscheute Maria, weil er seit vielen Monaten kritisch war und jede Ausrede durchschaute.",Was tat Hans? (verabscheute Maria / langweilte Christian),detested,ExpStim,8.0,10.0,-2.55,-78,friedliebend,0.97,12.0,verabscheute,0.3,12.0,56.25,"Hans verabscheute Maria,
weil_er seit vielen Monaten kritisch_war und jede_Ausrede durchschaute.",Was tat Hans?,verabscheute Maria,langweilte Christian,,,F,4,NP1,verabscheute Maria,left,F,F,False,male,female,original,NP1-Causality
nonamb,2,20,NP2,NP1-Causality,er,amb,"Hans verabscheute Peter, weil er seit vielen Monaten kritisch war und jede Ausrede durchschaute.",Was tat Hans? (verabscheute Peter / erboste Martina),detested,ExpStim,8.0,10.0,-2.55,-78,friedliebend,0.97,12.0,verabscheute,0.3,12.0,56.25,"Hans verabscheute Peter,
weil_er seit vielen Monaten kritisch_war und jede_Ausrede durchschaute.",Was tat Hans?,verabscheute Peter,erboste Martina,,,F,4,NP1,verabscheute Peter,left,F,F,False,male,male,both_male,NP1-Causality
nonamb,3,20,NP2,NP1-Causality,sie,amb,"Daniela verabscheute Maria, weil sie seit vielen Monaten kritisch war und jede Ausrede durchschaute.",Was tat Daniela? (verabscheute Maria / berührte Philipp),detested,ExpStim,8.0,10.0,-2.55,-78,friedliebend,0.97,12.0,verabscheute,0.3,12.0,56.25,"Daniela verabscheute Maria,
weil_sie seit vielen Monaten kritisch_war und jede_Ausrede durchschaute.",Was tat Daniela?,verabscheute Maria,berührte Philipp,,,F,4,NP1,verabscheute Maria,left,F,F,False,female,female,both_female,NP1-Causality
nonamb,4,20,NP2,NP1-Causality,sie,sie,"Daniela verabscheute Peter, weil sie seit vielen Monaten kritisch war und jede Ausrede durchschaute.",Was tat Daniela? (verabscheute Peter / verleumdete Jana),detested,ExpStim,8.0,10.0,-2.55,-78,friedliebend,0.97,12.0,verabscheute,0.3,12.0,56.25,"Daniela verabscheute Peter,
weil_sie seit vielen Monaten kritisch_war und jede_Ausrede durchschaute.",Was tat Daniela?,verabscheute Peter,verleumdete Jana,,,F,4,NP1,verabscheute Peter,left,F,F,False,female,male,swapped,NP1-Causality
nonamb,5,20,NP2,NP2-Causality,sie,sie,"Hans verabscheute Maria, weil sie seit vielen Monaten grausam war und die Menschen verletzte.",Was tat Hans? (verabscheute Maria / respektierte Jonas),detested,ExpStim,8.0,10.0,-2.55,-78,grausam,16.26,7.0,verabscheute,0.3,12.0,56.25,"Hans verabscheute Maria,
weil_sie seit vielen Monaten grausam_war und die_Menschen verletzte.",Was tat Hans?,verabscheute Maria,respektierte Jonas,,,F,4,NP2,verabscheute Maria,left,F,F,False,male,female,original,NP2-Causality
nonamb,6,20,NP2,NP2-Causality,er,amb,"Hans verabscheute Peter, weil er seit vielen Monaten grausam war und die Menschen verletzte.",Was tat Hans? (verabscheute Peter / beschimpfte Klaus),detested,ExpStim,8.0,10.0,-2.55,-78,grausam,16.26,7.0,verabscheute,0.3,12.0,56.25,"Hans verabscheute Peter,
weil_er seit vielen Monaten grausam_war und die_Menschen verletzte.",Was tat Hans?,verabscheute Peter,beschimpfte Klaus,,,F,4,NP2,verabscheute Peter,left,F,F,False,male,male,both_male,NP2-Causality
nonamb,7,20,NP2,NP2-Causality,sie,amb,"Daniela verabscheute Maria, weil sie seit vielen Monaten grausam war und die Menschen verletzte.",Was tat Daniela? (verabscheute Maria / gratulierte Sebastian),detested,ExpStim,8.0,10.0,-2.55,-78,grausam,16.26,7.0,verabscheute,0.3,12.0,56.25,"Daniela verabscheute Maria,
weil_sie seit vielen Monaten grausam_war und die_Menschen verletzte.",Was tat Daniela?,verabscheute Maria,gratulierte Sebastian,,,F,4,NP2,verabscheute Maria,left,F,F,False,female,female,both_female,NP2-Causality
nonamb,8,20,NP2,NP2-Causality,er,er,"Daniela verabscheute Peter, weil er seit vielen Monaten grausam war und die Menschen verletzte.",Was tat Daniela? (verabscheute Peter / enttäuschte Stefan),detested,ExpStim,8.0,10.0,-2.55,-78,grausam,16.26,7.0,verabscheute,0.3,12.0,56.25,"Daniela verabscheute Peter,
weil_er seit vielen Monaten grausam_war und die_Menschen verletzte.",Was tat Daniela?,verabscheute Peter,enttäuschte Stefan,,,F,4,NP2,verabscheute Peter,left,F,F,False,female,male,swapped,NP2-Causality
nonamb,1,21,neutral,NP1-Causality,er,er,"Sebastian missbilligte Anna, weil er seit vielen Jahren enttäuscht war und die Hoffnung verlor.",Seit wann war er enttäuscht? (seit vielen Jahren / bei dem Auftritt),deprecated,AgEvo,10.0,0.0,-1.55,-12,enttäuscht,19.36,10.0,missbilligte,0.07,12.0,62.5,"Sebastian missbilligte Anna,
weil_er seit vielen Jahren enttäuscht_war und die_Hoffnung verlor.",Seit wann war er enttäuscht?,seit vielen Jahren,bei dem Auftritt,,,F,5,NP1,seit vielen Jahren,left,F,F,False,male,female,original,NP1-Causality
nonamb,2,21,neutral,NP1-Causality,er,amb,"Sebastian missbilligte Stefan, weil er seit vielen Jahren enttäuscht war und die Hoffnung verlor.",Seit wann war er enttäuscht? (seit vielen Jahren / bei dem Auftritt),deprecated,AgEvo,10.0,0.0,-1.55,-12,enttäuscht,19.36,10.0,missbilligte,0.07,12.0,62.5,"Sebastian missbilligte Stefan,
weil_er seit vielen Jahren enttäuscht_war und die_Hoffnung verlor.",Seit wann war er enttäuscht?,seit vielen Jahren,bei dem Auftritt,,,F,5,NP1,seit vielen Jahren,left,F,F,False,male,male,both_male,NP1-Causality
nonamb,3,21,neutral,NP1-Causality,sie,amb,"Sarah missbilligte Anna, weil sie seit vielen Jahren enttäuscht war und die Hoffnung verlor.",Seit wann war sie enttäuscht? (seit vielen Jahren / bei dem Auftritt),deprecated,AgEvo,10.0,0.0,-1.55,-12,enttäuscht,19.36,10.0,missbilligte,0.07,12.0,62.5,"Sarah missbilligte Anna,
weil_sie seit vielen Jahren enttäuscht_war und die_Hoffnung verlor.",Seit wann war sie enttäuscht?,seit vielen Jahren,bei dem Auftritt,,,F,5,NP1,seit vielen Jahren,left,F,F,False,female,female,both_female,NP1-Causality
nonamb,4,21,neutral,NP1-Causality,sie,sie,"Sarah missbilligte Stefan, weil sie seit vielen Jahren enttäuscht war und die Hoffnung verlor.",Seit wann war sie enttäuscht? (seit vielen Jahren / bei dem Auftritt),deprecated,AgEvo,10.0,0.0,-1.55,-12,enttäuscht,19.36,10.0,missbilligte,0.07,12.0,62.5,"Sarah missbilligte Stefan,
weil_sie seit vielen Jahren enttäuscht_war und die_Hoffnung verlor.",Seit wann war sie enttäuscht?,seit vielen Jahren,bei dem Auftritt,,,F,5,NP1,seit vielen Jahren,left,F,F,False,female,male,swapped,NP1-Causality
nonamb,5,21,neutral,NP2-Causality,sie,sie,"Sebastian missbilligte Anna, weil sie seit vielen Jahren faul war und die Aufgaben vernachlässigte.",Seit wann war sie faul? (seit vielen Jahren / bei dem Auftritt),deprecated,AgEvo,10.0,0.0,-1.55,-12,untätig,1.83,7.0,missbilligte,0.07,12.0,62.5,"Sebastian missbilligte Anna,
weil_sie seit vielen Jahren faul_war und die_Aufgaben vernachlässigte.",Seit wann war sie faul?,seit vielen Jahren,bei dem Auftritt,,,F,5,NP2,seit vielen Jahren,left,F,F,False,male,female,original,NP2-Causality
nonamb,6,21,neutral,NP2-Causality,er,amb,"Sebastian missbilligte Stefan, weil er seit vielen Jahren faul war und die Aufgaben vernachlässigte.",Seit wann war er faul? (seit vielen Jahren / bei dem Auftritt),deprecated,AgEvo,10.0,0.0,-1.55,-12,untätig,1.83,7.0,missbilligte,0.07,12.0,62.5,"Sebastian missbilligte Stefan,
weil_er seit vielen Jahren faul_war und die_Aufgaben vernachlässigte.",Seit wann war er faul?,seit vielen Jahren,bei dem Auftritt,,,F,5,NP2,seit vielen Jahren,left,F,F,False,male,male,both_male,NP2-Causality
nonamb,7,21,neutral,NP2-Causality,sie,amb,"Sarah missbilligte Anna, weil sie seit vielen Jahren faul war und die Aufgaben vernachlässigte.",Seit wann war sie faul? (seit vielen Jahren / bei dem Auftritt),deprecated,AgEvo,10.0,0.0,-1.55,-12,untätig,1.83,7.0,missbilligte,0.07,12.0,62.5,"Sarah missbilligte Anna,
weil_sie seit vielen Jahren faul_war und die_Aufgaben vernachlässigte.",Seit wann war sie faul?,seit vielen Jahren,bei dem Auftritt,,,F,5,NP2,seit vielen Jahren,left,F,F,False,female,female,both_female,NP2-Causality
nonamb,8,21,neutral,NP2-Causality,er,er,"Sarah missbilligte Stefan, weil er seit vielen Jahren faul war und die Aufgaben vernachlässigte.",Seit wann war er faul? (seit vielen Jahren / bei dem Auftritt),deprecated,AgEvo,10.0,0.0,-1.55,-12,untätig,1.83,7.0,missbilligte,0.07,12.0,62.5,"Sarah missbilligte Stefan,
weil_er seit vielen Jahren faul_war und die_Aufgaben vernachlässigte.",Seit wann war er faul?,seit vielen Jahren,bei dem Auftritt,,,F,5,NP2,seit vielen Jahren,left,F,F,False,female,male,swapped,NP2-Causality
nonamb,1,22,neutral,NP1-Causality,er,er,"Florian dominierte Susanne, weil er schon seit Langem manipulativ war und die Situation ausnutzte.",Wer dominierte Susanne? (Florian / David),dominated,AgP,9.0,337.0,-1.36,3,aufsässig,0.46,9.0,dominierte,2.28,10.0,56.25,"Florian dominierte Susanne,
weil_er schon seit Langem manipulativ_war und die_Situation ausnutzte.",Wer dominierte Susanne?,Florian,David,er,er,F,2,NP1,Florian,left,F,F,False,male,female,original,NP1-Causality
nonamb,2,22,neutral,NP1-Causality,er,amb,"Florian dominierte Matthias, weil er schon seit Langem manipulativ war und die Situation ausnutzte.",Wer dominierte Matthias? (Florian / Daniel),dominated,AgP,9.0,337.0,-1.36,3,aufsässig,0.46,9.0,dominierte,2.28,10.0,56.25,"Florian dominierte Matthias,
weil_er schon seit Langem manipulativ_war und die_Situation ausnutzte.",Wer dominierte Matthias?,Florian,Daniel,er,er,F,2,NP1,Florian,left,F,F,False,male,male,both_male,NP1-Causality
nonamb,3,22,neutral,NP1-Causality,sie,amb,"Linda dominierte Susanne, weil sie schon seit Langem manipulativ war und die Situation ausnutzte.",Wer dominierte Susanne? (Linda / Lisa),dominated,AgP,9.0,337.0,-1.36,3,aufsässig,0.46,9.0,dominierte,2.28,10.0,56.25,"Linda dominierte Susanne,
weil_sie schon seit Langem manipulativ_war und die_Situation ausnutzte.",Wer dominierte Susanne?,Linda,Lisa,sie,sie,F,2,NP1,Linda,left,F,F,False,female,female,both_female,NP1-Causality
nonamb,4,22,neutral,NP1-Causality,sie,sie,"Linda dominierte Matthias, weil sie schon seit Langem manipulativ war und die Situation ausnutzte.",Wer dominierte Matthias? (Linda / Barbara),dominated,AgP,9.0,337.0,-1.36,3,aufsässig,0.46,9.0,dominierte,2.28,10.0,56.25,"Linda dominierte Matthias,
weil_sie schon seit Langem manipulativ_war und die_Situation ausnutzte.",Wer dominierte Matthias?,Linda,Barbara,sie,sie,F,2,NP1,Linda,left,F,F,False,female,male,swapped,NP1-Causality
nonamb,5,22,neutral,NP2-Causality,sie,sie,"Florian dominierte Susanne, weil sie schon seit Langem schüchtern war und die Initiative vermied.",Wer dominierte Susanne? (Florian / Dominik),dominated,AgP,9.0,337.0,-1.36,3,wehrlos,2.62,7.0,dominierte,2.28,10.0,56.25,"Florian dominierte Susanne,
weil_sie schon seit Langem schüchtern_war und die_Initiative vermied.",Wer dominierte Susanne?,Florian,Dominik,er,er,F,2,NP2,Florian,left,F,F,False,male,female,original,NP2-Causality
nonamb,6,22,neutral,NP2-Causality,er,amb,"Florian dominierte Matthias, weil er schon seit Langem schüchtern war und die Initiative vermied.",Wer dominierte Matthias? (Florian / Dominik),dominated,AgP,9.0,337.0,-1.36,3,wehrlos,2.62,7.0,dominierte,2.28,10.0,56.25,"Florian dominierte Matthias,
weil_er schon seit Langem schüchtern_war und die_Initiative vermied.",Wer dominierte Matthias?,Florian,Dominik,er,er,F,2,NP2,Florian,left,F,F,False,male,male,both_male,NP2-Causality
nonamb,7,22,neutral,NP2-Causality,sie,amb,"Linda dominierte Susanne, weil sie schon seit Langem schüchtern war und die Initiative vermied.",Wer dominierte Susanne? (Linda / Nina),dominated,AgP,9.0,337.0,-1.36,3,wehrlos,2.62,7.0,dominierte,2.28,10.0,56.25,"Linda dominierte Susanne,
weil_sie schon seit Langem schüchtern_war und die_Initiative vermied.",Wer dominierte Susanne?,Linda,Nina,sie,sie,F,2,NP2,Linda,left,F,F,False,female,female,both_female,NP2-Causality
nonamb,8,22,neutral,NP2-Causality,er,er,"Linda dominierte Matthias, weil er schon seit Langem schüchtern war und die Initiative vermied.",Wer dominierte Matthias? (Linda / Daniela),dominated,AgP,9.0,337.0,-1.36,3,wehrlos,2.62,7.0,dominierte,2.28,10.0,56.25,"Linda dominierte Matthias,
weil_er schon seit Langem schüchtern_war und die_Initiative vermied.",Wer dominierte Matthias?,Linda,Daniela,sie,sie,F,2,NP2,Linda,left,F,F,False,female,male,swapped,NP2-Causality
nonamb,1,23,neutral,NP1-Causality,er,er,"Andreas diffamierte Birgit, weil er am frühen Morgen neidisch war und die Konkurrenz fürchtete.",Wen diffamierte Andreas? (Birgit / Martina),disparaged,AgEvo,10.0,0.0,-1.45,12,unqualifiziert,1.28,14.0,diffamierte,0.02,9.0,62.5,"Andreas diffamierte Birgit,
weil_er am frühen Morgen neidisch_war und die_Konkurrenz fürchtete.",Wen diffamierte Andreas?,Birgit,Martina,sie,sie,F,3,NP1,Birgit,left,F,F,False,male,female,original,NP1-Causality
nonamb,2,23,neutral,NP1-Causality,er,amb,"Andreas diffamierte Klaus, weil er am frühen Morgen neidisch war und die Konkurrenz fürchtete.",Wen diffamierte Andreas? (Klaus / Peter),disparaged,AgEvo,10.0,0.0,-1.45,12,unqualifiziert,1.28,14.0,diffamierte,0.02,9.0,62.5,"Andreas diffamierte Klaus,
weil_er am frühen Morgen neidisch_war und die_Konkurrenz fürchtete.",Wen diffamierte Andreas?,Klaus,Peter,er,er,F,3,NP1,Klaus,left,F,F,False,male,male,both_male,NP1-Causality
nonamb,3,23,neutral,NP1-Causality,sie,amb,"Nicole diffamierte Birgit, weil sie am frühen Morgen neidisch war und die Konkurrenz fürchtete.",Wen diffamierte Nicole? (Birgit / Sabine),disparaged,AgEvo,10.0,0.0,-1.45,12,unqualifiziert,1.28,14.0,diffamierte,0.02,9.0,62.5,"Nicole diffamierte Birgit,
weil_sie am frühen Morgen neidisch_war und die_Konkurrenz fürchtete.",Wen diffamierte Nicole?,Birgit,Sabine,sie,sie,F,3,NP1,Birgit,left,F,F,False,female,female,both_female,NP1-Causality
nonamb,4,23,neutral,NP1-Causality,sie,sie,"Nicole diffamierte Klaus, weil sie am frühen Morgen neidisch war und die Konkurrenz fürchtete.",Wen diffamierte Nicole? (Klaus / Matthias),disparaged,AgEvo,10.0,0.0,-1.45,12,unqualifiziert,1.28,14.0,diffamierte,0.02,9.0,62.5,"Nicole diffamierte Klaus,
weil_sie am frühen Morgen neidisch_war und die_Konkurrenz fürchtete.",Wen diffamierte Nicole?,Klaus,Matthias,er,er,F,3,NP1,Klaus,left,F,F,False,female,male,swapped,NP1-Causality
nonamb,5,23,neutral,NP2-Causality,sie,sie,"Andreas diffamierte Birgit, weil sie am frühen Morgen arrogant war und jede Kritik ablehnte.",Wen diffamierte Andreas? (Birgit / Jana),disparaged,AgEvo,10.0,0.0,-1.45,12,aufmüpfig,0.64,9.0,diffamierte,0.02,9.0,62.5,"Andreas diffamierte Birgit,
weil_sie am frühen Morgen arrogant_war und jede_Kritik ablehnte.",Wen diffamierte Andreas?,Birgit,Jana,sie,sie,F,3,NP2,Birgit,left,F,F,False,male,female,original,NP2-Causality
nonamb,6,23,neutral,NP2-Causality,er,amb,"Andreas diffamierte Klaus, weil er am frühen Morgen arrogant war und jede Kritik ablehnte.",Wen diffamierte Andreas? (Klaus / Hans),disparaged,AgEvo,10.0,0.0,-1.45,12,aufmüpfig,0.64,9.0,diffamierte,0.02,9.0,62.5,"Andreas diffamierte Klaus,
weil_er am frühen Morgen arrogant_war und jede_Kritik ablehnte.",Wen diffamierte Andreas?,Klaus,Hans,er,er,F,3,NP2,Klaus,left,F,F,False,male,male,both_male,NP2-Causality
nonamb,7,23,neutral,NP2-Causality,sie,amb,"Nicole diffamierte Birgit, weil sie am frühen Morgen arrogant war und jede Kritik ablehnte.",Wen diffamierte Nicole? (Birgit / Nicole),disparaged,AgEvo,10.0,0.0,-1.45,12,aufmüpfig,0.64,9.0,diffamierte,0.02,9.0,62.5,"Nicole diffamierte Birgit,
weil_sie am frühen Morgen arrogant_war und jede_Kritik ablehnte.",Wen diffamierte Nicole?,Birgit,Nicole,sie,sie,F,3,NP2,Birgit,left,F,F,False,female,female,both_female,NP2-Causality
nonamb,8,23,neutral,NP2-Causality,er,er,"Nicole diffamierte Klaus, weil er am frühen Morgen arrogant war und jede Kritik ablehnte.",Wen diffamierte Nicole? (Klaus / Peter),disparaged,AgEvo,10.0,0.0,-1.45,12,aufmüpfig,0.64,9.0,diffamierte,0.02,9.0,62.5,"Nicole diffamierte Klaus,
weil_er am frühen Morgen arrogant_war und jede_Kritik ablehnte.",Wen diffamierte Nicole?,Klaus,Peter,er,er,F,3,NP2,Klaus,left,F,F,False,female,male,swapped,NP2-Causality
nonamb,1,24,neutral,NP1-Causality,er,er,"Jürgen ermutigte Petra, weil er in diesen Tagen optimistisch war und den Fortschritt bemerkte.",Wen ermutigte Jürgen? (Petra / Birgit),encouraged,StimExp,10.0,2.0,2.27,-12,hoffnungsvoll,3.35,13.0,ermutigte,0.93,9.0,75.0,"Jürgen ermutigte Petra,
weil_er in diesen Tagen optimistisch_war und den_Fortschritt bemerkte.",Wen ermutigte Jürgen?,Petra,Birgit,sie,sie,F,3,NP1,Petra,left,F,F,False,male,female,original,NP1-Causality
nonamb,2,24,neutral,NP1-Causality,er,amb,"Jürgen ermutigte Philipp, weil er in diesen Tagen optimistisch war und den Fortschritt bemerkte.",Wen ermutigte Jürgen? (Philipp / Johannes),encouraged,StimExp,10.0,2.0,2.27,-12,hoffnungsvoll,3.35,13.0,ermutigte,0.93,9.0,75.0,"Jürgen ermutigte Philipp,
weil_er in diesen Tagen optimistisch_war und den_Fortschritt bemerkte.",Wen ermutigte Jürgen?,Philipp,Johannes,er,er,F,3,NP1,Philipp,left,F,F,False,male,male,both_male,NP1-Causality
nonamb,3,24,neutral,NP1-Causality,sie,amb,"Johanna ermutigte Petra, weil sie in diesen Tagen optimistisch war und den Fortschritt bemerkte.",Wen ermutigte Johanna? (Petra / Lisa),encouraged,StimExp,10.0,2.0,2.27,-12,hoffnungsvoll,3.35,13.0,ermutigte,0.93,9.0,75.0,"Johanna ermutigte Petra,
weil_sie in diesen Tagen optimistisch_war und den_Fortschritt bemerkte.",Wen ermutigte Johanna?,Petra,Lisa,sie,sie,F,3,NP1,Petra,left,F,F,False,female,female,both_female,NP1-Causality
nonamb,4,24,neutral,NP1-Causality,sie,sie,"Johanna ermutigte Philipp, weil sie in diesen Tagen optimistisch war und den Fortschritt bemerkte.",Wen ermutigte Johanna? (Philipp / Stefan),encouraged,StimExp,10.0,2.0,2.27,-12,hoffnungsvoll,3.35,13.0,ermutigte,0.93,9.0,75.0,"Johanna ermutigte Philipp,
weil_sie in diesen Tagen optimistisch_war und den_Fortschritt bemerkte.",Wen ermutigte Johanna?,Philipp,Stefan,er,er,F,3,NP1,Philipp,left,F,F,False,female,male,swapped,NP1-Causality
nonamb,5,24,neutral,NP2-Causality,sie,sie,"Jürgen ermutigte Petra, weil sie in diesen Tagen unsicher war und die Prüfung fürchtete.",Wen ermutigte Jürgen? (Petra / Laura),encouraged,StimExp,10.0,2.0,2.27,-12,deprimiert,1.23,10.0,ermutigte,0.93,9.0,75.0,"Jürgen ermutigte Petra,
weil_sie in diesen Tagen unsicher_war und die_Prüfung fürchtete.",Wen ermutigte Jürgen?,Petra,Laura,sie,sie,F,3,NP2,Petra,left,F,F,False,male,female,original,NP2-Causality
nonamb,6,24,neutral,NP2-Causality,er,amb,"Jürgen ermutigte Philipp, weil er in diesen Tagen unsicher war und die Prüfung fürchtete.",Wen ermutigte Jürgen? (Philipp / Alexander),encouraged,StimExp,10.0,2.0,2.27,-12,deprimiert,1.23,10.0,ermutigte,0.93,9.0,75.0,"Jürgen ermutigte Philipp,
weil_er in diesen Tagen unsicher_war und die_Prüfung fürchtete.",Wen ermutigte Jürgen?,Philipp,Alexander,er,er,F,3,NP2,Philipp,left,F,F,False,male,male,both_male,NP2-Causality
nonamb,7,24,neutral,NP2-Causality,sie,amb,"Johanna ermutigte Petra, weil sie in diesen Tagen unsicher war und die Prüfung fürchtete.",Wen ermutigte Johanna? (Petra / Lisa),encouraged,StimExp,10.0,2.0,2.27,-12,deprimiert,1.23,10.0,ermutigte,0.93,9.0,75.0,"Johanna ermutigte Petra,
weil_sie in diesen Tagen unsicher_war und die_Prüfung fürchtete.",Wen ermutigte Johanna?,Petra,Lisa,sie,sie,F,3,NP2,Petra,left,F,F,False,female,female,both_female,NP2-Causality
nonamb,8,24,neutral,NP2-Causality,er,er,"Johanna ermutigte Philipp, weil er in diesen Tagen unsicher war und die Prüfung fürchtete.",Wen ermutigte Johanna? (Philipp / Marco),encouraged,StimExp,10.0,2.0,2.27,-12,deprimiert,1.23,10.0,ermutigte,0.93,9.0,75.0,"Johanna ermutigte Philipp,
weil_er in diesen Tagen unsicher_war und die_Prüfung fürchtete.",Wen ermutigte Johanna?,Philipp,Marco,er,er,F,3,NP2,Philipp,left,F,F,False,female,male,swapped,NP2-Causality
nonamb,1,25,NP1,NP1-Causality,er,er,"Peter enttäuschte Daniela, weil er an dem Vormittag unzuverlässig war und die Verabredung vergaß.",Wen enttäuschte Peter? (Daniela / Melanie),disappointed,StimExp,12.0,3.0,-2.0,73,unzuverlässig,1.72,13.0,enttäuschte,0.18,13.0,75.0,"Peter enttäuschte Daniela,
weil_er an dem Vormittag unzuverlässig_war und die_Verabredung vergaß.",Wen enttäuschte Peter?,Daniela,Melanie,sie,sie,F,3,NP1,Daniela,left,F,F,False,male,female,original,NP1-Causality
nonamb,2,25,NP1,NP1-Causality,er,amb,"Peter enttäuschte Stefan, weil er an dem Vormittag unzuverlässig war und die Verabredung vergaß.",Wen enttäuschte Peter? (Stefan / Michael),disappointed,StimExp,12.0,3.0,-2.0,73,unzuverlässig,1.72,13.0,enttäuschte,0.18,13.0,75.0,"Peter enttäuschte Stefan,
weil_er an dem Vormittag unzuverlässig_war und die_Verabredung vergaß.",Wen enttäuschte Peter?,Stefan,Michael,er,er,F,3,NP1,Stefan,left,F,F,False,male,male,both_male,NP1-Causality
nonamb,3,25,NP1,NP1-Causality,sie,amb,"Claudia enttäuschte Daniela, weil sie an dem Vormittag unzuverlässig war und die Verabredung vergaß.",Wen enttäuschte Claudia? (Daniela / Nicole),disappointed,StimExp,12.0,3.0,-2.0,73,unzuverlässig,1.72,13.0,enttäuschte,0.18,13.0,75.0,"Claudia enttäuschte Daniela,
weil_sie an dem Vormittag unzuverlässig_war und die_Verabredung vergaß.",Wen enttäuschte Claudia?,Daniela,Nicole,sie,sie,F,3,NP1,Daniela,left,F,F,False,female,female,both_female,NP1-Causality
nonamb,4,25,NP1,NP1-Causality,sie,sie,"Claudia enttäuschte Stefan, weil sie an dem Vormittag unzuverlässig war und die Verabredung vergaß.",Wen enttäuschte Claudia? (Stefan / Philipp),disappointed,StimExp,12.0,3.0,-2.0,73,unzuverlässig,1.72,13.0,enttäuschte,0.18,13.0,75.0,"Claudia enttäuschte Stefan,
weil_sie an dem Vormittag unzuverlässig_war und die_Verabredung vergaß.",Wen enttäuschte Claudia?,Stefan,Philipp,er,er,F,3,NP1,Stefan,left,F,F,False,female,male,swapped,NP1-Causality
nonamb,5,25,NP1,NP2-Causality,sie,sie,"Peter enttäuschte Daniela, weil sie an dem Vormittag hoffnungsvoll war und das Beste erwartete.",Wen enttäuschte Peter? (Daniela / Birgit),disappointed,StimExp,12.0,3.0,-2.0,73,erwartungsvoll,1.28,14.0,enttäuschte,0.18,13.0,75.0,"Peter enttäuschte Daniela,
weil_sie an dem Vormittag hoffnungsvoll_war und das_Beste erwartete.",Wen enttäuschte Peter?,Daniela,Birgit,sie,sie,F,3,NP2,Daniela,left,F,F,False,male,female,original,NP2-Causality
nonamb,6,25,NP1,NP2-Causality,er,amb,"Peter enttäuschte Stefan, weil er an dem Vormittag hoffnungsvoll war und das Beste erwartete.",Wen enttäuschte Peter? (Stefan / Andreas),disappointed,StimExp,12.0,3.0,-2.0,73,erwartungsvoll,1.28,14.0,enttäuschte,0.18,13.0,75.0,"Peter enttäuschte Stefan,
weil_er an dem Vormittag hoffnungsvoll_war und das_Beste erwartete.",Wen enttäuschte Peter?,Stefan,Andreas,er,er,F,3,NP2,Stefan,left,F,F,False,male,male,both_male,NP2-Causality
nonamb,7,25,NP1,NP2-Causality,sie,amb,"Claudia enttäuschte Daniela, weil sie an dem Vormittag hoffnungsvoll war und das Beste erwartete.",Wen enttäuschte Claudia? (Daniela / Vanessa),disappointed,StimExp,12.0,3.0,-2.0,73,erwartungsvoll,1.28,14.0,enttäuschte,0.18,13.0,75.0,"Claudia enttäuschte Daniela,
weil_sie an dem Vormittag hoffnungsvoll_war und das_Beste erwartete.",Wen enttäuschte Claudia?,Daniela,Vanessa,sie,sie,F,3,NP2,Daniela,left,F,F,False,female,female,both_female,NP2-Causality
nonamb,8,25,NP1,NP2-Causality,er,er,"Claudia enttäuschte Stefan, weil er an dem Vormittag hoffnungsvoll war und das Beste erwartete.",Wen enttäuschte Claudia? (Stefan / Marco),disappointed,StimExp,12.0,3.0,-2.0,73,erwartungsvoll,1.28,14.0,enttäuschte,0.18,13.0,75.0,"Claudia enttäuschte Stefan,
weil_er an dem Vormittag hoffnungsvoll_war und das_Beste erwartete.",Wen enttäuschte Claudia?,Stefan,Marco,er,er,F,3,NP2,Stefan,left,F,F,False,female,male,swapped,NP2-Causality
nonamb,1,26,NP1,NP1-Causality,er,er,"Klaus erzürnte Renate, weil er an dem Tag unverschämt war und die Kollegen provozierte.",Wann war er unverschämt? (an dem Tag / bei dem Auftritt),enraged,StimExp,7.0,25.0,-2.36,70,veräppelt,0.13,9.0,erzürnte,0.21,8.0,68.75,"Klaus erzürnte Renate,
weil_er an dem Tag unverschämt_war und die_Kollegen provozierte.",Wann war er unverschämt?,an dem Tag,bei dem Auftritt,,,F,5,NP1,an dem Tag,left,F,F,False,male,female,original,NP1-Causality
nonamb,2,26,NP1,NP1-Causality,er,amb,"Klaus erzürnte Hans, weil er an dem Tag unverschämt war und die Kollegen provozierte.",Wann war er unverschämt? (an dem Tag / bei dem Auftritt),enraged,StimExp,7.0,25.0,-2.36,70,veräppelt,0.13,9.0,erzürnte,0.21,8.0,68.75,"Klaus erzürnte Hans,
weil_er an dem Tag unverschämt_war und die_Kollegen provozierte.",Wann war er unverschämt?,an dem Tag,bei dem Auftritt,,,F,5,NP1,an dem Tag,left,F,F,False,male,male,both_male,NP1-Causality
nonamb,3,26,NP1,NP1-Causality,sie,amb,"Sabine erzürnte Renate, weil sie an dem Tag unverschämt war und die Kollegen provozierte.",Wann war sie unverschämt? (an dem Tag / bei dem Auftritt),enraged,StimExp,7.0,25.0,-2.36,70,veräppelt,0.13,9.0,erzürnte,0.21,8.0,68.75,"Sabine erzürnte Renate,
weil_sie an dem Tag unverschämt_war und die_Kollegen provozierte.",Wann war sie unverschämt?,an dem Tag,bei dem Auftritt,,,F,5,NP1,an dem Tag,left,F,F,False,female,female,both_female,NP1-Causality
nonamb,4,26,NP1,NP1-Causality,sie,sie,"Sabine erzürnte Hans, weil sie an dem Tag unverschämt war und die Kollegen provozierte.",Wann war sie unverschämt? (an dem Tag / bei dem Auftritt),enraged,StimExp,7.0,25.0,-2.36,70,veräppelt,0.13,9.0,erzürnte,0.21,8.0,68.75,"Sabine erzürnte Hans,
weil_sie an dem Tag unverschämt_war und die_Kollegen provozierte.",Wann war sie unverschämt?,an dem Tag,bei dem Auftritt,,,F,5,NP1,an dem Tag,left,F,F,False,female,male,swapped,NP1-Causality
nonamb,5,26,NP1,NP2-Causality,sie,sie,"Klaus erzürnte Renate, weil sie an dem Tag frustriert war und keine Wertschätzung erfuhr.",Wann war sie frustriert? (an dem Tag / bei dem Auftritt),enraged,StimExp,7.0,25.0,-2.36,70,bestimmend,6.87,10.0,erzürnte,0.21,8.0,68.75,"Klaus erzürnte Renate,
weil_sie an dem Tag frustriert_war und keine_Wertschätzung erfuhr.",Wann war sie frustriert?,an dem Tag,bei dem Auftritt,,,F,5,NP2,an dem Tag,left,F,F,False,male,female,original,NP2-Causality
nonamb,6,26,NP1,NP2-Causality,er,amb,"Klaus erzürnte Hans, weil er an dem Tag frustriert war und keine Wertschätzung erfuhr.",Wann war er frustriert? (an dem Tag / bei dem Auftritt),enraged,StimExp,7.0,25.0,-2.36,70,bestimmend,6.87,10.0,erzürnte,0.21,8.0,68.75,"Klaus erzürnte Hans,
weil_er an dem Tag frustriert_war und keine_Wertschätzung erfuhr.",Wann war er frustriert?,an dem Tag,bei dem Auftritt,,,F,5,NP2,an dem Tag,left,F,F,False,male,male,both_male,NP2-Causality
nonamb,7,26,NP1,NP2-Causality,sie,amb,"Sabine erzürnte Renate, weil sie an dem Tag frustriert war und keine Wertschätzung erfuhr.",Wann war sie frustriert? (an dem Tag / bei dem Auftritt),enraged,StimExp,7.0,25.0,-2.36,70,bestimmend,6.87,10.0,erzürnte,0.21,8.0,68.75,"Sabine erzürnte Renate,
weil_sie an dem Tag frustriert_war und keine_Wertschätzung erfuhr.",Wann war sie frustriert?,an dem Tag,bei dem Auftritt,,,F,5,NP2,an dem Tag,left,F,F,False,female,female,both_female,NP2-Causality
nonamb,8,26,NP1,NP2-Causality,er,er,"Sabine erzürnte Hans, weil er an dem Tag frustriert war und keine Wertschätzung erfuhr.",Wann war er frustriert? (an dem Tag / bei dem Auftritt),enraged,StimExp,7.0,25.0,-2.36,70,bestimmend,6.87,10.0,erzürnte,0.21,8.0,68.75,"Sabine erzürnte Hans,
weil_er an dem Tag frustriert_war und keine_Wertschätzung erfuhr.",Wann war er frustriert?,an dem Tag,bei dem Auftritt,,,F,5,NP2,an dem Tag,left,F,F,False,female,male,swapped,NP2-Causality
nonamb,1,27,NP1,NP1-Causality,er,er,"Andreas imitierte Sarah, weil er in der Nacht ungeübt war und die Choreografie lernte.",Wer imitierte Sarah? (Andreas / Johannes),echoed,AgP,6.0,33.0,0.36,72,höflich,5.82,7.0,imitierte,5.39,9.0,50.0,"Andreas imitierte Sarah,
weil_er in der Nacht ungeübt_war und die_Choreografie lernte.",Wer imitierte Sarah?,Andreas,Johannes,er,er,F,2,NP1,Andreas,left,F,F,False,male,female,original,NP1-Causality
nonamb,2,27,NP1,NP1-Causality,er,amb,"Andreas imitierte Jürgen, weil er in der Nacht ungeübt war und die Choreografie lernte.",Wer imitierte Jürgen? (Andreas / Uwe),echoed,AgP,6.0,33.0,0.36,72,höflich,5.82,7.0,imitierte,5.39,9.0,50.0,"Andreas imitierte Jürgen,
weil_er in der Nacht ungeübt_war und die_Choreografie lernte.",Wer imitierte Jürgen?,Andreas,Uwe,er,er,F,2,NP1,Andreas,left,F,F,False,male,male,both_male,NP1-Causality
nonamb,3,27,NP1,NP1-Causality,sie,amb,"Lisa imitierte Sarah, weil sie in der Nacht ungeübt war und die Choreografie lernte.",Wer imitierte Sarah? (Lisa / Johanna),echoed,AgP,6.0,33.0,0.36,72,höflich,5.82,7.0,imitierte,5.39,9.0,50.0,"Lisa imitierte Sarah,
weil_sie in der Nacht ungeübt_war und die_Choreografie lernte.",Wer imitierte Sarah?,Lisa,Johanna,sie,sie,F,2,NP1,Lisa,left,F,F,False,female,female,both_female,NP1-Causality
nonamb,4,27,NP1,NP1-Causality,sie,sie,"Lisa imitierte Jürgen, weil sie in der Nacht ungeübt war und die Choreografie lernte.",Wer imitierte Jürgen? (Lisa / Franziska),echoed,AgP,6.0,33.0,0.36,72,höflich,5.82,7.0,imitierte,5.39,9.0,50.0,"Lisa imitierte Jürgen,
weil_sie in der Nacht ungeübt_war und die_Choreografie lernte.",Wer imitierte Jürgen?,Lisa,Franziska,sie,sie,F,2,NP1,Lisa,left,F,F,False,female,male,swapped,NP1-Causality
nonamb,5,27,NP1,NP2-Causality,sie,sie,"Andreas imitierte Sarah, weil sie in der Nacht geübt war und die Choreografie beherrschte.",Wer imitierte Sarah? (Andreas / Alexander),echoed,AgP,6.0,33.0,0.36,72,unerwartet,12.76,10.0,imitierte,5.39,9.0,50.0,"Andreas imitierte Sarah,
weil_sie in der Nacht geübt_war und die_Choreografie beherrschte.",Wer imitierte Sarah?,Andreas,Alexander,er,er,F,2,NP2,Andreas,left,F,F,False,male,female,original,NP2-Causality
nonamb,6,27,NP1,NP2-Causality,er,amb,"Andreas imitierte Jürgen, weil er in der Nacht geübt war und die Choreografie beherrschte.",Wer imitierte Jürgen? (Andreas / Johannes),echoed,AgP,6.0,33.0,0.36,72,unerwartet,12.76,10.0,imitierte,5.39,9.0,50.0,"Andreas imitierte Jürgen,
weil_er in der Nacht geübt_war und die_Choreografie beherrschte.",Wer imitierte Jürgen?,Andreas,Johannes,er,er,F,2,NP2,Andreas,left,F,F,False,male,male,both_male,NP2-Causality
nonamb,7,27,NP1,NP2-Causality,sie,amb,"Lisa imitierte Sarah, weil sie in der Nacht geübt war und die Choreografie beherrschte.",Wer imitierte Sarah? (Lisa / Daniela),echoed,AgP,6.0,33.0,0.36,72,unerwartet,12.76,10.0,imitierte,5.39,9.0,50.0,"Lisa imitierte Sarah,
weil_sie in der Nacht geübt_war und die_Choreografie beherrschte.",Wer imitierte Sarah?,Lisa,Daniela,sie,sie,F,2,NP2,Lisa,left,F,F,False,female,female,both_female,NP2-Causality
nonamb,8,27,NP1,NP2-Causality,er,er,"Lisa imitierte Jürgen, weil er in der Nacht geübt war und die Choreografie beherrschte.",Wer imitierte Jürgen? (Lisa / Susanne),echoed,AgP,6.0,33.0,0.36,72,unerwartet,12.76,10.0,imitierte,5.39,9.0,50.0,"Lisa imitierte Jürgen,
weil_er in der Nacht geübt_war und die_Choreografie beherrschte.",Wer imitierte Jürgen?,Lisa,Susanne,sie,sie,F,2,NP2,Lisa,left,F,F,False,female,male,swapped,NP2-Causality
nonamb,1,28,NP1,NP1-Causality,er,er,"Martin verführte Linda, weil er an dem Morgen romantisch war und ein Date plante.",Was plante er? (ein Date / die Quellen),enticed,StimExp,7.0,3.0,1.0,70,verantwortlich,77.38,14.0,verführte,1.59,6.0,87.5,"Martin verführte Linda,
weil_er an dem Morgen romantisch_war und ein_Date plante.",Was plante er?,ein Date,die Quellen,,,F,6,NP1,ein Date,left,F,F,False,male,female,original,NP1-Causality
nonamb,2,28,NP1,NP1-Causality,er,amb,"Martin verführte Karl, weil er an dem Morgen romantisch war und ein Date plante.",Was plante er? (ein Date / die Quellen),enticed,StimExp,7.0,3.0,1.0,70,verantwortlich,77.38,14.0,verführte,1.59,6.0,87.5,"Martin verführte Karl,
weil_er an dem Morgen romantisch_war und ein_Date plante.",Was plante er?,ein Date,die Quellen,,,F,6,NP1,ein Date,left,F,F,False,male,male,both_male,NP1-Causality
nonamb,3,28,NP1,NP1-Causality,sie,amb,"Martina verführte Linda, weil sie an dem Morgen romantisch war und ein Date plante.",Was plante sie? (ein Date / die Quellen),enticed,StimExp,7.0,3.0,1.0,70,verantwortlich,77.38,14.0,verführte,1.59,6.0,87.5,"Martina verführte Linda,
weil_sie an dem Morgen romantisch_war und ein_Date plante.",Was plante sie?,ein Date,die Quellen,,,F,6,NP1,ein Date,left,F,F,False,female,female,both_female,NP1-Causality
nonamb,4,28,NP1,NP1-Causality,sie,sie,"Martina verführte Karl, weil sie an dem Morgen romantisch war und ein Date plante.",Was plante sie? (ein Date / die Quellen),enticed,StimExp,7.0,3.0,1.0,70,verantwortlich,77.38,14.0,verführte,1.59,6.0,87.5,"Martina verführte Karl,
weil_sie an dem Morgen romantisch_war und ein_Date plante.",Was plante sie?,ein Date,die Quellen,,,F,6,NP1,ein Date,left,F,F,False,female,male,swapped,NP1-Causality
nonamb,5,28,NP1,NP2-Causality,sie,sie,"Martin verführte Linda, weil sie an dem Morgen empfänglich war und eine Beziehung suchte.",Was suchte sie? (eine Beziehung / die Quellen),enticed,StimExp,7.0,3.0,1.0,70,unselbständig,2.71,13.0,verführte,1.59,6.0,87.5,"Martin verführte Linda,
weil_sie an dem Morgen empfänglich_war und eine_Beziehung suchte.",Was suchte sie?,eine Beziehung,die Quellen,,,F,6,NP2,eine Beziehung,left,F,F,False,male,female,original,NP2-Causality
nonamb,6,28,NP1,NP2-Causality,er,amb,"Martin verführte Karl, weil er an dem Morgen empfänglich war und eine Beziehung suchte.",Was suchte er? (eine Beziehung / die Quellen),enticed,StimExp,7.0,3.0,1.0,70,unselbständig,2.71,13.0,verführte,1.59,6.0,87.5,"Martin verführte Karl,
weil_er an dem Morgen empfänglich_war und eine_Beziehung suchte.",Was suchte er?,eine Beziehung,die Quellen,,,F,6,NP2,eine Beziehung,left,F,F,False,male,male,both_male,NP2-Causality
nonamb,7,28,NP1,NP2-Causality,sie,amb,"Martina verführte Linda, weil sie an dem Morgen empfänglich war und eine Beziehung suchte.",Was suchte sie? (eine Beziehung / die Quellen),enticed,StimExp,7.0,3.0,1.0,70,unselbständig,2.71,13.0,verführte,1.59,6.0,87.5,"Martina verführte Linda,
weil_sie an dem Morgen empfänglich_war und eine_Beziehung suchte.",Was suchte sie?,eine Beziehung,die Quellen,,,F,6,NP2,eine Beziehung,left,F,F,False,female,female,both_female,NP2-Causality
nonamb,8,28,NP1,NP2-Causality,er,er,"Martina verführte Karl, weil er an dem Morgen empfänglich war und eine Beziehung suchte.",Was suchte er? (eine Beziehung / die Quellen),enticed,StimExp,7.0,3.0,1.0,70,unselbständig,2.71,13.0,verführte,1.59,6.0,87.5,"Martina verführte Karl,
weil_er an dem Morgen empfänglich_war und eine_Beziehung suchte.",Was suchte er?,eine Beziehung,die Quellen,,,F,6,NP2,eine Beziehung,left,F,F,False,female,male,swapped,NP2-Causality
nonamb,1,29,NP2,NP1-Causality,er,er,"Florian beneidete Barbara, weil er am späten Abend unzufrieden war und die Niederlage erlitt.",Was erlitt er? (die Niederlage / die Verantwortung),envied,ExpStim,6.0,245.0,-1.82,-94,erfolglos,13.04,9.0,beneidete,0.23,9.0,87.5,"Florian beneidete Barbara,
weil_er am späten Abend unzufrieden_war und die_Niederlage erlitt.",Was erlitt er?,die Niederlage,die Verantwortung,,,F,6,NP1,die Niederlage,left,F,F,False,male,female,original,NP1-Causality
nonamb,2,29,NP2,NP1-Causality,er,amb,"Florian beneidete Johannes, weil er am späten Abend unzufrieden war und die Niederlage erlitt.",Was erlitt er? (die Niederlage / die Verantwortung),envied,ExpStim,6.0,245.0,-1.82,-94,erfolglos,13.04,9.0,beneidete,0.23,9.0,87.5,"Florian beneidete Johannes,
weil_er am späten Abend unzufrieden_war und die_Niederlage erlitt.",Was erlitt er?,die Niederlage,die Verantwortung,,,F,6,NP1,die Niederlage,left,F,F,False,male,male,both_male,NP1-Causality
nonamb,3,29,NP2,NP1-Causality,sie,amb,"Laura beneidete Barbara, weil sie am späten Abend unzufrieden war und die Niederlage erlitt.",Was erlitt sie? (die Niederlage / die Verantwortung),envied,ExpStim,6.0,245.0,-1.82,-94,erfolglos,13.04,9.0,beneidete,0.23,9.0,87.5,"Laura beneidete Barbara,
weil_sie am späten Abend unzufrieden_war und die_Niederlage erlitt.",Was erlitt sie?,die Niederlage,die Verantwortung,,,F,6,NP1,die Niederlage,left,F,F,False,female,female,both_female,NP1-Causality
nonamb,4,29,NP2,NP1-Causality,sie,sie,"Laura beneidete Johannes, weil sie am späten Abend unzufrieden war und die Niederlage erlitt.",Was erlitt sie? (die Niederlage / die Verantwortung),envied,ExpStim,6.0,245.0,-1.82,-94,erfolglos,13.04,9.0,beneidete,0.23,9.0,87.5,"Laura beneidete Johannes,
weil_sie am späten Abend unzufrieden_war und die_Niederlage erlitt.",Was erlitt sie?,die Niederlage,die Verantwortung,,,F,6,NP1,die Niederlage,left,F,F,False,female,male,swapped,NP1-Causality
nonamb,5,29,NP2,NP2-Causality,sie,sie,"Florian beneidete Barbara, weil sie am späten Abend erfolgreich war und die Auszeichnung erhielt.",Was erhielt sie? (die Auszeichnung / die Verantwortung),envied,ExpStim,6.0,245.0,-1.82,-94,siegreich,4.15,9.0,beneidete,0.23,9.0,87.5,"Florian beneidete Barbara,
weil_sie am späten Abend erfolgreich_war und die_Auszeichnung erhielt.",Was erhielt sie?,die Auszeichnung,die Verantwortung,,,F,6,NP2,die Auszeichnung,left,F,F,False,male,female,original,NP2-Causality
nonamb,6,29,NP2,NP2-Causality,er,amb,"Florian beneidete Johannes, weil er am späten Abend erfolgreich war und die Auszeichnung erhielt.",Was erhielt er? (die Auszeichnung / die Verantwortung),envied,ExpStim,6.0,245.0,-1.82,-94,siegreich,4.15,9.0,beneidete,0.23,9.0,87.5,"Florian beneidete Johannes,
weil_er am späten Abend erfolgreich_war und die_Auszeichnung erhielt.",Was erhielt er?,die Auszeichnung,die Verantwortung,,,F,6,NP2,die Auszeichnung,left,F,F,False,male,male,both_male,NP2-Causality
nonamb,7,29,NP2,NP2-Causality,sie,amb,"Laura beneidete Barbara, weil sie am späten Abend erfolgreich war und die Auszeichnung erhielt.",Was erhielt sie? (die Auszeichnung / die Verantwortung),envied,ExpStim,6.0,245.0,-1.82,-94,siegreich,4.15,9.0,beneidete,0.23,9.0,87.5,"Laura beneidete Barbara,
weil_sie am späten Abend erfolgreich_war und die_Auszeichnung erhielt.",Was erhielt sie?,die Auszeichnung,die Verantwortung,,,F,6,NP2,die Auszeichnung,left,F,F,False,female,female,both_female,NP2-Causality
nonamb,8,29,NP2,NP2-Causality,er,er,"Laura beneidete Johannes, weil er am späten Abend erfolgreich war und die Auszeichnung erhielt.",Was erhielt er? (die Auszeichnung / die Verantwortung),envied,ExpStim,6.0,245.0,-1.82,-94,siegreich,4.15,9.0,beneidete,0.23,9.0,87.5,"Laura beneidete Johannes,
weil_er am späten Abend erfolgreich_war und die_Auszeichnung erhielt.",Was erhielt er?,die Auszeichnung,die Verantwortung,,,F,6,NP2,die Auszeichnung,left,F,F,False,female,male,swapped,NP2-Causality
nonamb,1,30,NP2,NP1-Causality,er,er,"Paul bevorzugte Lena, weil er zu jeder Zeit verliebt war und eine Verbindung spürte.",Wann war er verliebt? (zu jeder Zeit / bei der Begegnung),favoured,ExpStim,8.0,995.0,1.27,-89,verliebt,11.94,8.0,bevorzugte,3.6,10.0,93.75,"Paul bevorzugte Lena,
weil_er zu jeder Zeit verliebt_war und eine_Verbindung spürte.",Wann war er verliebt?,zu jeder Zeit,bei der Begegnung,,,F,5,NP1,zu jeder Zeit,left,F,F,False,male,female,original,NP1-Causality
nonamb,2,30,NP2,NP1-Causality,er,amb,"Paul bevorzugte Sebastian, weil er zu jeder Zeit verliebt war und eine Verbindung spürte.",Wann war er verliebt? (zu jeder Zeit / bei der Begegnung),favoured,ExpStim,8.0,995.0,1.27,-89,verliebt,11.94,8.0,bevorzugte,3.6,10.0,93.75,"Paul bevorzugte Sebastian,
weil_er zu jeder Zeit verliebt_war und eine_Verbindung spürte.",Wann war er verliebt?,zu jeder Zeit,bei der Begegnung,,,F,5,NP1,zu jeder Zeit,left,F,F,False,male,male,both_male,NP1-Causality
nonamb,3,30,NP2,NP1-Causality,sie,amb,"Johanna bevorzugte Lena, weil sie zu jeder Zeit verliebt war und eine Verbindung spürte.",Wann war sie verliebt? (zu jeder Zeit / bei der Begegnung),favoured,ExpStim,8.0,995.0,1.27,-89,verliebt,11.94,8.0,bevorzugte,3.6,10.0,93.75,"Johanna bevorzugte Lena,
weil_sie zu jeder Zeit verliebt_war und eine_Verbindung spürte.",Wann war sie verliebt?,zu jeder Zeit,bei der Begegnung,,,F,5,NP1,zu jeder Zeit,left,F,F,False,female,female,both_female,NP1-Causality
nonamb,4,30,NP2,NP1-Causality,sie,sie,"Johanna bevorzugte Sebastian, weil sie zu jeder Zeit verliebt war und eine Verbindung spürte.",Wann war sie verliebt? (zu jeder Zeit / bei der Begegnung),favoured,ExpStim,8.0,995.0,1.27,-89,verliebt,11.94,8.0,bevorzugte,3.6,10.0,93.75,"Johanna bevorzugte Sebastian,
weil_sie zu jeder Zeit verliebt_war und eine_Verbindung spürte.",Wann war sie verliebt?,zu jeder Zeit,bei der Begegnung,,,F,5,NP1,zu jeder Zeit,left,F,F,False,female,male,swapped,NP1-Causality
nonamb,5,30,NP2,NP2-Causality,sie,sie,"Paul bevorzugte Lena, weil sie zu jeder Zeit siegreich war und jeden Wettbewerb gewann.",Wann war sie siegreich? (zu jeder Zeit / bei der Begegnung),favoured,ExpStim,8.0,995.0,1.27,-89,gewinnbringend,2.45,14.0,bevorzugte,3.6,10.0,93.75,"Paul bevorzugte Lena,
weil_sie zu jeder Zeit siegreich_war und jeden_Wettbewerb gewann.",Wann war sie siegreich?,zu jeder Zeit,bei der Begegnung,,,F,5,NP2,zu jeder Zeit,left,F,F,False,male,female,original,NP2-Causality
nonamb,6,30,NP2,NP2-Causality,er,amb,"Paul bevorzugte Sebastian, weil er zu jeder Zeit siegreich war und jeden Wettbewerb gewann.",Wann war er siegreich? (zu jeder Zeit / bei der Begegnung),favoured,ExpStim,8.0,995.0,1.27,-89,gewinnbringend,2.45,14.0,bevorzugte,3.6,10.0,93.75,"Paul bevorzugte Sebastian,
weil_er zu jeder Zeit siegreich_war und jeden_Wettbewerb gewann.",Wann war er siegreich?,zu jeder Zeit,bei der Begegnung,,,F,5,NP2,zu jeder Zeit,left,F,F,False,male,male,both_male,NP2-Causality
nonamb,7,30,NP2,NP2-Causality,sie,amb,"Johanna bevorzugte Lena, weil sie zu jeder Zeit siegreich war und jeden Wettbewerb gewann.",Wann war sie siegreich? (zu jeder Zeit / bei der Begegnung),favoured,ExpStim,8.0,995.0,1.27,-89,gewinnbringend,2.45,14.0,bevorzugte,3.6,10.0,93.75,"Johanna bevorzugte Lena,
weil_sie zu jeder Zeit siegreich_war und jeden_Wettbewerb gewann.",Wann war sie siegreich?,zu jeder Zeit,bei der Begegnung,,,F,5,NP2,zu jeder Zeit,left,F,F,False,female,female,both_female,NP2-Causality
nonamb,8,30,NP2,NP2-Causality,er,er,"Johanna bevorzugte Sebastian, weil er zu jeder Zeit siegreich war und jeden Wettbewerb gewann.",Wann war er siegreich? (zu jeder Zeit / bei der Begegnung),favoured,ExpStim,8.0,995.0,1.27,-89,gewinnbringend,2.45,14.0,bevorzugte,3.6,10.0,93.75,"Johanna bevorzugte Sebastian,
weil_er zu jeder Zeit siegreich_war und jeden_Wettbewerb gewann.",Wann war er siegreich?,zu jeder Zeit,bei der Begegnung,,,F,5,NP2,zu jeder Zeit,left,F,F,False,female,male,swapped,NP2-Causality
nonamb,1,31,NP2,NP1-Causality,er,er,"Michael begehrte Maria, weil er schon seit Langem einsam war und eine Partnerschaft suchte.",Wer war schon seit Langem einsam? (Michael / Maria),fancied,ExpStim,7.0,86.0,0.91,-94,gefährlich,62.41,10.0,begehrte,0.09,10.0,31.25,"Michael begehrte Maria,
weil_er schon seit Langem einsam_war und eine_Partnerschaft suchte.",Wer war schon seit Langem einsam?,Michael,Maria,er,sie,F,1,NP1,Michael,left,F,F,False,male,female,original,NP1-Causality
nonamb,2,31,NP2,NP1-Causality,er,amb,"Michael begehrte Tobias, weil er schon seit Langem einsam war und eine Partnerschaft suchte.",Wer war schon seit Langem einsam? (Michael / Tobias),fancied,ExpStim,7.0,86.0,0.91,-94,gefährlich,62.41,10.0,begehrte,0.09,10.0,31.25,"Michael begehrte Tobias,
weil_er schon seit Langem einsam_war und eine_Partnerschaft suchte.",Wer war schon seit Langem einsam?,Michael,Tobias,er,er,FJ,1,NP1,Michael,left,F,FJ,True,male,male,both_male,NP1-Causality
nonamb,3,31,NP2,NP1-Causality,sie,amb,"Eva begehrte Maria, weil sie schon seit Langem einsam war und eine Partnerschaft suchte.",Wer war schon seit Langem einsam? (Eva / Maria),fancied,ExpStim,7.0,86.0,0.91,-94,gefährlich,62.41,10.0,begehrte,0.09,10.0,31.25,"Eva begehrte Maria,
weil_sie schon seit Langem einsam_war und eine_Partnerschaft suchte.",Wer war schon seit Langem einsam?,Eva,Maria,sie,sie,FJ,1,NP1,Eva,left,F,FJ,True,female,female,both_female,NP1-Causality
nonamb,4,31,NP2,NP1-Causality,sie,sie,"Eva begehrte Tobias, weil sie schon seit Langem einsam war und eine Partnerschaft suchte.",Wer war schon seit Langem einsam? (Eva / Tobias),fancied,ExpStim,7.0,86.0,0.91,-94,gefährlich,62.41,10.0,begehrte,0.09,10.0,31.25,"Eva begehrte Tobias,
weil_sie schon seit Langem einsam_war und eine_Partnerschaft suchte.",Wer war schon seit Langem einsam?,Eva,Tobias,sie,er,F,1,NP1,Eva,left,F,F,False,female,male,swapped,NP1-Causality
nonamb,5,31,NP2,NP2-Causality,sie,sie,"Michael begehrte Maria, weil sie schon seit Langem hübsch war und die Konkurrenz übertraf.",Wer war schon seit Langem hübsch? (Michael / Maria),fancied,ExpStim,7.0,86.0,0.91,-94,schmerzfrei,1.68,11.0,begehrte,0.09,10.0,31.25,"Michael begehrte Maria,
weil_sie schon seit Langem hübsch_war und die_Konkurrenz übertraf.",Wer war schon seit Langem hübsch?,Michael,Maria,er,sie,J,1,NP2,Maria,right,J,J,False,male,female,original,NP2-Causality
nonamb,6,31,NP2,NP2-Causality,er,amb,"Michael begehrte Tobias, weil er schon seit Langem hübsch war und die Konkurrenz übertraf.",Wer war schon seit Langem hübsch? (Michael / Tobias),fancied,ExpStim,7.0,86.0,0.91,-94,schmerzfrei,1.68,11.0,begehrte,0.09,10.0,31.25,"Michael begehrte Tobias,
weil_er schon seit Langem hübsch_war und die_Konkurrenz übertraf.",Wer war schon seit Langem hübsch?,Michael,Tobias,er,er,FJ,1,NP2,Tobias,right,J,FJ,True,male,male,both_male,NP2-Causality
nonamb,7,31,NP2,NP2-Causality,sie,amb,"Eva begehrte Maria, weil sie schon seit Langem hübsch war und die Konkurrenz übertraf.",Wer war schon seit Langem hübsch? (Eva / Maria),fancied,ExpStim,7.0,86.0,0.91,-94,schmerzfrei,1.68,11.0,begehrte,0.09,10.0,31.25,"Eva begehrte Maria,
weil_sie schon seit Langem hübsch_war und die_Konkurrenz übertraf.",Wer war schon seit Langem hübsch?,Eva,Maria,sie,sie,FJ,1,NP2,Maria,right,J,FJ,True,female,female,both_female,NP2-Causality
nonamb,8,31,NP2,NP2-Causality,er,er,"Eva begehrte Tobias, weil er schon seit Langem hübsch war und die Konkurrenz übertraf.",Wer war schon seit Langem hübsch? (Eva / Tobias),fancied,ExpStim,7.0,86.0,0.91,-94,schmerzfrei,1.68,11.0,begehrte,0.09,10.0,31.25,"Eva begehrte Tobias,
weil_er schon seit Langem hübsch_war und die_Konkurrenz übertraf.",Wer war schon seit Langem hübsch?,Eva,Tobias,sie,er,J,1,NP2,Tobias,right,J,J,False,female,male,swapped,NP2-Causality
nonamb,1,32,NP2,NP1-Causality,er,er,"Christian fürchtete Nicole, weil er schon von jeher ängstlich war und die Kollegen mied.",Was mied er? (die Kollegen / eine Nachricht),feared,ExpStim,6.0,106.0,-2.09,-85,bodenständig,1.58,12.0,fürchtete,2.98,9.0,12.5,"Christian fürchtete Nicole,
weil_er schon von jeher ängstlich_war und die_Kollegen mied.",Was mied er?,die Kollegen,eine Nachricht,,,F,6,NP1,die Kollegen,left,F,F,False,male,female,original,NP1-Causality
nonamb,2,32,NP2,NP1-Causality,er,amb,"Christian fürchtete David, weil er schon von jeher ängstlich war und die Kollegen mied.",Was mied er? (die Kollegen / eine Nachricht),feared,ExpStim,6.0,106.0,-2.09,-85,bodenständig,1.58,12.0,fürchtete,2.98,9.0,12.5,"Christian fürchtete David,
weil_er schon von jeher ängstlich_war und die_Kollegen mied.",Was mied er?,die Kollegen,eine Nachricht,,,F,6,NP1,die Kollegen,left,F,F,False,male,male,both_male,NP1-Causality
nonamb,3,32,NP2,NP1-Causality,sie,amb,"Susanne fürchtete Nicole, weil sie schon von jeher ängstlich war und die Kollegen mied.",Was mied sie? (die Kollegen / eine Nachricht),feared,ExpStim,6.0,106.0,-2.09,-85,bodenständig,1.58,12.0,fürchtete,2.98,9.0,12.5,"Susanne fürchtete Nicole,
weil_sie schon von jeher ängstlich_war und die_Kollegen mied.",Was mied sie?,die Kollegen,eine Nachricht,,,F,6,NP1,die Kollegen,left,F,F,False,female,female,both_female,NP1-Causality
nonamb,4,32,NP2,NP1-Causality,sie,sie,"Susanne fürchtete David, weil sie schon von jeher ängstlich war und die Kollegen mied.",Was mied sie? (die Kollegen / eine Nachricht),feared,ExpStim,6.0,106.0,-2.09,-85,bodenständig,1.58,12.0,fürchtete,2.98,9.0,12.5,"Susanne fürchtete David,
weil_sie schon von jeher ängstlich_war und die_Kollegen mied.",Was mied sie?,die Kollegen,eine Nachricht,,,F,6,NP1,die Kollegen,left,F,F,False,female,male,swapped,NP1-Causality
nonamb,5,32,NP2,NP2-Causality,sie,sie,"Christian fürchtete Nicole, weil sie schon von jeher reizbar war und die Kollegen einschüchterte.",Was schüchterte sie ein? (die Kollegen / eine Nachricht),feared,ExpStim,6.0,106.0,-2.09,-85,opportunistisch,1.21,15.0,fürchtete,2.98,9.0,12.5,"Christian fürchtete Nicole,
weil_sie schon von jeher reizbar_war und die_Kollegen einschüchterte.",Was schüchterte sie ein?,die Kollegen,eine Nachricht,,,F,6,NP2,die Kollegen,left,F,F,False,male,female,original,NP2-Causality
nonamb,6,32,NP2,NP2-Causality,er,amb,"Christian fürchtete David, weil er schon von jeher reizbar war und die Kollegen einschüchterte.",Was schüchterte er ein? (die Kollegen / eine Nachricht),feared,ExpStim,6.0,106.0,-2.09,-85,opportunistisch,1.21,15.0,fürchtete,2.98,9.0,12.5,"Christian fürchtete David,
weil_er schon von jeher reizbar_war und die_Kollegen einschüchterte.",Was schüchterte er ein?,die Kollegen,eine Nachricht,,,F,6,NP2,die Kollegen,left,F,F,False,male,male,both_male,NP2-Causality
nonamb,7,32,NP2,NP2-Causality,sie,amb,"Susanne fürchtete Nicole, weil sie schon von jeher reizbar war und die Kollegen einschüchterte.",Was schüchterte sie ein? (die Kollegen / eine Nachricht),feared,ExpStim,6.0,106.0,-2.09,-85,opportunistisch,1.21,15.0,fürchtete,2.98,9.0,12.5,"Susanne fürchtete Nicole,
weil_sie schon von jeher reizbar_war und die_Kollegen einschüchterte.",Was schüchterte sie ein?,die Kollegen,eine Nachricht,,,F,6,NP2,die Kollegen,left,F,F,False,female,female,both_female,NP2-Causality
nonamb,8,32,NP2,NP2-Causality,er,er,"Susanne fürchtete David, weil er schon von jeher reizbar war und die Kollegen einschüchterte.",Was schüchterte er ein? (die Kollegen / eine Nachricht),feared,ExpStim,6.0,106.0,-2.09,-85,opportunistisch,1.21,15.0,fürchtete,2.98,9.0,12.5,"Susanne fürchtete David,
weil_er schon von jeher reizbar_war und die_Kollegen einschüchterte.",Was schüchterte er ein?,die Kollegen,eine Nachricht,,,F,6,NP2,die Kollegen,left,F,F,False,female,male,swapped,NP2-Causality
nonamb,1,33,neutral,NP1-Causality,er,er,"Thomas verzieh Birgit, weil er in der Morgendämmerung geduldig war und die Erklärung akzeptierte.",Wer war in der Morgendämmerung geduldig? (Thomas / Birgit),forgave,AgEvo,7.0,43.0,-0.27,5,gutmütig,1.73,8.0,verzieh,0.21,7.0,62.5,"Thomas verzieh Birgit,
weil_er in der Morgendämmerung geduldig_war und die_Erklärung akzeptierte.",Wer war in der Morgendämmerung geduldig?,Thomas,Birgit,er,sie,F,1,NP1,Thomas,left,F,F,False,male,female,original,NP1-Causality
nonamb,2,33,neutral,NP1-Causality,er,amb,"Thomas verzieh Wolfgang, weil er in der Morgendämmerung geduldig war und die Erklärung akzeptierte.",Wer war in der Morgendämmerung geduldig? (Thomas / Wolfgang),forgave,AgEvo,7.0,43.0,-0.27,5,gutmütig,1.73,8.0,verzieh,0.21,7.0,62.5,"Thomas verzieh Wolfgang,
weil_er in der Morgendämmerung geduldig_war und die_Erklärung akzeptierte.",Wer war in der Morgendämmerung geduldig?,Thomas,Wolfgang,er,er,FJ,1,NP1,Thomas,left,F,FJ,True,male,male,both_male,NP1-Causality
nonamb,3,33,neutral,NP1-Causality,sie,amb,"Jana verzieh Birgit, weil sie in der Morgendämmerung geduldig war und die Erklärung akzeptierte.",Wer war in der Morgendämmerung geduldig? (Jana / Birgit),forgave,AgEvo,7.0,43.0,-0.27,5,gutmütig,1.73,8.0,verzieh,0.21,7.0,62.5,"Jana verzieh Birgit,
weil_sie in der Morgendämmerung geduldig_war und die_Erklärung akzeptierte.",Wer war in der Morgendämmerung geduldig?,Jana,Birgit,sie,sie,FJ,1,NP1,Jana,left,F,FJ,True,female,female,both_female,NP1-Causality
nonamb,4,33,neutral,NP1-Causality,sie,sie,"Jana verzieh Wolfgang, weil sie in der Morgendämmerung geduldig war und die Erklärung akzeptierte.",Wer war in der Morgendämmerung geduldig? (Jana / Wolfgang),forgave,AgEvo,7.0,43.0,-0.27,5,gutmütig,1.73,8.0,verzieh,0.21,7.0,62.5,"Jana verzieh Wolfgang,
weil_sie in der Morgendämmerung geduldig_war und die_Erklärung akzeptierte.",Wer war in der Morgendämmerung geduldig?,Jana,Wolfgang,sie,er,F,1,NP1,Jana,left,F,F,False,female,male,swapped,NP1-Causality
nonamb,5,33,neutral,NP2-Causality,sie,sie,"Thomas verzieh Birgit, weil sie in der Morgendämmerung reuig war und die Schuld eingestand.",Wer war in der Morgendämmerung reuig? (Thomas / Birgit),forgave,AgEvo,7.0,43.0,-0.27,5,schuldbewusst,0.12,13.0,verzieh,0.21,7.0,62.5,"Thomas verzieh Birgit,
weil_sie in der Morgendämmerung reuig_war und die_Schuld eingestand.",Wer war in der Morgendämmerung reuig?,Thomas,Birgit,er,sie,J,1,NP2,Birgit,right,J,J,False,male,female,original,NP2-Causality
nonamb,6,33,neutral,NP2-Causality,er,amb,"Thomas verzieh Wolfgang, weil er in der Morgendämmerung reuig war und die Schuld eingestand.",Wer war in der Morgendämmerung reuig? (Thomas / Wolfgang),forgave,AgEvo,7.0,43.0,-0.27,5,schuldbewusst,0.12,13.0,verzieh,0.21,7.0,62.5,"Thomas verzieh Wolfgang,
weil_er in der Morgendämmerung reuig_war und die_Schuld eingestand.",Wer war in der Morgendämmerung reuig?,Thomas,Wolfgang,er,er,FJ,1,NP2,Wolfgang,right,J,FJ,True,male,male,both_male,NP2-Causality
nonamb,7,33,neutral,NP2-Causality,sie,amb,"Jana verzieh Birgit, weil sie in der Morgendämmerung reuig war und die Schuld eingestand.",Wer war in der Morgendämmerung reuig? (Jana / Birgit),forgave,AgEvo,7.0,43.0,-0.27,5,schuldbewusst,0.12,13.0,verzieh,0.21,7.0,62.5,"Jana verzieh Birgit,
weil_sie in der Morgendämmerung reuig_war und die_Schuld eingestand.",Wer war in der Morgendämmerung reuig?,Jana,Birgit,sie,sie,FJ,1,NP2,Birgit,right,J,FJ,True,female,female,both_female,NP2-Causality
nonamb,8,33,neutral,NP2-Causality,er,er,"Jana verzieh Wolfgang, weil er in der Morgendämmerung reuig war und die Schuld eingestand.",Wer war in der Morgendämmerung reuig? (Jana / Wolfgang),forgave,AgEvo,7.0,43.0,-0.27,5,schuldbewusst,0.12,13.0,verzieh,0.21,7.0,62.5,"Jana verzieh Wolfgang,
weil_er in der Morgendämmerung reuig_war und die_Schuld eingestand.",Wer war in der Morgendämmerung reuig?,Jana,Wolfgang,sie,er,J,1,NP2,Wolfgang,right,J,J,False,female,male,swapped,NP2-Causality
nonamb,1,34,neutral,NP1-Causality,er,er,"Frank grüßte Anna, weil er schon seit jeher höflich war und die Tür aufhielt.",Was tat Frank? (grüßte Anna / beleidigte Klaus),greeted,AgP,7.0,68.0,1.27,-8,wohlerzogen,0.27,11.0,grüßte,0.76,7.0,68.75,"Frank grüßte Anna,
weil_er schon seit jeher höflich_war und die_Tür aufhielt.",Was tat Frank?,grüßte Anna,beleidigte Klaus,,,F,4,NP1,grüßte Anna,left,F,F,False,male,female,original,NP1-Causality
nonamb,2,34,neutral,NP1-Causality,er,amb,"Frank grüßte Uwe, weil er schon seit jeher höflich war und die Tür aufhielt.",Was tat Frank? (grüßte Uwe / irritierte Sarah),greeted,AgP,7.0,68.0,1.27,-8,wohlerzogen,0.27,11.0,grüßte,0.76,7.0,68.75,"Frank grüßte Uwe,
weil_er schon seit jeher höflich_war und die_Tür aufhielt.",Was tat Frank?,grüßte Uwe,irritierte Sarah,,,F,4,NP1,grüßte Uwe,left,F,F,False,male,male,both_male,NP1-Causality
nonamb,3,34,neutral,NP1-Causality,sie,amb,"Petra grüßte Anna, weil sie schon seit jeher höflich war und die Tür aufhielt.",Was tat Petra? (grüßte Anna / verehrte Julia),greeted,AgP,7.0,68.0,1.27,-8,wohlerzogen,0.27,11.0,grüßte,0.76,7.0,68.75,"Petra grüßte Anna,
weil_sie schon seit jeher höflich_war und die_Tür aufhielt.",Was tat Petra?,grüßte Anna,verehrte Julia,,,F,4,NP1,grüßte Anna,left,F,F,False,female,female,both_female,NP1-Causality
nonamb,4,34,neutral,NP1-Causality,sie,sie,"Petra grüßte Uwe, weil sie schon seit jeher höflich war und die Tür aufhielt.",Was tat Petra? (grüßte Uwe / dankte Sabine),greeted,AgP,7.0,68.0,1.27,-8,wohlerzogen,0.27,11.0,grüßte,0.76,7.0,68.75,"Petra grüßte Uwe,
weil_sie schon seit jeher höflich_war und die_Tür aufhielt.",Was tat Petra?,grüßte Uwe,dankte Sabine,,,F,4,NP1,grüßte Uwe,left,F,F,False,female,male,swapped,NP1-Causality
nonamb,5,34,neutral,NP2-Causality,sie,sie,"Frank grüßte Anna, weil sie schon seit jeher bekannt war und das Geschäft führte.",Was tat Frank? (grüßte Anna / umarmte Wolfgang),greeted,AgP,7.0,68.0,1.27,-8,vorrangig,18.77,9.0,grüßte,0.76,7.0,68.75,"Frank grüßte Anna,
weil_sie schon seit jeher bekannt_war und das_Geschäft führte.",Was tat Frank?,grüßte Anna,umarmte Wolfgang,,,F,4,NP2,grüßte Anna,left,F,F,False,male,female,original,NP2-Causality
nonamb,6,34,neutral,NP2-Causality,er,amb,"Frank grüßte Uwe, weil er schon seit jeher bekannt war und das Geschäft führte.",Was tat Frank? (grüßte Uwe / entschädigte Florian),greeted,AgP,7.0,68.0,1.27,-8,vorrangig,18.77,9.0,grüßte,0.76,7.0,68.75,"Frank grüßte Uwe,
weil_er schon seit jeher bekannt_war und das_Geschäft führte.",Was tat Frank?,grüßte Uwe,entschädigte Florian,,,F,4,NP2,grüßte Uwe,left,F,F,False,male,male,both_male,NP2-Causality
nonamb,7,34,neutral,NP2-Causality,sie,amb,"Petra grüßte Anna, weil sie schon seit jeher bekannt war und das Geschäft führte.",Was tat Petra? (grüßte Anna / gratulierte Sebastian),greeted,AgP,7.0,68.0,1.27,-8,vorrangig,18.77,9.0,grüßte,0.76,7.0,68.75,"Petra grüßte Anna,
weil_sie schon seit jeher bekannt_war und das_Geschäft führte.",Was tat Petra?,grüßte Anna,gratulierte Sebastian,,,F,4,NP2,grüßte Anna,left,F,F,False,female,female,both_female,NP2-Causality
nonamb,8,34,neutral,NP2-Causality,er,er,"Petra grüßte Uwe, weil er schon seit jeher bekannt war und das Geschäft führte.",Was tat Petra? (grüßte Uwe / schätzte Lena),greeted,AgP,7.0,68.0,1.27,-8,vorrangig,18.77,9.0,grüßte,0.76,7.0,68.75,"Petra grüßte Uwe,
weil_er schon seit jeher bekannt_war und das_Geschäft führte.",Was tat Petra?,grüßte Uwe,schätzte Lena,,,F,4,NP2,grüßte Uwe,left,F,F,False,female,male,swapped,NP2-Causality
nonamb,1,35,neutral,NP1-Causality,er,er,"Daniel berührte Julia, weil er an dem Ort fachkundig war und die Untersuchung durchführte.",Wer berührte Julia? (Daniel / Julian),grabbed,AgP,7.0,160.0,-1.45,-5,gerissen,7.39,8.0,berührte,1.22,9.0,81.25,"Daniel berührte Julia,
weil_er an dem Ort fachkundig_war und die_Untersuchung durchführte.",Wer berührte Julia?,Daniel,Julian,er,er,F,2,NP1,Daniel,left,F,F,False,male,female,original,NP1-Causality
nonamb,2,35,neutral,NP1-Causality,er,amb,"Daniel berührte Philipp, weil er an dem Ort fachkundig war und die Untersuchung durchführte.",Wer berührte Philipp? (Daniel / Michael),grabbed,AgP,7.0,160.0,-1.45,-5,gerissen,7.39,8.0,berührte,1.22,9.0,81.25,"Daniel berührte Philipp,
weil_er an dem Ort fachkundig_war und die_Untersuchung durchführte.",Wer berührte Philipp?,Daniel,Michael,er,er,F,2,NP1,Daniel,left,F,F,False,male,male,both_male,NP1-Causality
nonamb,3,35,neutral,NP1-Causality,sie,amb,"Nina berührte Julia, weil sie an dem Ort fachkundig war und die Untersuchung durchführte.",Wer berührte Julia? (Nina / Linda),grabbed,AgP,7.0,160.0,-1.45,-5,gerissen,7.39,8.0,berührte,1.22,9.0,81.25,"Nina berührte Julia,
weil_sie an dem Ort fachkundig_war und die_Untersuchung durchführte.",Wer berührte Julia?,Nina,Linda,sie,sie,F,2,NP1,Nina,left,F,F,False,female,female,both_female,NP1-Causality
nonamb,4,35,neutral,NP1-Causality,sie,sie,"Nina berührte Philipp, weil sie an dem Ort fachkundig war und die Untersuchung durchführte.",Wer berührte Philipp? (Nina / Anna),grabbed,AgP,7.0,160.0,-1.45,-5,gerissen,7.39,8.0,berührte,1.22,9.0,81.25,"Nina berührte Philipp,
weil_sie an dem Ort fachkundig_war und die_Untersuchung durchführte.",Wer berührte Philipp?,Nina,Anna,sie,sie,F,2,NP1,Nina,left,F,F,False,female,male,swapped,NP1-Causality
nonamb,5,35,neutral,NP2-Causality,sie,sie,"Daniel berührte Julia, weil sie an dem Ort betroffen war und eine Untersuchung wünschte.",Wer berührte Julia? (Daniel / Martin),grabbed,AgP,7.0,160.0,-1.45,-5,wunderschön,23.36,11.0,berührte,1.22,9.0,81.25,"Daniel berührte Julia,
weil_sie an dem Ort betroffen_war und eine_Untersuchung wünschte.",Wer berührte Julia?,Daniel,Martin,er,er,F,2,NP2,Daniel,left,F,F,False,male,female,original,NP2-Causality
nonamb,6,35,neutral,NP2-Causality,er,amb,"Daniel berührte Philipp, weil er an dem Ort betroffen war und eine Untersuchung wünschte.",Wer berührte Philipp? (Daniel / Uwe),grabbed,AgP,7.0,160.0,-1.45,-5,wunderschön,23.36,11.0,berührte,1.22,9.0,81.25,"Daniel berührte Philipp,
weil_er an dem Ort betroffen_war und eine_Untersuchung wünschte.",Wer berührte Philipp?,Daniel,Uwe,er,er,F,2,NP2,Daniel,left,F,F,False,male,male,both_male,NP2-Causality
nonamb,7,35,neutral,NP2-Causality,sie,amb,"Nina berührte Julia, weil sie an dem Ort betroffen war und eine Untersuchung wünschte.",Wer berührte Julia? (Nina / Jana),grabbed,AgP,7.0,160.0,-1.45,-5,wunderschön,23.36,11.0,berührte,1.22,9.0,81.25,"Nina berührte Julia,
weil_sie an dem Ort betroffen_war und eine_Untersuchung wünschte.",Wer berührte Julia?,Nina,Jana,sie,sie,F,2,NP2,Nina,left,F,F,False,female,female,both_female,NP2-Causality
nonamb,8,35,neutral,NP2-Causality,er,er,"Nina berührte Philipp, weil er an dem Ort betroffen war und eine Untersuchung wünschte.",Wer berührte Philipp? (Nina / Petra),grabbed,AgP,7.0,160.0,-1.45,-5,wunderschön,23.36,11.0,berührte,1.22,9.0,81.25,"Nina berührte Philipp,
weil_er an dem Ort betroffen_war und eine_Untersuchung wünschte.",Wer berührte Philipp?,Nina,Petra,sie,sie,F,2,NP2,Nina,left,F,F,False,female,male,swapped,NP2-Causality
nonamb,1,36,neutral,NP1-Causality,er,er,"Matthias schlug Katharina, weil er zu dem Zeitpunkt wütend war und die Kontrolle verlor.",Was verlor er? (die Kontrolle / die Führung),hit,AgP,3.0,164.0,-1.82,-14,empört,5.68,6.0,schlug,21.29,6.0,62.5,"Matthias schlug Katharina,
weil_er zu dem Zeitpunkt wütend_war und die_Kontrolle verlor.",Was verlor er?,die Kontrolle,die Führung,,,F,6,NP1,die Kontrolle,left,F,F,False,male,female,original,NP1-Causality
nonamb,2,36,neutral,NP1-Causality,er,amb,"Matthias schlug Alexander, weil er zu dem Zeitpunkt wütend war und die Kontrolle verlor.",Was verlor er? (die Kontrolle / die Führung),hit,AgP,3.0,164.0,-1.82,-14,empört,5.68,6.0,schlug,21.29,6.0,62.5,"Matthias schlug Alexander,
weil_er zu dem Zeitpunkt wütend_war und die_Kontrolle verlor.",Was verlor er?,die Kontrolle,die Führung,,,F,6,NP1,die Kontrolle,left,F,F,False,male,male,both_male,NP1-Causality
nonamb,3,36,neutral,NP1-Causality,sie,amb,"Monika schlug Katharina, weil sie zu dem Zeitpunkt wütend war und die Kontrolle verlor.",Was verlor sie? (die Kontrolle / die Führung),hit,AgP,3.0,164.0,-1.82,-14,empört,5.68,6.0,schlug,21.29,6.0,62.5,"Monika schlug Katharina,
weil_sie zu dem Zeitpunkt wütend_war und die_Kontrolle verlor.",Was verlor sie?,die Kontrolle,die Führung,,,F,6,NP1,die Kontrolle,left,F,F,False,female,female,both_female,NP1-Causality
nonamb,4,36,neutral,NP1-Causality,sie,sie,"Monika schlug Alexander, weil sie zu dem Zeitpunkt wütend war und die Kontrolle verlor.",Was verlor sie? (die Kontrolle / die Führung),hit,AgP,3.0,164.0,-1.82,-14,empört,5.68,6.0,schlug,21.29,6.0,62.5,"Monika schlug Alexander,
weil_sie zu dem Zeitpunkt wütend_war und die_Kontrolle verlor.",Was verlor sie?,die Kontrolle,die Führung,,,F,6,NP1,die Kontrolle,left,F,F,False,female,male,swapped,NP1-Causality
nonamb,5,36,neutral,NP2-Causality,sie,sie,"Matthias schlug Katharina, weil sie zu dem Zeitpunkt kampflustig war und einen Gegenschlag wagte.",Was wagte sie? (einen Gegenschlag / die Führung),hit,AgP,3.0,164.0,-1.82,-14,unaufmerksam,6.9,8.0,schlug,21.29,6.0,62.5,"Matthias schlug Katharina,
weil_sie zu dem Zeitpunkt kampflustig_war und einen_Gegenschlag wagte.",Was wagte sie?,einen Gegenschlag,die Führung,,,F,6,NP2,einen Gegenschlag,left,F,F,False,male,female,original,NP2-Causality
nonamb,6,36,neutral,NP2-Causality,er,amb,"Matthias schlug Alexander, weil er zu dem Zeitpunkt kampflustig war und einen Gegenschlag wagte.",Was wagte er? (einen Gegenschlag / die Führung),hit,AgP,3.0,164.0,-1.82,-14,unaufmerksam,6.9,8.0,schlug,21.29,6.0,62.5,"Matthias schlug Alexander,
weil_er zu dem Zeitpunkt kampflustig_war und einen_Gegenschlag wagte.",Was wagte er?,einen Gegenschlag,die Führung,,,F,6,NP2,einen Gegenschlag,left,F,F,False,male,male,both_male,NP2-Causality
nonamb,7,36,neutral,NP2-Causality,sie,amb,"Monika schlug Katharina, weil sie zu dem Zeitpunkt kampflustig war und einen Gegenschlag wagte.",Was wagte sie? (einen Gegenschlag / die Führung),hit,AgP,3.0,164.0,-1.82,-14,unaufmerksam,6.9,8.0,schlug,21.29,6.0,62.5,"Monika schlug Katharina,
weil_sie zu dem Zeitpunkt kampflustig_war und einen_Gegenschlag wagte.",Was wagte sie?,einen Gegenschlag,die Führung,,,F,6,NP2,einen Gegenschlag,left,F,F,False,female,female,both_female,NP2-Causality
nonamb,8,36,neutral,NP2-Causality,er,er,"Monika schlug Alexander, weil er zu dem Zeitpunkt kampflustig war und einen Gegenschlag wagte.",Was wagte er? (einen Gegenschlag / die Führung),hit,AgP,3.0,164.0,-1.82,-14,unaufmerksam,6.9,8.0,schlug,21.29,6.0,62.5,"Monika schlug Alexander,
weil_er zu dem Zeitpunkt kampflustig_war und einen_Gegenschlag wagte.",Was wagte er?,einen Gegenschlag,die Führung,,,F,6,NP2,einen Gegenschlag,left,F,F,False,female,male,swapped,NP2-Causality
nonamb,1,37,NP1,NP1-Causality,er,er,"Philipp frustrierte Daniela, weil er seit einigen Tagen misstrauisch war und die Aussage anzweifelte.",Was tat Philipp? (frustrierte Daniela / irritierte Alexander),frustrated,StimExp,10.0,0.0,-1.82,79,geschickt,34.46,9.0,frustrierte,0.69,11.0,87.5,"Philipp frustrierte Daniela,
weil_er seit einigen Tagen misstrauisch_war und die_Aussage anzweifelte.",Was tat Philipp?,frustrierte Daniela,irritierte Alexander,,,F,4,NP1,frustrierte Daniela,left,F,F,False,male,female,original,NP1-Causality
nonamb,2,37,NP1,NP1-Causality,er,amb,"Philipp frustrierte Daniel, weil er seit einigen Tagen misstrauisch war und die Aussage anzweifelte.",Was tat Philipp? (frustrierte Daniel / enttäuschte Stefan),frustrated,StimExp,10.0,0.0,-1.82,79,geschickt,34.46,9.0,frustrierte,0.69,11.0,87.5,"Philipp frustrierte Daniel,
weil_er seit einigen Tagen misstrauisch_war und die_Aussage anzweifelte.",Was tat Philipp?,frustrierte Daniel,enttäuschte Stefan,,,F,4,NP1,frustrierte Daniel,left,F,F,False,male,male,both_male,NP1-Causality
nonamb,3,37,NP1,NP1-Causality,sie,amb,"Maria frustrierte Daniela, weil sie seit einigen Tagen misstrauisch war und die Aussage anzweifelte.",Was tat Maria? (frustrierte Daniela / versohlte Katharina),frustrated,StimExp,10.0,0.0,-1.82,79,geschickt,34.46,9.0,frustrierte,0.69,11.0,87.5,"Maria frustrierte Daniela,
weil_sie seit einigen Tagen misstrauisch_war und die_Aussage anzweifelte.",Was tat Maria?,frustrierte Daniela,versohlte Katharina,,,F,4,NP1,frustrierte Daniela,left,F,F,False,female,female,both_female,NP1-Causality
nonamb,4,37,NP1,NP1-Causality,sie,sie,"Maria frustrierte Daniel, weil sie seit einigen Tagen misstrauisch war und die Aussage anzweifelte.",Was tat Maria? (frustrierte Daniel / führte Lena),frustrated,StimExp,10.0,0.0,-1.82,79,geschickt,34.46,9.0,frustrierte,0.69,11.0,87.5,"Maria frustrierte Daniel,
weil_sie seit einigen Tagen misstrauisch_war und die_Aussage anzweifelte.",Was tat Maria?,frustrierte Daniel,führte Lena,,,F,4,NP1,frustrierte Daniel,left,F,F,False,female,male,swapped,NP1-Causality
nonamb,5,37,NP1,NP2-Causality,sie,sie,"Philipp frustrierte Daniela, weil sie seit einigen Tagen überfordert war und den Überblick verlor.",Was tat Philipp? (frustrierte Daniela / grüßte Anna),frustrated,StimExp,10.0,0.0,-1.82,79,ungeschickt,2.05,11.0,frustrierte,0.69,11.0,87.5,"Philipp frustrierte Daniela,
weil_sie seit einigen Tagen überfordert_war und den_Überblick verlor.",Was tat Philipp?,frustrierte Daniela,grüßte Anna,,,F,4,NP2,frustrierte Daniela,left,F,F,False,male,female,original,NP2-Causality
nonamb,6,37,NP1,NP2-Causality,er,amb,"Philipp frustrierte Daniel, weil er seit einigen Tagen überfordert war und den Überblick verlor.",Was tat Philipp? (frustrierte Daniel / führte Lena),frustrated,StimExp,10.0,0.0,-1.82,79,ungeschickt,2.05,11.0,frustrierte,0.69,11.0,87.5,"Philipp frustrierte Daniel,
weil_er seit einigen Tagen überfordert_war und den_Überblick verlor.",Was tat Philipp?,frustrierte Daniel,führte Lena,,,F,4,NP2,frustrierte Daniel,left,F,F,False,male,male,both_male,NP2-Causality
nonamb,7,37,NP1,NP2-Causality,sie,amb,"Maria frustrierte Daniela, weil sie seit einigen Tagen überfordert war und den Überblick verlor.",Was tat Maria? (frustrierte Daniela / traf Daniela),frustrated,StimExp,10.0,0.0,-1.82,79,ungeschickt,2.05,11.0,frustrierte,0.69,11.0,87.5,"Maria frustrierte Daniela,
weil_sie seit einigen Tagen überfordert_war und den_Überblick verlor.",Was tat Maria?,frustrierte Daniela,traf Daniela,,,F,4,NP2,frustrierte Daniela,left,F,F,False,female,female,both_female,NP2-Causality
nonamb,8,37,NP1,NP2-Causality,er,er,"Maria frustrierte Daniel, weil er seit einigen Tagen überfordert war und den Überblick verlor.",Was tat Maria? (frustrierte Daniel / reizte Katharina),frustrated,StimExp,10.0,0.0,-1.82,79,ungeschickt,2.05,11.0,frustrierte,0.69,11.0,87.5,"Maria frustrierte Daniel,
weil_er seit einigen Tagen überfordert_war und den_Überblick verlor.",Was tat Maria?,frustrierte Daniel,reizte Katharina,,,F,4,NP2,frustrierte Daniel,left,F,F,False,female,male,swapped,NP2-Causality
nonamb,1,38,NP1,NP1-Causality,er,er,"Matthias inspirierte Julia, weil er an dem Abend kreativ war und das Konzept entwarf.",Was tat Matthias? (inspirierte Julia / entmutigte Florian),inspired,StimExp,8.0,6.0,1.45,78,wunderlich,4.09,10.0,inspirierte,1.44,11.0,68.75,"Matthias inspirierte Julia,
weil_er an dem Abend kreativ_war und das_Konzept entwarf.",Was tat Matthias?,inspirierte Julia,entmutigte Florian,,,F,4,NP1,inspirierte Julia,left,F,F,False,male,female,original,NP1-Causality
nonamb,2,38,NP1,NP1-Causality,er,amb,"Matthias inspirierte Jürgen, weil er an dem Abend kreativ war und das Konzept entwarf.",Was tat Matthias? (inspirierte Jürgen / rammte Philipp),inspired,StimExp,8.0,6.0,1.45,78,wunderlich,4.09,10.0,inspirierte,1.44,11.0,68.75,"Matthias inspirierte Jürgen,
weil_er an dem Abend kreativ_war und das_Konzept entwarf.",Was tat Matthias?,inspirierte Jürgen,rammte Philipp,,,F,4,NP1,inspirierte Jürgen,left,F,F,False,male,male,both_male,NP1-Causality
nonamb,3,38,NP1,NP1-Causality,sie,amb,"Jana inspirierte Julia, weil sie an dem Abend kreativ war und das Konzept entwarf.",Was tat Jana? (inspirierte Julia / beschimpfte Klaus),inspired,StimExp,8.0,6.0,1.45,78,wunderlich,4.09,10.0,inspirierte,1.44,11.0,68.75,"Jana inspirierte Julia,
weil_sie an dem Abend kreativ_war und das_Konzept entwarf.",Was tat Jana?,inspirierte Julia,beschimpfte Klaus,,,F,4,NP1,inspirierte Julia,left,F,F,False,female,female,both_female,NP1-Causality
nonamb,4,38,NP1,NP1-Causality,sie,sie,"Jana inspirierte Jürgen, weil sie an dem Abend kreativ war und das Konzept entwarf.",Was tat Jana? (inspirierte Jürgen / störte Sebastian),inspired,StimExp,8.0,6.0,1.45,78,wunderlich,4.09,10.0,inspirierte,1.44,11.0,68.75,"Jana inspirierte Jürgen,
weil_sie an dem Abend kreativ_war und das_Konzept entwarf.",Was tat Jana?,inspirierte Jürgen,störte Sebastian,,,F,4,NP1,inspirierte Jürgen,left,F,F,False,female,male,swapped,NP1-Causality
nonamb,5,38,NP1,NP2-Causality,sie,sie,"Matthias inspirierte Julia, weil sie an dem Abend neugierig war und das Potenzial erkannte.",Was tat Matthias? (inspirierte Julia / verunglimpfte Sarah),inspired,StimExp,8.0,6.0,1.45,78,beeindruckt,11.92,11.0,inspirierte,1.44,11.0,68.75,"Matthias inspirierte Julia,
weil_sie an dem Abend neugierig_war und das_Potenzial erkannte.",Was tat Matthias?,inspirierte Julia,verunglimpfte Sarah,,,F,4,NP2,inspirierte Julia,left,F,F,False,male,female,original,NP2-Causality
nonamb,6,38,NP1,NP2-Causality,er,amb,"Matthias inspirierte Jürgen, weil er an dem Abend neugierig war und das Potenzial erkannte.",Was tat Matthias? (inspirierte Jürgen / lobte Julia),inspired,StimExp,8.0,6.0,1.45,78,beeindruckt,11.92,11.0,inspirierte,1.44,11.0,68.75,"Matthias inspirierte Jürgen,
weil_er an dem Abend neugierig_war und das_Potenzial erkannte.",Was tat Matthias?,inspirierte Jürgen,lobte Julia,,,F,4,NP2,inspirierte Jürgen,left,F,F,False,male,male,both_male,NP2-Causality
nonamb,7,38,NP1,NP2-Causality,sie,amb,"Jana inspirierte Julia, weil sie an dem Abend neugierig war und das Potenzial erkannte.",Was tat Jana? (inspirierte Julia / imitierte Sarah),inspired,StimExp,8.0,6.0,1.45,78,beeindruckt,11.92,11.0,inspirierte,1.44,11.0,68.75,"Jana inspirierte Julia,
weil_sie an dem Abend neugierig_war und das_Potenzial erkannte.",Was tat Jana?,inspirierte Julia,imitierte Sarah,,,F,4,NP2,inspirierte Julia,left,F,F,False,female,female,both_female,NP2-Causality
nonamb,8,38,NP1,NP2-Causality,er,er,"Jana inspirierte Jürgen, weil er an dem Abend neugierig war und das Potenzial erkannte.",Was tat Jana? (inspirierte Jürgen / versohlte Katharina),inspired,StimExp,8.0,6.0,1.45,78,beeindruckt,11.92,11.0,inspirierte,1.44,11.0,68.75,"Jana inspirierte Jürgen,
weil_er an dem Abend neugierig_war und das_Potenzial erkannte.",Was tat Jana?,inspirierte Jürgen,versohlte Katharina,,,F,4,NP2,inspirierte Jürgen,left,F,F,False,female,male,swapped,NP2-Causality
nonamb,1,39,NP1,NP1-Causality,er,er,"Frank empörte Eva, weil er am frühen Morgen verlogen war und die Geschichte erfand.",Wer empörte Eva? (Frank / Klaus),infuriated,StimExp,10.0,1.0,-2.45,75,ungehorsam,4.02,10.0,empörte,0.02,12.0,87.5,"Frank empörte Eva,
weil_er am frühen Morgen verlogen_war und die_Geschichte erfand.",Wer empörte Eva?,Frank,Klaus,er,er,F,2,NP1,Frank,left,F,F,False,male,female,original,NP1-Causality
nonamb,2,39,NP1,NP1-Causality,er,amb,"Frank empörte Hans, weil er am frühen Morgen verlogen war und die Geschichte erfand.",Wer empörte Hans? (Frank / Daniel),infuriated,StimExp,10.0,1.0,-2.45,75,ungehorsam,4.02,10.0,empörte,0.02,12.0,87.5,"Frank empörte Hans,
weil_er am frühen Morgen verlogen_war und die_Geschichte erfand.",Wer empörte Hans?,Frank,Daniel,er,er,F,2,NP1,Frank,left,F,F,False,male,male,both_male,NP1-Causality
nonamb,3,39,NP1,NP1-Causality,sie,amb,"Anna empörte Eva, weil sie am frühen Morgen verlogen war und die Geschichte erfand.",Wer empörte Eva? (Anna / Franziska),infuriated,StimExp,10.0,1.0,-2.45,75,ungehorsam,4.02,10.0,empörte,0.02,12.0,87.5,"Anna empörte Eva,
weil_sie am frühen Morgen verlogen_war und die_Geschichte erfand.",Wer empörte Eva?,Anna,Franziska,sie,sie,F,2,NP1,Anna,left,F,F,False,female,female,both_female,NP1-Causality
nonamb,4,39,NP1,NP1-Causality,sie,sie,"Anna empörte Hans, weil sie am frühen Morgen verlogen war und die Geschichte erfand.",Wer empörte Hans? (Anna / Laura),infuriated,StimExp,10.0,1.0,-2.45,75,ungehorsam,4.02,10.0,empörte,0.02,12.0,87.5,"Anna empörte Hans,
weil_sie am frühen Morgen verlogen_war und die_Geschichte erfand.",Wer empörte Hans?,Anna,Laura,sie,sie,F,2,NP1,Anna,left,F,F,False,female,male,swapped,NP1-Causality
nonamb,5,39,NP1,NP2-Causality,sie,sie,"Frank empörte Eva, weil sie am frühen Morgen genervt war und die Geduld verlor.",Wer empörte Eva? (Frank / David),infuriated,StimExp,10.0,1.0,-2.45,75,anspruchsvoll,15.15,13.0,empörte,0.02,12.0,87.5,"Frank empörte Eva,
weil_sie am frühen Morgen genervt_war und die_Geduld verlor.",Wer empörte Eva?,Frank,David,er,er,F,2,NP2,Frank,left,F,F,False,male,female,original,NP2-Causality
nonamb,6,39,NP1,NP2-Causality,er,amb,"Frank empörte Hans, weil er am frühen Morgen genervt war und die Geduld verlor.",Wer empörte Hans? (Frank / Jürgen),infuriated,StimExp,10.0,1.0,-2.45,75,anspruchsvoll,15.15,13.0,empörte,0.02,12.0,87.5,"Frank empörte Hans,
weil_er am frühen Morgen genervt_war und die_Geduld verlor.",Wer empörte Hans?,Frank,Jürgen,er,er,F,2,NP2,Frank,left,F,F,False,male,male,both_male,NP2-Causality
nonamb,7,39,NP1,NP2-Causality,sie,amb,"Anna empörte Eva, weil sie am frühen Morgen genervt war und die Geduld verlor.",Wer empörte Eva? (Anna / Julia),infuriated,StimExp,10.0,1.0,-2.45,75,anspruchsvoll,15.15,13.0,empörte,0.02,12.0,87.5,"Anna empörte Eva,
weil_sie am frühen Morgen genervt_war und die_Geduld verlor.",Wer empörte Eva?,Anna,Julia,sie,sie,F,2,NP2,Anna,left,F,F,False,female,female,both_female,NP2-Causality
nonamb,8,39,NP1,NP2-Causality,er,er,"Anna empörte Hans, weil er am frühen Morgen genervt war und die Geduld verlor.",Wer empörte Hans? (Anna / Lisa),infuriated,StimExp,10.0,1.0,-2.45,75,anspruchsvoll,15.15,13.0,empörte,0.02,12.0,87.5,"Anna empörte Hans,
weil_er am frühen Morgen genervt_war und die_Geduld verlor.",Wer empörte Hans?,Anna,Lisa,sie,sie,F,2,NP2,Anna,left,F,F,False,female,male,swapped,NP2-Causality
nonamb,1,40,NP1,NP1-Causality,er,er,"Paul interessierte Claudia, weil er seit kurzer Zeit aufmerksam war und jedes Detail bemerkte.",Wer interessierte Claudia? (Paul / Andreas),intrigued,StimExp,9.0,17.0,1.45,76,populistisch,0.63,12.0,interessierte,0.02,9.0,81.25,"Paul interessierte Claudia,
weil_er seit kurzer Zeit aufmerksam_war und jedes_Detail bemerkte.",Wer interessierte Claudia?,Paul,Andreas,er,er,F,2,NP1,Paul,left,F,F,False,male,female,original,NP1-Causality
nonamb,2,40,NP1,NP1-Causality,er,amb,"Paul interessierte Martin, weil er seit kurzer Zeit aufmerksam war und jedes Detail bemerkte.",Wer interessierte Martin? (Paul / Sebastian),intrigued,StimExp,9.0,17.0,1.45,76,populistisch,0.63,12.0,interessierte,0.02,9.0,81.25,"Paul interessierte Martin,
weil_er seit kurzer Zeit aufmerksam_war und jedes_Detail bemerkte.",Wer interessierte Martin?,Paul,Sebastian,er,er,F,2,NP1,Paul,left,F,F,False,male,male,both_male,NP1-Causality
nonamb,3,40,NP1,NP1-Causality,sie,amb,"Birgit interessierte Claudia, weil sie seit kurzer Zeit aufmerksam war und jedes Detail bemerkte.",Wer interessierte Claudia? (Birgit / Jasmin),intrigued,StimExp,9.0,17.0,1.45,76,populistisch,0.63,12.0,interessierte,0.02,9.0,81.25,"Birgit interessierte Claudia,
weil_sie seit kurzer Zeit aufmerksam_war und jedes_Detail bemerkte.",Wer interessierte Claudia?,Birgit,Jasmin,sie,sie,F,2,NP1,Birgit,left,F,F,False,female,female,both_female,NP1-Causality
nonamb,4,40,NP1,NP1-Causality,sie,sie,"Birgit interessierte Martin, weil sie seit kurzer Zeit aufmerksam war und jedes Detail bemerkte.",Wer interessierte Martin? (Birgit / Nicole),intrigued,StimExp,9.0,17.0,1.45,76,populistisch,0.63,12.0,interessierte,0.02,9.0,81.25,"Birgit interessierte Martin,
weil_sie seit kurzer Zeit aufmerksam_war und jedes_Detail bemerkte.",Wer interessierte Martin?,Birgit,Nicole,sie,sie,F,2,NP1,Birgit,left,F,F,False,female,male,swapped,NP1-Causality
nonamb,5,40,NP1,NP2-Causality,sie,sie,"Paul interessierte Claudia, weil sie seit kurzer Zeit ungewöhnlich war und eine besondere Ausstrahlung hatte.",Wer interessierte Claudia? (Paul / Martin),intrigued,StimExp,9.0,17.0,1.45,76,beeinflussbar,0.57,13.0,interessierte,0.02,9.0,81.25,"Paul interessierte Claudia,
weil_sie seit kurzer Zeit ungewöhnlich_war und eine_besondere_Ausstrahlung hatte.",Wer interessierte Claudia?,Paul,Martin,er,er,F,2,NP2,Paul,left,F,F,False,male,female,original,NP2-Causality
nonamb,6,40,NP1,NP2-Causality,er,amb,"Paul interessierte Martin, weil er seit kurzer Zeit ungewöhnlich war und eine besondere Ausstrahlung hatte.",Wer interessierte Martin? (Paul / Elias),intrigued,StimExp,9.0,17.0,1.45,76,beeinflussbar,0.57,13.0,interessierte,0.02,9.0,81.25,"Paul interessierte Martin,
weil_er seit kurzer Zeit ungewöhnlich_war und eine_besondere_Ausstrahlung hatte.",Wer interessierte Martin?,Paul,Elias,er,er,F,2,NP2,Paul,left,F,F,False,male,male,both_male,NP2-Causality
nonamb,7,40,NP1,NP2-Causality,sie,amb,"Birgit interessierte Claudia, weil sie seit kurzer Zeit ungewöhnlich war und eine besondere Ausstrahlung hatte.",Wer interessierte Claudia? (Birgit / Sarah),intrigued,StimExp,9.0,17.0,1.45,76,beeinflussbar,0.57,13.0,interessierte,0.02,9.0,81.25,"Birgit interessierte Claudia,
weil_sie seit kurzer Zeit ungewöhnlich_war und eine_besondere_Ausstrahlung hatte.",Wer interessierte Claudia?,Birgit,Sarah,sie,sie,F,2,NP2,Birgit,left,F,F,False,female,female,both_female,NP2-Causality
nonamb,8,40,NP1,NP2-Causality,er,er,"Birgit interessierte Martin, weil er seit kurzer Zeit ungewöhnlich war und eine besondere Ausstrahlung hatte.",Wer interessierte Martin? (Birgit / Eva),intrigued,StimExp,9.0,17.0,1.45,76,beeinflussbar,0.57,13.0,interessierte,0.02,9.0,81.25,"Birgit interessierte Martin,
weil_er seit kurzer Zeit ungewöhnlich_war und eine_besondere_Ausstrahlung hatte.",Wer interessierte Martin?,Birgit,Eva,sie,sie,F,2,NP2,Birgit,left,F,F,False,female,male,swapped,NP2-Causality
nonamb,1,41,NP2,NP1-Causality,er,er,"Sebastian mochte Susanne, weil er schon seit Langem abenteuerlustig war und den Nervenkitzel genoss.",Wen mochte Sebastian? (Susanne / Sarah),liked,ExpStim,5.0,0.0,1.73,-91,mutig,13.77,5.0,mochte,5.94,6.0,18.75,"Sebastian mochte Susanne,
weil_er schon seit Langem abenteuerlustig_war und den_Nervenkitzel genoss.",Wen mochte Sebastian?,Susanne,Sarah,sie,sie,F,3,NP1,Susanne,left,F,F,False,male,female,original,NP1-Causality
nonamb,2,41,NP2,NP1-Causality,er,amb,"Sebastian mochte Andreas, weil er schon seit Langem abenteuerlustig war und den Nervenkitzel genoss.",Wen mochte Sebastian? (Andreas / Frank),liked,ExpStim,5.0,0.0,1.73,-91,mutig,13.77,5.0,mochte,5.94,6.0,18.75,"Sebastian mochte Andreas,
weil_er schon seit Langem abenteuerlustig_war und den_Nervenkitzel genoss.",Wen mochte Sebastian?,Andreas,Frank,er,er,F,3,NP1,Andreas,left,F,F,False,male,male,both_male,NP1-Causality
nonamb,3,41,NP2,NP1-Causality,sie,amb,"Linda mochte Susanne, weil sie schon seit Langem abenteuerlustig war und den Nervenkitzel genoss.",Wen mochte Linda? (Susanne / Barbara),liked,ExpStim,5.0,0.0,1.73,-91,mutig,13.77,5.0,mochte,5.94,6.0,18.75,"Linda mochte Susanne,
weil_sie schon seit Langem abenteuerlustig_war und den_Nervenkitzel genoss.",Wen mochte Linda?,Susanne,Barbara,sie,sie,F,3,NP1,Susanne,left,F,F,False,female,female,both_female,NP1-Causality
nonamb,4,41,NP2,NP1-Causality,sie,sie,"Linda mochte Andreas, weil sie schon seit Langem abenteuerlustig war und den Nervenkitzel genoss.",Wen mochte Linda? (Andreas / Paul),liked,ExpStim,5.0,0.0,1.73,-91,mutig,13.77,5.0,mochte,5.94,6.0,18.75,"Linda mochte Andreas,
weil_sie schon seit Langem abenteuerlustig_war und den_Nervenkitzel genoss.",Wen mochte Linda?,Andreas,Paul,er,er,F,3,NP1,Andreas,left,F,F,False,female,male,swapped,NP1-Causality
nonamb,5,41,NP2,NP2-Causality,sie,sie,"Sebastian mochte Susanne, weil sie schon seit Langem nett war und die passenden Worte fand.",Wen mochte Sebastian? (Susanne / Christina),liked,ExpStim,5.0,0.0,1.73,-91,schaulustig,0.07,11.0,mochte,5.94,6.0,18.75,"Sebastian mochte Susanne,
weil_sie schon seit Langem nett_war und die_passenden_Worte fand.",Wen mochte Sebastian?,Susanne,Christina,sie,sie,F,3,NP2,Susanne,left,F,F,False,male,female,original,NP2-Causality
nonamb,6,41,NP2,NP2-Causality,er,amb,"Sebastian mochte Andreas, weil er schon seit Langem nett war und die passenden Worte fand.",Wen mochte Sebastian? (Andreas / Christian),liked,ExpStim,5.0,0.0,1.73,-91,schaulustig,0.07,11.0,mochte,5.94,6.0,18.75,"Sebastian mochte Andreas,
weil_er schon seit Langem nett_war und die_passenden_Worte fand.",Wen mochte Sebastian?,Andreas,Christian,er,er,F,3,NP2,Andreas,left,F,F,False,male,male,both_male,NP2-Causality
nonamb,7,41,NP2,NP2-Causality,sie,amb,"Linda mochte Susanne, weil sie schon seit Langem nett war und die passenden Worte fand.",Wen mochte Linda? (Susanne / Martina),liked,ExpStim,5.0,0.0,1.73,-91,schaulustig,0.07,11.0,mochte,5.94,6.0,18.75,"Linda mochte Susanne,
weil_sie schon seit Langem nett_war und die_passenden_Worte fand.",Wen mochte Linda?,Susanne,Martina,sie,sie,F,3,NP2,Susanne,left,F,F,False,female,female,both_female,NP2-Causality
nonamb,8,41,NP2,NP2-Causality,er,er,"Linda mochte Andreas, weil er schon seit Langem nett war und die passenden Worte fand.",Wen mochte Linda? (Andreas / Thomas),liked,ExpStim,5.0,0.0,1.73,-91,schaulustig,0.07,11.0,mochte,5.94,6.0,18.75,"Linda mochte Andreas,
weil_er schon seit Langem nett_war und die_passenden_Worte fand.",Wen mochte Linda?,Andreas,Thomas,er,er,F,3,NP2,Andreas,left,F,F,False,female,male,swapped,NP2-Causality
nonamb,1,42,NP2,NP1-Causality,er,er,"Uwe liebte Barbara, weil er von Anfang an gefühlvoll war und die Sorgen teilte.",Wer liebte Barbara? (Uwe / Dominik),loved,ExpStim,5.0,284.0,2.45,-80,senil,0.45,5.0,liebte,5.2,6.0,56.25,"Uwe liebte Barbara,
weil_er von Anfang an gefühlvoll_war und die_Sorgen teilte.",Wer liebte Barbara?,Uwe,Dominik,er,er,F,2,NP1,Uwe,left,F,F,False,male,female,original,NP1-Causality
nonamb,2,42,NP2,NP1-Causality,er,amb,"Uwe liebte Tobias, weil er von Anfang an gefühlvoll war und die Sorgen teilte.",Wer liebte Tobias? (Uwe / Peter),loved,ExpStim,5.0,284.0,2.45,-80,senil,0.45,5.0,liebte,5.2,6.0,56.25,"Uwe liebte Tobias,
weil_er von Anfang an gefühlvoll_war und die_Sorgen teilte.",Wer liebte Tobias?,Uwe,Peter,er,er,F,2,NP1,Uwe,left,F,F,False,male,male,both_male,NP1-Causality
nonamb,3,42,NP2,NP1-Causality,sie,amb,"Martina liebte Barbara, weil sie von Anfang an gefühlvoll war und die Sorgen teilte.",Wer liebte Barbara? (Martina / Jana),loved,ExpStim,5.0,284.0,2.45,-80,senil,0.45,5.0,liebte,5.2,6.0,56.25,"Martina liebte Barbara,
weil_sie von Anfang an gefühlvoll_war und die_Sorgen teilte.",Wer liebte Barbara?,Martina,Jana,sie,sie,F,2,NP1,Martina,left,F,F,False,female,female,both_female,NP1-Causality
nonamb,4,42,NP2,NP1-Causality,sie,sie,"Martina liebte Tobias, weil sie von Anfang an gefühlvoll war und die Sorgen teilte.",Wer liebte Tobias? (Martina / Franziska),loved,ExpStim,5.0,284.0,2.45,-80,senil,0.45,5.0,liebte,5.2,6.0,56.25,"Martina liebte Tobias,
weil_sie von Anfang an gefühlvoll_war und die_Sorgen teilte.",Wer liebte Tobias?,Martina,Franziska,sie,sie,F,2,NP1,Martina,left,F,F,False,female,male,swapped,NP1-Causality
nonamb,5,42,NP2,NP2-Causality,sie,sie,"Uwe liebte Barbara, weil sie von Anfang an treu war und die Beziehung pflegte.",Wer liebte Barbara? (Uwe / Thomas),loved,ExpStim,5.0,284.0,2.45,-80,treu,23.52,4.0,liebte,5.2,6.0,56.25,"Uwe liebte Barbara,
weil_sie von Anfang an treu_war und die_Beziehung pflegte.",Wer liebte Barbara?,Uwe,Thomas,er,er,F,2,NP2,Uwe,left,F,F,False,male,female,original,NP2-Causality
nonamb,6,42,NP2,NP2-Causality,er,amb,"Uwe liebte Tobias, weil er von Anfang an treu war und die Beziehung pflegte.",Wer liebte Tobias? (Uwe / Klaus),loved,ExpStim,5.0,284.0,2.45,-80,treu,23.52,4.0,liebte,5.2,6.0,56.25,"Uwe liebte Tobias,
weil_er von Anfang an treu_war und die_Beziehung pflegte.",Wer liebte Tobias?,Uwe,Klaus,er,er,F,2,NP2,Uwe,left,F,F,False,male,male,both_male,NP2-Causality
nonamb,7,42,NP2,NP2-Causality,sie,amb,"Martina liebte Barbara, weil sie von Anfang an treu war und die Beziehung pflegte.",Wer liebte Barbara? (Martina / Eva),loved,ExpStim,5.0,284.0,2.45,-80,treu,23.52,4.0,liebte,5.2,6.0,56.25,"Martina liebte Barbara,
weil_sie von Anfang an treu_war und die_Beziehung pflegte.",Wer liebte Barbara?,Martina,Eva,sie,sie,F,2,NP2,Martina,left,F,F,False,female,female,both_female,NP2-Causality
nonamb,8,42,NP2,NP2-Causality,er,er,"Martina liebte Tobias, weil er von Anfang an treu war und die Beziehung pflegte.",Wer liebte Tobias? (Martina / Johanna),loved,ExpStim,5.0,284.0,2.45,-80,treu,23.52,4.0,liebte,5.2,6.0,56.25,"Martina liebte Tobias,
weil_er von Anfang an treu_war und die_Beziehung pflegte.",Wer liebte Tobias?,Martina,Johanna,sie,sie,F,2,NP2,Martina,left,F,F,False,female,male,swapped,NP2-Causality
nonamb,1,44,NP2,NP1-Causality,er,er,"Johannes vermisste Laura, weil er vor kurzer Zeit einsam war und die Stille fürchtete.",Wen vermisste Johannes? (Laura / Maria),mourned,ExpStim,7.0,10.0,-2.73,-72,mitfühlend,1.08,10.0,vermisste,0.3,8.0,68.75,"Johannes vermisste Laura,
weil_er vor kurzer Zeit einsam_war und die_Stille fürchtete.",Wen vermisste Johannes?,Laura,Maria,sie,sie,F,3,NP1,Laura,left,F,F,False,male,female,original,NP1-Causality
nonamb,2,44,NP2,NP1-Causality,er,amb,"Johannes vermisste Klaus, weil er vor kurzer Zeit einsam war und die Stille fürchtete.",Wen vermisste Johannes? (Klaus / Wolfgang),mourned,ExpStim,7.0,10.0,-2.73,-72,mitfühlend,1.08,10.0,vermisste,0.3,8.0,68.75,"Johannes vermisste Klaus,
weil_er vor kurzer Zeit einsam_war und die_Stille fürchtete.",Wen vermisste Johannes?,Klaus,Wolfgang,er,er,F,3,NP1,Klaus,left,F,F,False,male,male,both_male,NP1-Causality
nonamb,3,44,NP2,NP1-Causality,sie,amb,"Sarah vermisste Laura, weil sie vor kurzer Zeit einsam war und die Stille fürchtete.",Wen vermisste Sarah? (Laura / Eva),mourned,ExpStim,7.0,10.0,-2.73,-72,mitfühlend,1.08,10.0,vermisste,0.3,8.0,68.75,"Sarah vermisste Laura,
weil_sie vor kurzer Zeit einsam_war und die_Stille fürchtete.",Wen vermisste Sarah?,Laura,Eva,sie,sie,F,3,NP1,Laura,left,F,F,False,female,female,both_female,NP1-Causality
nonamb,4,44,NP2,NP1-Causality,sie,sie,"Sarah vermisste Klaus, weil sie vor kurzer Zeit einsam war und die Stille fürchtete.",Wen vermisste Sarah? (Klaus / Philipp),mourned,ExpStim,7.0,10.0,-2.73,-72,mitfühlend,1.08,10.0,vermisste,0.3,8.0,68.75,"Sarah vermisste Klaus,
weil_sie vor kurzer Zeit einsam_war und die_Stille fürchtete.",Wen vermisste Sarah?,Klaus,Philipp,er,er,F,3,NP1,Klaus,left,F,F,False,female,male,swapped,NP1-Causality
nonamb,5,44,NP2,NP2-Causality,sie,sie,"Johannes vermisste Laura, weil sie vor kurzer Zeit verstorben war und eine Lücke hinterließ.",Wen vermisste Johannes? (Laura / Julia),mourned,ExpStim,7.0,10.0,-2.73,-72,verstorben,16.86,10.0,vermisste,0.3,8.0,68.75,"Johannes vermisste Laura,
weil_sie vor kurzer Zeit verstorben_war und eine_Lücke hinterließ.",Wen vermisste Johannes?,Laura,Julia,sie,sie,F,3,NP2,Laura,left,F,F,False,male,female,original,NP2-Causality
nonamb,6,44,NP2,NP2-Causality,er,amb,"Johannes vermisste Klaus, weil er vor kurzer Zeit verstorben war und eine Lücke hinterließ.",Wen vermisste Johannes? (Klaus / Peter),mourned,ExpStim,7.0,10.0,-2.73,-72,verstorben,16.86,10.0,vermisste,0.3,8.0,68.75,"Johannes vermisste Klaus,
weil_er vor kurzer Zeit verstorben_war und eine_Lücke hinterließ.",Wen vermisste Johannes?,Klaus,Peter,er,er,F,3,NP2,Klaus,left,F,F,False,male,male,both_male,NP2-Causality
nonamb,7,44,NP2,NP2-Causality,sie,amb,"Sarah vermisste Laura, weil sie vor kurzer Zeit verstorben war und eine Lücke hinterließ.",Wen vermisste Sarah? (Laura / Nina),mourned,ExpStim,7.0,10.0,-2.73,-72,verstorben,16.86,10.0,vermisste,0.3,8.0,68.75,"Sarah vermisste Laura,
weil_sie vor kurzer Zeit verstorben_war und eine_Lücke hinterließ.",Wen vermisste Sarah?,Laura,Nina,sie,sie,F,3,NP2,Laura,left,F,F,False,female,female,both_female,NP2-Causality
nonamb,8,44,NP2,NP2-Causality,er,er,"Sarah vermisste Klaus, weil er vor kurzer Zeit verstorben war und eine Lücke hinterließ.",Wen vermisste Sarah? (Klaus / Daniel),mourned,ExpStim,7.0,10.0,-2.73,-72,verstorben,16.86,10.0,vermisste,0.3,8.0,68.75,"Sarah vermisste Klaus,
weil_er vor kurzer Zeit verstorben_war und eine_Lücke hinterließ.",Wen vermisste Sarah?,Klaus,Daniel,er,er,F,3,NP2,Klaus,left,F,F,False,female,male,swapped,NP2-Causality
nonamb,1,45,neutral,NP1-Causality,er,er,"David schüttelte Sabine, weil er in der Situation besorgt war und die Warnzeichen bemerkte.",Wann war er besorgt? (in der Situation / zu jedem Zeitpunkt),jolted,StimExp,6.0,10.0,-0.91,-3,schwer,228.24,6.0,schüttelte,5.62,13.0,87.5,"David schüttelte Sabine,
weil_er in der Situation besorgt_war und die_Warnzeichen bemerkte.",Wann war er besorgt?,in der Situation,zu jedem Zeitpunkt,,,F,5,NP1,in der Situation,left,F,F,False,male,female,original,NP1-Causality
nonamb,2,45,neutral,NP1-Causality,er,amb,"David schüttelte Alexander, weil er in der Situation besorgt war und die Warnzeichen bemerkte.",Wann war er besorgt? (in der Situation / zu jedem Zeitpunkt),jolted,StimExp,6.0,10.0,-0.91,-3,schwer,228.24,6.0,schüttelte,5.62,13.0,87.5,"David schüttelte Alexander,
weil_er in der Situation besorgt_war und die_Warnzeichen bemerkte.",Wann war er besorgt?,in der Situation,zu jedem Zeitpunkt,,,F,5,NP1,in der Situation,left,F,F,False,male,male,both_male,NP1-Causality
nonamb,3,45,neutral,NP1-Causality,sie,amb,"Renate schüttelte Sabine, weil sie in der Situation besorgt war und die Warnzeichen bemerkte.",Wann war sie besorgt? (in der Situation / zu jedem Zeitpunkt),jolted,StimExp,6.0,10.0,-0.91,-3,schwer,228.24,6.0,schüttelte,5.62,13.0,87.5,"Renate schüttelte Sabine,
weil_sie in der Situation besorgt_war und die_Warnzeichen bemerkte.",Wann war sie besorgt?,in der Situation,zu jedem Zeitpunkt,,,F,5,NP1,in der Situation,left,F,F,False,female,female,both_female,NP1-Causality
nonamb,4,45,neutral,NP1-Causality,sie,sie,"Renate schüttelte Alexander, weil sie in der Situation besorgt war und die Warnzeichen bemerkte.",Wann war sie besorgt? (in der Situation / zu jedem Zeitpunkt),jolted,StimExp,6.0,10.0,-0.91,-3,schwer,228.24,6.0,schüttelte,5.62,13.0,87.5,"Renate schüttelte Alexander,
weil_sie in der Situation besorgt_war und die_Warnzeichen bemerkte.",Wann war sie besorgt?,in der Situation,zu jedem Zeitpunkt,,,F,5,NP1,in der Situation,left,F,F,False,female,male,swapped,NP1-Causality
nonamb,5,45,neutral,NP2-Causality,sie,sie,"David schüttelte Sabine, weil sie in der Situation unkonzentriert war und ein Signal verpasste.",Wann war sie unkonzentriert? (in der Situation / zu jedem Zeitpunkt),jolted,StimExp,6.0,10.0,-0.91,-3,leicht,208.29,6.0,schüttelte,5.62,13.0,87.5,"David schüttelte Sabine,
weil_sie in der Situation unkonzentriert_war und ein_Signal verpasste.",Wann war sie unkonzentriert?,in der Situation,zu jedem Zeitpunkt,,,F,5,NP2,in der Situation,left,F,F,False,male,female,original,NP2-Causality
nonamb,6,45,neutral,NP2-Causality,er,amb,"David schüttelte Alexander, weil er in der Situation unkonzentriert war und ein Signal verpasste.",Wann war er unkonzentriert? (in der Situation / zu jedem Zeitpunkt),jolted,StimExp,6.0,10.0,-0.91,-3,leicht,208.29,6.0,schüttelte,5.62,13.0,87.5,"David schüttelte Alexander,
weil_er in der Situation unkonzentriert_war und ein_Signal verpasste.",Wann war er unkonzentriert?,in der Situation,zu jedem Zeitpunkt,,,F,5,NP2,in der Situation,left,F,F,False,male,male,both_male,NP2-Causality
nonamb,7,45,neutral,NP2-Causality,sie,amb,"Renate schüttelte Sabine, weil sie in der Situation unkonzentriert war und ein Signal verpasste.",Wann war sie unkonzentriert? (in der Situation / zu jedem Zeitpunkt),jolted,StimExp,6.0,10.0,-0.91,-3,leicht,208.29,6.0,schüttelte,5.62,13.0,87.5,"Renate schüttelte Sabine,
weil_sie in der Situation unkonzentriert_war und ein_Signal verpasste.",Wann war sie unkonzentriert?,in der Situation,zu jedem Zeitpunkt,,,F,5,NP2,in der Situation,left,F,F,False,female,female,both_female,NP2-Causality
nonamb,8,45,neutral,NP2-Causality,er,er,"Renate schüttelte Alexander, weil er in der Situation unkonzentriert war und ein Signal verpasste.",Wann war er unkonzentriert? (in der Situation / zu jedem Zeitpunkt),jolted,StimExp,6.0,10.0,-0.91,-3,leicht,208.29,6.0,schüttelte,5.62,13.0,87.5,"Renate schüttelte Alexander,
weil_er in der Situation unkonzentriert_war und ein_Signal verpasste.",Wann war er unkonzentriert?,in der Situation,zu jedem Zeitpunkt,,,F,5,NP2,in der Situation,left,F,F,False,female,male,swapped,NP2-Causality
nonamb,1,46,neutral,NP1-Causality,er,er,"Wolfgang verließ Nicole, weil er seit kurzer Zeit unglücklich war und einen Neuanfang suchte.",Was tat Wolfgang? (verließ Nicole / erzürnte Hans),left,AgP,4.0,175.0,-1.45,2,egoistisch,3.79,10.0,verließ,11.81,8.0,93.75,"Wolfgang verließ Nicole,
weil_er seit kurzer Zeit unglücklich_war und einen_Neuanfang suchte.",Was tat Wolfgang?,verließ Nicole,erzürnte Hans,,,F,4,NP1,verließ Nicole,left,F,F,False,male,female,original,NP1-Causality
nonamb,2,46,neutral,NP1-Causality,er,amb,"Wolfgang verließ Peter, weil er seit kurzer Zeit unglücklich war und einen Neuanfang suchte.",Was tat Wolfgang? (verließ Peter / bejubelte Anna),left,AgP,4.0,175.0,-1.45,2,egoistisch,3.79,10.0,verließ,11.81,8.0,93.75,"Wolfgang verließ Peter,
weil_er seit kurzer Zeit unglücklich_war und einen_Neuanfang suchte.",Was tat Wolfgang?,verließ Peter,bejubelte Anna,,,F,4,NP1,verließ Peter,left,F,F,False,male,male,both_male,NP1-Causality
nonamb,3,46,neutral,NP1-Causality,sie,amb,"Monika verließ Nicole, weil sie seit kurzer Zeit unglücklich war und einen Neuanfang suchte.",Was tat Monika? (verließ Nicole / verehrte Julia),left,AgP,4.0,175.0,-1.45,2,egoistisch,3.79,10.0,verließ,11.81,8.0,93.75,"Monika verließ Nicole,
weil_sie seit kurzer Zeit unglücklich_war und einen_Neuanfang suchte.",Was tat Monika?,verließ Nicole,verehrte Julia,,,F,4,NP1,verließ Nicole,left,F,F,False,female,female,both_female,NP1-Causality
nonamb,4,46,neutral,NP1-Causality,sie,sie,"Monika verließ Peter, weil sie seit kurzer Zeit unglücklich war und einen Neuanfang suchte.",Was tat Monika? (verließ Peter / belebte Florian),left,AgP,4.0,175.0,-1.45,2,egoistisch,3.79,10.0,verließ,11.81,8.0,93.75,"Monika verließ Peter,
weil_sie seit kurzer Zeit unglücklich_war und einen_Neuanfang suchte.",Was tat Monika?,verließ Peter,belebte Florian,,,F,4,NP1,verließ Peter,left,F,F,False,female,male,swapped,NP1-Causality
nonamb,5,46,neutral,NP2-Causality,sie,sie,"Wolfgang verließ Nicole, weil sie seit kurzer Zeit unverschämt war und das Versprechen brach.",Was tat Wolfgang? (verließ Nicole / empörte Eva),left,AgP,4.0,175.0,-1.45,2,anstrengend,8.91,11.0,verließ,11.81,8.0,93.75,"Wolfgang verließ Nicole,
weil_sie seit kurzer Zeit unverschämt_war und das_Versprechen brach.",Was tat Wolfgang?,verließ Nicole,empörte Eva,,,F,4,NP2,verließ Nicole,left,F,F,False,male,female,original,NP2-Causality
nonamb,6,46,neutral,NP2-Causality,er,amb,"Wolfgang verließ Peter, weil er seit kurzer Zeit unverschämt war und das Versprechen brach.",Was tat Wolfgang? (verließ Peter / entschädigte Eva),left,AgP,4.0,175.0,-1.45,2,anstrengend,8.91,11.0,verließ,11.81,8.0,93.75,"Wolfgang verließ Peter,
weil_er seit kurzer Zeit unverschämt_war und das_Versprechen brach.",Was tat Wolfgang?,verließ Peter,entschädigte Eva,,,F,4,NP2,verließ Peter,left,F,F,False,male,male,both_male,NP2-Causality
nonamb,7,46,neutral,NP2-Causality,sie,amb,"Monika verließ Nicole, weil sie seit kurzer Zeit unverschämt war und das Versprechen brach.",Was tat Monika? (verließ Nicole / kränkte Martin),left,AgP,4.0,175.0,-1.45,2,anstrengend,8.91,11.0,verließ,11.81,8.0,93.75,"Monika verließ Nicole,
weil_sie seit kurzer Zeit unverschämt_war und das_Versprechen brach.",Was tat Monika?,verließ Nicole,kränkte Martin,,,F,4,NP2,verließ Nicole,left,F,F,False,female,female,both_female,NP2-Causality
nonamb,8,46,neutral,NP2-Causality,er,er,"Monika verließ Peter, weil er seit kurzer Zeit unverschämt war und das Versprechen brach.",Was tat Monika? (verließ Peter / rammte Philipp),left,AgP,4.0,175.0,-1.45,2,anstrengend,8.91,11.0,verließ,11.81,8.0,93.75,"Monika verließ Peter,
weil_er seit kurzer Zeit unverschämt_war und das_Versprechen brach.",Was tat Monika?,verließ Peter,rammte Philipp,,,F,4,NP2,verließ Peter,left,F,F,False,female,male,swapped,NP2-Causality
nonamb,1,47,neutral,NP1-Causality,er,er,"Karl tötete Lisa, weil er unter den Umständen gefährdet war und einen Angriff abwehrte.",Was tat Karl? (tötete Lisa / tröstete Thomas),killed,AgP,6.0,984.0,-2.82,5,bösartig,6.48,8.0,tötete,2.65,6.0,56.25,"Karl tötete Lisa,
weil_er unter den Umständen gefährdet_war und einen_Angriff abwehrte.",Was tat Karl?,tötete Lisa,tröstete Thomas,,,F,4,NP1,tötete Lisa,left,F,F,False,male,female,original,NP1-Causality
nonamb,2,47,neutral,NP1-Causality,er,amb,"Karl tötete Thomas, weil er unter den Umständen gefährdet war und einen Angriff abwehrte.",Was tat Karl? (tötete Thomas / dominierte Matthias),killed,AgP,6.0,984.0,-2.82,5,bösartig,6.48,8.0,tötete,2.65,6.0,56.25,"Karl tötete Thomas,
weil_er unter den Umständen gefährdet_war und einen_Angriff abwehrte.",Was tat Karl?,tötete Thomas,dominierte Matthias,,,F,4,NP1,tötete Thomas,left,F,F,False,male,male,both_male,NP1-Causality
nonamb,3,47,neutral,NP1-Causality,sie,amb,"Lena tötete Lisa, weil sie unter den Umständen gefährdet war und einen Angriff abwehrte.",Was tat Lena? (tötete Lisa / entmutigte Florian),killed,AgP,6.0,984.0,-2.82,5,bösartig,6.48,8.0,tötete,2.65,6.0,56.25,"Lena tötete Lisa,
weil_sie unter den Umständen gefährdet_war und einen_Angriff abwehrte.",Was tat Lena?,tötete Lisa,entmutigte Florian,,,F,4,NP1,tötete Lisa,left,F,F,False,female,female,both_female,NP1-Causality
nonamb,4,47,neutral,NP1-Causality,sie,sie,"Lena tötete Thomas, weil sie unter den Umständen gefährdet war und einen Angriff abwehrte.",Was tat Lena? (tötete Thomas / betörte Stefan),killed,AgP,6.0,984.0,-2.82,5,bösartig,6.48,8.0,tötete,2.65,6.0,56.25,"Lena tötete Thomas,
weil_sie unter den Umständen gefährdet_war und einen_Angriff abwehrte.",Was tat Lena?,tötete Thomas,betörte Stefan,,,F,4,NP1,tötete Thomas,left,F,F,False,female,male,swapped,NP1-Causality
nonamb,5,47,neutral,NP2-Causality,sie,sie,"Karl tötete Lisa, weil sie unter den Umständen bewaffnet war und ein Messer zückte.",Was tat Karl? (tötete Lisa / liebte Barbara),killed,AgP,6.0,984.0,-2.82,5,unberechenbar,2.85,13.0,tötete,2.65,6.0,56.25,"Karl tötete Lisa,
weil_sie unter den Umständen bewaffnet_war und ein_Messer zückte.",Was tat Karl?,tötete Lisa,liebte Barbara,,,F,4,NP2,tötete Lisa,left,F,F,False,male,female,original,NP2-Causality
nonamb,6,47,neutral,NP2-Causality,er,amb,"Karl tötete Thomas, weil er unter den Umständen bewaffnet war und ein Messer zückte.",Was tat Karl? (tötete Thomas / mochte Susanne),killed,AgP,6.0,984.0,-2.82,5,unberechenbar,2.85,13.0,tötete,2.65,6.0,56.25,"Karl tötete Thomas,
weil_er unter den Umständen bewaffnet_war und ein_Messer zückte.",Was tat Karl?,tötete Thomas,mochte Susanne,,,F,4,NP2,tötete Thomas,left,F,F,False,male,male,both_male,NP2-Causality
nonamb,7,47,neutral,NP2-Causality,sie,amb,"Lena tötete Lisa, weil sie unter den Umständen bewaffnet war und ein Messer zückte.",Was tat Lena? (tötete Lisa / gratulierte Sarah),killed,AgP,6.0,984.0,-2.82,5,unberechenbar,2.85,13.0,tötete,2.65,6.0,56.25,"Lena tötete Lisa,
weil_sie unter den Umständen bewaffnet_war und ein_Messer zückte.",Was tat Lena?,tötete Lisa,gratulierte Sarah,,,F,4,NP2,tötete Lisa,left,F,F,False,female,female,both_female,NP2-Causality
nonamb,8,47,neutral,NP2-Causality,er,er,"Lena tötete Thomas, weil er unter den Umständen bewaffnet war und ein Messer zückte.",Was tat Lena? (tötete Thomas / elektrisierte Nina),killed,AgP,6.0,984.0,-2.82,5,unberechenbar,2.85,13.0,tötete,2.65,6.0,56.25,"Lena tötete Thomas,
weil_er unter den Umständen bewaffnet_war und ein_Messer zückte.",Was tat Lena?,tötete Thomas,elektrisierte Nina,,,F,4,NP2,tötete Thomas,left,F,F,False,female,male,swapped,NP2-Causality
nonamb,1,48,neutral,NP1-Causality,er,er,"Christian besänftigte Katharina, weil er unter den Umständen einfühlsam war und die Ruhe bewahrte.",Was tat Christian? (besänftigte Katharina / bedrückte Karl),mollified,StimExp,9.0,2.0,-0.18,-2,nachgiebig,0.42,10.0,besänftigte,0.07,11.0,81.25,"Christian besänftigte Katharina,
weil_er unter den Umständen einfühlsam_war und die_Ruhe bewahrte.",Was tat Christian?,besänftigte Katharina,bedrückte Karl,,,F,4,NP1,besänftigte Katharina,left,F,F,False,male,female,original,NP1-Causality
nonamb,2,48,neutral,NP1-Causality,er,amb,"Christian besänftigte Michael, weil er unter den Umständen einfühlsam war und die Ruhe bewahrte.",Was tat Christian? (besänftigte Michael / erzürnte Renate),mollified,StimExp,9.0,2.0,-0.18,-2,nachgiebig,0.42,10.0,besänftigte,0.07,11.0,81.25,"Christian besänftigte Michael,
weil_er unter den Umständen einfühlsam_war und die_Ruhe bewahrte.",Was tat Christian?,besänftigte Michael,erzürnte Renate,,,F,4,NP1,besänftigte Michael,left,F,F,False,male,male,both_male,NP1-Causality
nonamb,3,48,neutral,NP1-Causality,sie,amb,"Petra besänftigte Katharina, weil sie unter den Umständen einfühlsam war und die Ruhe bewahrte.",Was tat Petra? (besänftigte Katharina / belästigte Frank),mollified,StimExp,9.0,2.0,-0.18,-2,nachgiebig,0.42,10.0,besänftigte,0.07,11.0,81.25,"Petra besänftigte Katharina,
weil_sie unter den Umständen einfühlsam_war und die_Ruhe bewahrte.",Was tat Petra?,besänftigte Katharina,belästigte Frank,,,F,4,NP1,besänftigte Katharina,left,F,F,False,female,female,both_female,NP1-Causality
nonamb,4,48,neutral,NP1-Causality,sie,sie,"Petra besänftigte Michael, weil sie unter den Umständen einfühlsam war und die Ruhe bewahrte.",Was tat Petra? (besänftigte Michael / beneidete Johannes),mollified,StimExp,9.0,2.0,-0.18,-2,nachgiebig,0.42,10.0,besänftigte,0.07,11.0,81.25,"Petra besänftigte Michael,
weil_sie unter den Umständen einfühlsam_war und die_Ruhe bewahrte.",Was tat Petra?,besänftigte Michael,beneidete Johannes,,,F,4,NP1,besänftigte Michael,left,F,F,False,female,male,swapped,NP1-Causality
nonamb,5,48,neutral,NP2-Causality,sie,sie,"Christian besänftigte Katharina, weil sie unter den Umständen aufgebracht war und die Fäuste ballte.",Was tat Christian? (besänftigte Katharina / nervte Sabine),mollified,StimExp,9.0,2.0,-0.18,-2,mit einbezogen,2.85,13.0,besänftigte,0.07,11.0,81.25,"Christian besänftigte Katharina,
weil_sie unter den Umständen aufgebracht_war und die_Fäuste ballte.",Was tat Christian?,besänftigte Katharina,nervte Sabine,,,F,4,NP2,besänftigte Katharina,left,F,F,False,male,female,original,NP2-Causality
nonamb,6,48,neutral,NP2-Causality,er,amb,"Christian besänftigte Michael, weil er unter den Umständen aufgebracht war und die Fäuste ballte.",Was tat Christian? (besänftigte Michael / entlohnte Florian),mollified,StimExp,9.0,2.0,-0.18,-2,mit einbezogen,2.85,13.0,besänftigte,0.07,11.0,81.25,"Christian besänftigte Michael,
weil_er unter den Umständen aufgebracht_war und die_Fäuste ballte.",Was tat Christian?,besänftigte Michael,entlohnte Florian,,,F,4,NP2,besänftigte Michael,left,F,F,False,male,male,both_male,NP2-Causality
nonamb,7,48,neutral,NP2-Causality,sie,amb,"Petra besänftigte Katharina, weil sie unter den Umständen aufgebracht war und die Fäuste ballte.",Was tat Petra? (besänftigte Katharina / bedrückte Karl),mollified,StimExp,9.0,2.0,-0.18,-2,mit einbezogen,2.85,13.0,besänftigte,0.07,11.0,81.25,"Petra besänftigte Katharina,
weil_sie unter den Umständen aufgebracht_war und die_Fäuste ballte.",Was tat Petra?,besänftigte Katharina,bedrückte Karl,,,F,4,NP2,besänftigte Katharina,left,F,F,False,female,female,both_female,NP2-Causality
nonamb,8,48,neutral,NP2-Causality,er,er,"Petra besänftigte Michael, weil er unter den Umständen aufgebracht war und die Fäuste ballte.",Was tat Petra? (besänftigte Michael / ermutigte Philipp),mollified,StimExp,9.0,2.0,-0.18,-2,mit einbezogen,2.85,13.0,besänftigte,0.07,11.0,81.25,"Petra besänftigte Michael,
weil_er unter den Umständen aufgebracht_war und die_Fäuste ballte.",Was tat Petra?,besänftigte Michael,ermutigte Philipp,,,F,4,NP2,besänftigte Michael,left,F,F,False,female,male,swapped,NP2-Causality
nonamb,1,49,NP1,NP1-Causality,er,er,"Florian erfreute Nina, weil er am frühen Morgen zuvorkommend war und die Arbeit abnahm.",Wer war am frühen Morgen zuvorkommend? (Florian / Nina),pleased,StimExp,7.0,0.0,1.73,83,attraktiv,35.42,9.0,erfreute,0.22,9.0,68.75,"Florian erfreute Nina,
weil_er am frühen Morgen zuvorkommend_war und die_Arbeit abnahm.",Wer war am frühen Morgen zuvorkommend?,Florian,Nina,er,sie,F,1,NP1,Florian,left,F,F,False,male,female,original,NP1-Causality
nonamb,2,49,NP1,NP1-Causality,er,amb,"Florian erfreute Stefan, weil er am frühen Morgen zuvorkommend war und die Arbeit abnahm.",Wer war am frühen Morgen zuvorkommend? (Florian / Stefan),pleased,StimExp,7.0,0.0,1.73,83,attraktiv,35.42,9.0,erfreute,0.22,9.0,68.75,"Florian erfreute Stefan,
weil_er am frühen Morgen zuvorkommend_war und die_Arbeit abnahm.",Wer war am frühen Morgen zuvorkommend?,Florian,Stefan,er,er,FJ,1,NP1,Florian,left,F,FJ,True,male,male,both_male,NP1-Causality
nonamb,3,49,NP1,NP1-Causality,sie,amb,"Johanna erfreute Nina, weil sie am frühen Morgen zuvorkommend war und die Arbeit abnahm.",Wer war am frühen Morgen zuvorkommend? (Johanna / Nina),pleased,StimExp,7.0,0.0,1.73,83,attraktiv,35.42,9.0,erfreute,0.22,9.0,68.75,"Johanna erfreute Nina,
weil_sie am frühen Morgen zuvorkommend_war und die_Arbeit abnahm.",Wer war am frühen Morgen zuvorkommend?,Johanna,Nina,sie,sie,FJ,1,NP1,Johanna,left,F,FJ,True,female,female,both_female,NP1-Causality
nonamb,4,49,NP1,NP1-Causality,sie,sie,"Johanna erfreute Stefan, weil sie am frühen Morgen zuvorkommend war und die Arbeit abnahm.",Wer war am frühen Morgen zuvorkommend? (Johanna / Stefan),pleased,StimExp,7.0,0.0,1.73,83,attraktiv,35.42,9.0,erfreute,0.22,9.0,68.75,"Johanna erfreute Stefan,
weil_sie am frühen Morgen zuvorkommend_war und die_Arbeit abnahm.",Wer war am frühen Morgen zuvorkommend?,Johanna,Stefan,sie,er,F,1,NP1,Johanna,left,F,F,False,female,male,swapped,NP1-Causality
nonamb,5,49,NP1,NP2-Causality,sie,sie,"Florian erfreute Nina, weil sie am frühen Morgen überarbeitet war und die Unterstützung erhielt.",Wer war am frühen Morgen überarbeitet? (Florian / Nina),pleased,StimExp,7.0,0.0,1.73,83,gebraucht,28.06,9.0,erfreute,0.22,9.0,68.75,"Florian erfreute Nina,
weil_sie am frühen Morgen überarbeitet_war und die_Unterstützung erhielt.",Wer war am frühen Morgen überarbeitet?,Florian,Nina,er,sie,J,1,NP2,Nina,right,J,J,False,male,female,original,NP2-Causality
nonamb,6,49,NP1,NP2-Causality,er,amb,"Florian erfreute Stefan, weil er am frühen Morgen überarbeitet war und die Unterstützung erhielt.",Wer war am frühen Morgen überarbeitet? (Florian / Stefan),pleased,StimExp,7.0,0.0,1.73,83,gebraucht,28.06,9.0,erfreute,0.22,9.0,68.75,"Florian erfreute Stefan,
weil_er am frühen Morgen überarbeitet_war und die_Unterstützung erhielt.",Wer war am frühen Morgen überarbeitet?,Florian,Stefan,er,er,FJ,1,NP2,Stefan,right,J,FJ,True,male,male,both_male,NP2-Causality
nonamb,7,49,NP1,NP2-Causality,sie,amb,"Johanna erfreute Nina, weil sie am frühen Morgen überarbeitet war und die Unterstützung erhielt.",Wer war am frühen Morgen überarbeitet? (Johanna / Nina),pleased,StimExp,7.0,0.0,1.73,83,gebraucht,28.06,9.0,erfreute,0.22,9.0,68.75,"Johanna erfreute Nina,
weil_sie am frühen Morgen überarbeitet_war und die_Unterstützung erhielt.",Wer war am frühen Morgen überarbeitet?,Johanna,Nina,sie,sie,FJ,1,NP2,Nina,right,J,FJ,True,female,female,both_female,NP2-Causality
nonamb,8,49,NP1,NP2-Causality,er,er,"Johanna erfreute Stefan, weil er am frühen Morgen überarbeitet war und die Unterstützung erhielt.",Wer war am frühen Morgen überarbeitet? (Johanna / Stefan),pleased,StimExp,7.0,0.0,1.73,83,gebraucht,28.06,9.0,erfreute,0.22,9.0,68.75,"Johanna erfreute Stefan,
weil_er am frühen Morgen überarbeitet_war und die_Unterstützung erhielt.",Wer war am frühen Morgen überarbeitet?,Johanna,Stefan,sie,er,J,1,NP2,Stefan,right,J,J,False,female,male,swapped,NP2-Causality
nonamb,1,50,NP1,NP1-Causality,er,er,"Hans schockierte Daniela, weil er auf der Demonstration schamlos war und die Anstandsregeln missachtete.",Was tat Hans? (schockierte Daniela / ärgerte Stefan),repulsed,StimExp,8.0,34.0,-2.91,76,dienstbeflissen,0.05,15.0,schockierte,0.1,8.0,31.25,"Hans schockierte Daniela,
weil_er auf der Demonstration schamlos_war und die_Anstandsregeln missachtete.",Was tat Hans?,schockierte Daniela,ärgerte Stefan,,,F,4,NP1,schockierte Daniela,left,F,F,False,male,female,original,NP1-Causality
nonamb,2,50,NP1,NP1-Causality,er,amb,"Hans schockierte Thomas, weil er auf der Demonstration schamlos war und die Anstandsregeln missachtete.",Was tat Hans? (schockierte Thomas / begehrte Tobias),repulsed,StimExp,8.0,34.0,-2.91,76,dienstbeflissen,0.05,15.0,schockierte,0.1,8.0,31.25,"Hans schockierte Thomas,
weil_er auf der Demonstration schamlos_war und die_Anstandsregeln missachtete.",Was tat Hans?,schockierte Thomas,begehrte Tobias,,,F,4,NP1,schockierte Thomas,left,F,F,False,male,male,both_male,NP1-Causality
nonamb,3,50,NP1,NP1-Causality,sie,amb,"Birgit schockierte Daniela, weil sie auf der Demonstration schamlos war und die Anstandsregeln missachtete.",Was tat Birgit? (schockierte Daniela / trug Lena),repulsed,StimExp,8.0,34.0,-2.91,76,dienstbeflissen,0.05,15.0,schockierte,0.1,8.0,31.25,"Birgit schockierte Daniela,
weil_sie auf der Demonstration schamlos_war und die_Anstandsregeln missachtete.",Was tat Birgit?,schockierte Daniela,trug Lena,,,F,4,NP1,schockierte Daniela,left,F,F,False,female,female,both_female,NP1-Causality
nonamb,4,50,NP1,NP1-Causality,sie,sie,"Birgit schockierte Thomas, weil sie auf der Demonstration schamlos war und die Anstandsregeln missachtete.",Was tat Birgit? (schockierte Thomas / tadelte Eva),repulsed,StimExp,8.0,34.0,-2.91,76,dienstbeflissen,0.05,15.0,schockierte,0.1,8.0,31.25,"Birgit schockierte Thomas,
weil_sie auf der Demonstration schamlos_war und die_Anstandsregeln missachtete.",Was tat Birgit?,schockierte Thomas,tadelte Eva,,,F,4,NP1,schockierte Thomas,left,F,F,False,female,male,swapped,NP1-Causality
nonamb,5,50,NP1,NP2-Causality,sie,sie,"Hans schockierte Daniela, weil sie auf der Demonstration anständig war und die Regeln befolgte.",Was tat Hans? (schockierte Daniela / begleitete Anna),repulsed,StimExp,8.0,34.0,-2.91,76,destruktiv,3.26,10.0,schockierte,0.1,8.0,31.25,"Hans schockierte Daniela,
weil_sie auf der Demonstration anständig_war und die_Regeln befolgte.",Was tat Hans?,schockierte Daniela,begleitete Anna,,,F,4,NP2,schockierte Daniela,left,F,F,False,male,female,original,NP2-Causality
nonamb,6,50,NP1,NP2-Causality,er,amb,"Hans schockierte Thomas, weil er auf der Demonstration anständig war und die Regeln befolgte.",Was tat Hans? (schockierte Thomas / verehrte Julia),repulsed,StimExp,8.0,34.0,-2.91,76,destruktiv,3.26,10.0,schockierte,0.1,8.0,31.25,"Hans schockierte Thomas,
weil_er auf der Demonstration anständig_war und die_Regeln befolgte.",Was tat Hans?,schockierte Thomas,verehrte Julia,,,F,4,NP2,schockierte Thomas,left,F,F,False,male,male,both_male,NP2-Causality
nonamb,7,50,NP1,NP2-Causality,sie,amb,"Birgit schockierte Daniela, weil sie auf der Demonstration anständig war und die Regeln befolgte.",Was tat Birgit? (schockierte Daniela / ermutigte Philipp),repulsed,StimExp,8.0,34.0,-2.91,76,destruktiv,3.26,10.0,schockierte,0.1,8.0,31.25,"Birgit schockierte Daniela,
weil_sie auf der Demonstration anständig_war und die_Regeln befolgte.",Was tat Birgit?,schockierte Daniela,ermutigte Philipp,,,F,4,NP2,schockierte Daniela,left,F,F,False,female,female,both_female,NP2-Causality
nonamb,8,50,NP1,NP2-Causality,er,er,"Birgit schockierte Thomas, weil er auf der Demonstration anständig war und die Regeln befolgte.",Was tat Birgit? (schockierte Thomas / täuschte Uwe),repulsed,StimExp,8.0,34.0,-2.91,76,destruktiv,3.26,10.0,schockierte,0.1,8.0,31.25,"Birgit schockierte Thomas,
weil_er auf der Demonstration anständig_war und die_Regeln befolgte.",Was tat Birgit?,schockierte Thomas,täuschte Uwe,,,F,4,NP2,schockierte Thomas,left,F,F,False,female,male,swapped,NP2-Causality
nonamb,1,51,NP1,NP1-Causality,er,er,"Martin provozierte Sabine, weil er an diesem Tag streitlustig war und den Konflikt suchte.",Wen provozierte Martin? (Sabine / Claudia),provoked,AgP,8.0,35.0,-1.36,70,rachsüchtig,0.43,6.0,provozierte,0.95,11.0,50.0,"Martin provozierte Sabine,
weil_er an diesem Tag streitlustig_war und den_Konflikt suchte.",Wen provozierte Martin?,Sabine,Claudia,sie,sie,F,3,NP1,Sabine,left,F,F,False,male,female,original,NP1-Causality
nonamb,2,51,NP1,NP1-Causality,er,amb,"Martin provozierte David, weil er an diesem Tag streitlustig war und den Konflikt suchte.",Wen provozierte Martin? (David / Christian),provoked,AgP,8.0,35.0,-1.36,70,rachsüchtig,0.43,6.0,provozierte,0.95,11.0,50.0,"Martin provozierte David,
weil_er an diesem Tag streitlustig_war und den_Konflikt suchte.",Wen provozierte Martin?,David,Christian,er,er,F,3,NP1,David,left,F,F,False,male,male,both_male,NP1-Causality
nonamb,3,51,NP1,NP1-Causality,sie,amb,"Barbara provozierte Sabine, weil sie an diesem Tag streitlustig war und den Konflikt suchte.",Wen provozierte Barbara? (Sabine / Eva),provoked,AgP,8.0,35.0,-1.36,70,rachsüchtig,0.43,6.0,provozierte,0.95,11.0,50.0,"Barbara provozierte Sabine,
weil_sie an diesem Tag streitlustig_war und den_Konflikt suchte.",Wen provozierte Barbara?,Sabine,Eva,sie,sie,F,3,NP1,Sabine,left,F,F,False,female,female,both_female,NP1-Causality
nonamb,4,51,NP1,NP1-Causality,sie,sie,"Barbara provozierte David, weil sie an diesem Tag streitlustig war und den Konflikt suchte.",Wen provozierte Barbara? (David / Martin),provoked,AgP,8.0,35.0,-1.36,70,rachsüchtig,0.43,6.0,provozierte,0.95,11.0,50.0,"Barbara provozierte David,
weil_sie an diesem Tag streitlustig_war und den_Konflikt suchte.",Wen provozierte Barbara?,David,Martin,er,er,F,3,NP1,David,left,F,F,False,female,male,swapped,NP1-Causality
nonamb,5,51,NP1,NP2-Causality,sie,sie,"Martin provozierte Sabine, weil sie an diesem Tag launisch war und die Antwort verweigerte.",Wen provozierte Martin? (Sabine / Anna),provoked,AgP,8.0,35.0,-1.36,70,reizbar,0.5,7.0,provozierte,0.95,11.0,50.0,"Martin provozierte Sabine,
weil_sie an diesem Tag launisch_war und die_Antwort verweigerte.",Wen provozierte Martin?,Sabine,Anna,sie,sie,F,3,NP2,Sabine,left,F,F,False,male,female,original,NP2-Causality
nonamb,6,51,NP1,NP2-Causality,er,amb,"Martin provozierte David, weil er an diesem Tag launisch war und die Antwort verweigerte.",Wen provozierte Martin? (David / Florian),provoked,AgP,8.0,35.0,-1.36,70,reizbar,0.5,7.0,provozierte,0.95,11.0,50.0,"Martin provozierte David,
weil_er an diesem Tag launisch_war und die_Antwort verweigerte.",Wen provozierte Martin?,David,Florian,er,er,F,3,NP2,David,left,F,F,False,male,male,both_male,NP2-Causality
nonamb,7,51,NP1,NP2-Causality,sie,amb,"Barbara provozierte Sabine, weil sie an diesem Tag launisch war und die Antwort verweigerte.",Wen provozierte Barbara? (Sabine / Linda),provoked,AgP,8.0,35.0,-1.36,70,reizbar,0.5,7.0,provozierte,0.95,11.0,50.0,"Barbara provozierte Sabine,
weil_sie an diesem Tag launisch_war und die_Antwort verweigerte.",Wen provozierte Barbara?,Sabine,Linda,sie,sie,F,3,NP2,Sabine,left,F,F,False,female,female,both_female,NP2-Causality
nonamb,8,51,NP1,NP2-Causality,er,er,"Barbara provozierte David, weil er an diesem Tag launisch war und die Antwort verweigerte.",Wen provozierte Barbara? (David / Wolfgang),provoked,AgP,8.0,35.0,-1.36,70,reizbar,0.5,7.0,provozierte,0.95,11.0,50.0,"Barbara provozierte David,
weil_er an diesem Tag launisch_war und die_Antwort verweigerte.",Wen provozierte Barbara?,David,Wolfgang,er,er,F,3,NP2,David,left,F,F,False,female,male,swapped,NP2-Causality
nonamb,1,52,NP1,NP1-Causality,er,er,"Karl erschreckte Martina, weil er bei der Begegnung einschüchternd war und die Stimme erhob.",Wer erschreckte Martina? (Karl / Johannes),scared,StimExp,6.0,0.0,-2.0,74,fürchterlich,5.74,12.0,erschreckte,0.5,11.0,62.5,"Karl erschreckte Martina,
weil_er bei der Begegnung einschüchternd_war und die_Stimme erhob.",Wer erschreckte Martina?,Karl,Johannes,er,er,F,2,NP1,Karl,left,F,F,False,male,female,original,NP1-Causality
nonamb,2,52,NP1,NP1-Causality,er,amb,"Karl erschreckte Daniel, weil er bei der Begegnung einschüchternd war und die Stimme erhob.",Wer erschreckte Daniel? (Karl / Julian),scared,StimExp,6.0,0.0,-2.0,74,fürchterlich,5.74,12.0,erschreckte,0.5,11.0,62.5,"Karl erschreckte Daniel,
weil_er bei der Begegnung einschüchternd_war und die_Stimme erhob.",Wer erschreckte Daniel?,Karl,Julian,er,er,F,2,NP1,Karl,left,F,F,False,male,male,both_male,NP1-Causality
nonamb,3,52,NP1,NP1-Causality,sie,amb,"Claudia erschreckte Martina, weil sie bei der Begegnung einschüchternd war und die Stimme erhob.",Wer erschreckte Martina? (Claudia / Birgit),scared,StimExp,6.0,0.0,-2.0,74,fürchterlich,5.74,12.0,erschreckte,0.5,11.0,62.5,"Claudia erschreckte Martina,
weil_sie bei der Begegnung einschüchternd_war und die_Stimme erhob.",Wer erschreckte Martina?,Claudia,Birgit,sie,sie,F,2,NP1,Claudia,left,F,F,False,female,female,both_female,NP1-Causality
nonamb,4,52,NP1,NP1-Causality,sie,sie,"Claudia erschreckte Daniel, weil sie bei der Begegnung einschüchternd war und die Stimme erhob.",Wer erschreckte Daniel? (Claudia / Jana),scared,StimExp,6.0,0.0,-2.0,74,fürchterlich,5.74,12.0,erschreckte,0.5,11.0,62.5,"Claudia erschreckte Daniel,
weil_sie bei der Begegnung einschüchternd_war und die_Stimme erhob.",Wer erschreckte Daniel?,Claudia,Jana,sie,sie,F,2,NP1,Claudia,left,F,F,False,female,male,swapped,NP1-Causality
nonamb,5,52,NP1,NP2-Causality,sie,sie,"Karl erschreckte Martina, weil sie bei der Begegnung ängstlich war und einen Schrei ausstieß.",Wer erschreckte Martina? (Karl / Julian),scared,StimExp,6.0,0.0,-2.0,74,ängstlich,7.09,9.0,erschreckte,0.5,11.0,62.5,"Karl erschreckte Martina,
weil_sie bei der Begegnung ängstlich_war und einen_Schrei ausstieß.",Wer erschreckte Martina?,Karl,Julian,er,er,F,2,NP2,Karl,left,F,F,False,male,female,original,NP2-Causality
nonamb,6,52,NP1,NP2-Causality,er,amb,"Karl erschreckte Daniel, weil er bei der Begegnung ängstlich war und einen Schrei ausstieß.",Wer erschreckte Daniel? (Karl / Frank),scared,StimExp,6.0,0.0,-2.0,74,ängstlich,7.09,9.0,erschreckte,0.5,11.0,62.5,"Karl erschreckte Daniel,
weil_er bei der Begegnung ängstlich_war und einen_Schrei ausstieß.",Wer erschreckte Daniel?,Karl,Frank,er,er,F,2,NP2,Karl,left,F,F,False,male,male,both_male,NP2-Causality
nonamb,7,52,NP1,NP2-Causality,sie,amb,"Claudia erschreckte Martina, weil sie bei der Begegnung ängstlich war und einen Schrei ausstieß.",Wer erschreckte Martina? (Claudia / Julia),scared,StimExp,6.0,0.0,-2.0,74,ängstlich,7.09,9.0,erschreckte,0.5,11.0,62.5,"Claudia erschreckte Martina,
weil_sie bei der Begegnung ängstlich_war und einen_Schrei ausstieß.",Wer erschreckte Martina?,Claudia,Julia,sie,sie,F,2,NP2,Claudia,left,F,F,False,female,female,both_female,NP2-Causality
nonamb,8,52,NP1,NP2-Causality,er,er,"Claudia erschreckte Daniel, weil er bei der Begegnung ängstlich war und einen Schrei ausstieß.",Wer erschreckte Daniel? (Claudia / Julia),scared,StimExp,6.0,0.0,-2.0,74,ängstlich,7.09,9.0,erschreckte,0.5,11.0,62.5,"Claudia erschreckte Daniel,
weil_er bei der Begegnung ängstlich_war und einen_Schrei ausstieß.",Wer erschreckte Daniel?,Claudia,Julia,sie,sie,F,2,NP2,Claudia,left,F,F,False,female,male,swapped,NP2-Causality
nonamb,1,53,NP2,NP1-Causality,er,er,"Paul lobte Julia, weil er von Anfang an begeistert war und die Stärke bewunderte.",Wer war von Anfang an begeistert? (Paul / Julia),praised,AgEvo,7.0,226.0,1.82,-87,anerkennend,1.13,11.0,lobte,4.7,5.0,93.75,"Paul lobte Julia,
weil_er von Anfang an begeistert_war und die_Stärke bewunderte.",Wer war von Anfang an begeistert?,Paul,Julia,er,sie,F,1,NP1,Paul,left,F,F,False,male,female,original,NP1-Causality
nonamb,2,53,NP2,NP1-Causality,er,amb,"Paul lobte Christian, weil er von Anfang an begeistert war und die Stärke bewunderte.",Wer war von Anfang an begeistert? (Paul / Christian),praised,AgEvo,7.0,226.0,1.82,-87,anerkennend,1.13,11.0,lobte,4.7,5.0,93.75,"Paul lobte Christian,
weil_er von Anfang an begeistert_war und die_Stärke bewunderte.",Wer war von Anfang an begeistert?,Paul,Christian,er,er,FJ,1,NP1,Paul,left,F,FJ,True,male,male,both_male,NP1-Causality
nonamb,3,53,NP2,NP1-Causality,sie,amb,"Laura lobte Julia, weil sie von Anfang an begeistert war und die Stärke bewunderte.",Wer war von Anfang an begeistert? (Laura / Julia),praised,AgEvo,7.0,226.0,1.82,-87,anerkennend,1.13,11.0,lobte,4.7,5.0,93.75,"Laura lobte Julia,
weil_sie von Anfang an begeistert_war und die_Stärke bewunderte.",Wer war von Anfang an begeistert?,Laura,Julia,sie,sie,FJ,1,NP1,Laura,left,F,FJ,True,female,female,both_female,NP1-Causality
nonamb,4,53,NP2,NP1-Causality,sie,sie,"Laura lobte Christian, weil sie von Anfang an begeistert war und die Stärke bewunderte.",Wer war von Anfang an begeistert? (Laura / Christian),praised,AgEvo,7.0,226.0,1.82,-87,anerkennend,1.13,11.0,lobte,4.7,5.0,93.75,"Laura lobte Christian,
weil_sie von Anfang an begeistert_war und die_Stärke bewunderte.",Wer war von Anfang an begeistert?,Laura,Christian,sie,er,F,1,NP1,Laura,left,F,F,False,female,male,swapped,NP1-Causality
nonamb,5,53,NP2,NP2-Causality,sie,sie,"Paul lobte Julia, weil sie von Anfang an ehrgeizig war und die Prüfung bestand.",Wer war von Anfang an ehrgeizig? (Paul / Julia),praised,AgEvo,7.0,226.0,1.82,-87,tapfer,6.05,6.0,lobte,4.7,5.0,93.75,"Paul lobte Julia,
weil_sie von Anfang an ehrgeizig_war und die_Prüfung bestand.",Wer war von Anfang an ehrgeizig?,Paul,Julia,er,sie,J,1,NP2,Julia,right,J,J,False,male,female,original,NP2-Causality
nonamb,6,53,NP2,NP2-Causality,er,amb,"Paul lobte Christian, weil er von Anfang an ehrgeizig war und die Prüfung bestand.",Wer war von Anfang an ehrgeizig? (Paul / Christian),praised,AgEvo,7.0,226.0,1.82,-87,tapfer,6.05,6.0,lobte,4.7,5.0,93.75,"Paul lobte Christian,
weil_er von Anfang an ehrgeizig_war und die_Prüfung bestand.",Wer war von Anfang an ehrgeizig?,Paul,Christian,er,er,FJ,1,NP2,Christian,right,J,FJ,True,male,male,both_male,NP2-Causality
nonamb,7,53,NP2,NP2-Causality,sie,amb,"Laura lobte Julia, weil sie von Anfang an ehrgeizig war und die Prüfung bestand.",Wer war von Anfang an ehrgeizig? (Laura / Julia),praised,AgEvo,7.0,226.0,1.82,-87,tapfer,6.05,6.0,lobte,4.7,5.0,93.75,"Laura lobte Julia,
weil_sie von Anfang an ehrgeizig_war und die_Prüfung bestand.",Wer war von Anfang an ehrgeizig?,Laura,Julia,sie,sie,FJ,1,NP2,Julia,right,J,FJ,True,female,female,both_female,NP2-Causality
nonamb,8,53,NP2,NP2-Causality,er,er,"Laura lobte Christian, weil er von Anfang an ehrgeizig war und die Prüfung bestand.",Wer war von Anfang an ehrgeizig? (Laura / Christian),praised,AgEvo,7.0,226.0,1.82,-87,tapfer,6.05,6.0,lobte,4.7,5.0,93.75,"Laura lobte Christian,
weil_er von Anfang an ehrgeizig_war und die_Prüfung bestand.",Wer war von Anfang an ehrgeizig?,Laura,Christian,sie,er,J,1,NP2,Christian,right,J,J,False,female,male,swapped,NP2-Causality
nonamb,1,54,NP2,NP1-Causality,er,er,"Peter grollte Lisa, weil er in den Aufgaben erfolgreich war und die Wertschätzung vermisste.",Wer grollte Lisa? (Peter / Tobias),resented,ExpStim,8.0,41.0,-2.09,-76,fachfremd,0.52,9.0,grollte,0.21,8.0,56.25,"Peter grollte Lisa,
weil_er in den Aufgaben erfolgreich_war und die_Wertschätzung vermisste.",Wer grollte Lisa?,Peter,Tobias,er,er,F,2,NP1,Peter,left,F,F,False,male,female,original,NP1-Causality
nonamb,2,54,NP2,NP1-Causality,er,amb,"Peter grollte Stefan, weil er in den Aufgaben erfolgreich war und die Wertschätzung vermisste.",Wer grollte Stefan? (Peter / Philipp),resented,ExpStim,8.0,41.0,-2.09,-76,fachfremd,0.52,9.0,grollte,0.21,8.0,56.25,"Peter grollte Stefan,
weil_er in den Aufgaben erfolgreich_war und die_Wertschätzung vermisste.",Wer grollte Stefan?,Peter,Philipp,er,er,F,2,NP1,Peter,left,F,F,False,male,male,both_male,NP1-Causality
nonamb,3,54,NP2,NP1-Causality,sie,amb,"Maria grollte Lisa, weil sie in den Aufgaben erfolgreich war und die Wertschätzung vermisste.",Wer grollte Lisa? (Maria / Birgit),resented,ExpStim,8.0,41.0,-2.09,-76,fachfremd,0.52,9.0,grollte,0.21,8.0,56.25,"Maria grollte Lisa,
weil_sie in den Aufgaben erfolgreich_war und die_Wertschätzung vermisste.",Wer grollte Lisa?,Maria,Birgit,sie,sie,F,2,NP1,Maria,left,F,F,False,female,female,both_female,NP1-Causality
nonamb,4,54,NP2,NP1-Causality,sie,sie,"Maria grollte Stefan, weil sie in den Aufgaben erfolgreich war und die Wertschätzung vermisste.",Wer grollte Stefan? (Maria / Linda),resented,ExpStim,8.0,41.0,-2.09,-76,fachfremd,0.52,9.0,grollte,0.21,8.0,56.25,"Maria grollte Stefan,
weil_sie in den Aufgaben erfolgreich_war und die_Wertschätzung vermisste.",Wer grollte Stefan?,Maria,Linda,sie,sie,F,2,NP1,Maria,left,F,F,False,female,male,swapped,NP1-Causality
nonamb,5,54,NP2,NP2-Causality,sie,sie,"Peter grollte Lisa, weil sie in den Aufgaben schlampig war und die Anforderungen verfehlte.",Wer grollte Lisa? (Peter / Klaus),resented,ExpStim,8.0,41.0,-2.09,-76,gewinnorientiert,0.7,16.0,grollte,0.21,8.0,56.25,"Peter grollte Lisa,
weil_sie in den Aufgaben schlampig_war und die_Anforderungen verfehlte.",Wer grollte Lisa?,Peter,Klaus,er,er,F,2,NP2,Peter,left,F,F,False,male,female,original,NP2-Causality
nonamb,6,54,NP2,NP2-Causality,er,amb,"Peter grollte Stefan, weil er in den Aufgaben schlampig war und die Anforderungen verfehlte.",Wer grollte Stefan? (Peter / Jürgen),resented,ExpStim,8.0,41.0,-2.09,-76,gewinnorientiert,0.7,16.0,grollte,0.21,8.0,56.25,"Peter grollte Stefan,
weil_er in den Aufgaben schlampig_war und die_Anforderungen verfehlte.",Wer grollte Stefan?,Peter,Jürgen,er,er,F,2,NP2,Peter,left,F,F,False,male,male,both_male,NP2-Causality
nonamb,7,54,NP2,NP2-Causality,sie,amb,"Maria grollte Lisa, weil sie in den Aufgaben schlampig war und die Anforderungen verfehlte.",Wer grollte Lisa? (Maria / Eva),resented,ExpStim,8.0,41.0,-2.09,-76,gewinnorientiert,0.7,16.0,grollte,0.21,8.0,56.25,"Maria grollte Lisa,
weil_sie in den Aufgaben schlampig_war und die_Anforderungen verfehlte.",Wer grollte Lisa?,Maria,Eva,sie,sie,F,2,NP2,Maria,left,F,F,False,female,female,both_female,NP2-Causality
nonamb,8,54,NP2,NP2-Causality,er,er,"Maria grollte Stefan, weil er in den Aufgaben schlampig war und die Anforderungen verfehlte.",Wer grollte Stefan? (Maria / Martina),resented,ExpStim,8.0,41.0,-2.09,-76,gewinnorientiert,0.7,16.0,grollte,0.21,8.0,56.25,"Maria grollte Stefan,
weil_er in den Aufgaben schlampig_war und die_Anforderungen verfehlte.",Wer grollte Stefan?,Maria,Martina,sie,sie,F,2,NP2,Maria,left,F,F,False,female,male,swapped,NP2-Causality
nonamb,1,55,NP2,NP1-Causality,er,er,"Matthias schätzte Lena, weil er seit vielen Jahren überlastet war und die Unterstützung benötigte.",Seit wann war er überlastet? (seit vielen Jahren / bei der Aufgabe),prized,ExpStim,6.0,330.0,1.36,-74,hilfsbedürftig,0.9,14.0,schätzte,2.11,8.0,56.25,"Matthias schätzte Lena,
weil_er seit vielen Jahren überlastet_war und die_Unterstützung benötigte.",Seit wann war er überlastet?,seit vielen Jahren,bei der Aufgabe,,,F,5,NP1,seit vielen Jahren,left,F,F,False,male,female,original,NP1-Causality
nonamb,2,55,NP2,NP1-Causality,er,amb,"Matthias schätzte Andreas, weil er seit vielen Jahren überlastet war und die Unterstützung benötigte.",Seit wann war er überlastet? (seit vielen Jahren / bei der Aufgabe),prized,ExpStim,6.0,330.0,1.36,-74,hilfsbedürftig,0.9,14.0,schätzte,2.11,8.0,56.25,"Matthias schätzte Andreas,
weil_er seit vielen Jahren überlastet_war und die_Unterstützung benötigte.",Seit wann war er überlastet?,seit vielen Jahren,bei der Aufgabe,,,F,5,NP1,seit vielen Jahren,left,F,F,False,male,male,both_male,NP1-Causality
nonamb,3,55,NP2,NP1-Causality,sie,amb,"Nicole schätzte Lena, weil sie seit vielen Jahren überlastet war und die Unterstützung benötigte.",Seit wann war sie überlastet? (seit vielen Jahren / bei der Aufgabe),prized,ExpStim,6.0,330.0,1.36,-74,hilfsbedürftig,0.9,14.0,schätzte,2.11,8.0,56.25,"Nicole schätzte Lena,
weil_sie seit vielen Jahren überlastet_war und die_Unterstützung benötigte.",Seit wann war sie überlastet?,seit vielen Jahren,bei der Aufgabe,,,F,5,NP1,seit vielen Jahren,left,F,F,False,female,female,both_female,NP1-Causality
nonamb,4,55,NP2,NP1-Causality,sie,sie,"Nicole schätzte Andreas, weil sie seit vielen Jahren überlastet war und die Unterstützung benötigte.",Seit wann war sie überlastet? (seit vielen Jahren / bei der Aufgabe),prized,ExpStim,6.0,330.0,1.36,-74,hilfsbedürftig,0.9,14.0,schätzte,2.11,8.0,56.25,"Nicole schätzte Andreas,
weil_sie seit vielen Jahren überlastet_war und die_Unterstützung benötigte.",Seit wann war sie überlastet?,seit vielen Jahren,bei der Aufgabe,,,F,5,NP1,seit vielen Jahren,left,F,F,False,female,male,swapped,NP1-Causality
nonamb,5,55,NP2,NP2-Causality,sie,sie,"Matthias schätzte Lena, weil sie seit vielen Jahren kreativ war und das Problem löste.",Seit wann war sie kreativ? (seit vielen Jahren / bei der Aufgabe),prized,ExpStim,6.0,330.0,1.36,-74,fleißig,9.08,8.0,schätzte,2.11,8.0,56.25,"Matthias schätzte Lena,
weil_sie seit vielen Jahren kreativ_war und das_Problem löste.",Seit wann war sie kreativ?,seit vielen Jahren,bei der Aufgabe,,,F,5,NP2,seit vielen Jahren,left,F,F,False,male,female,original,NP2-Causality
nonamb,6,55,NP2,NP2-Causality,er,amb,"Matthias schätzte Andreas, weil er seit vielen Jahren kreativ war und das Problem löste.",Seit wann war er kreativ? (seit vielen Jahren / bei der Aufgabe),prized,ExpStim,6.0,330.0,1.36,-74,fleißig,9.08,8.0,schätzte,2.11,8.0,56.25,"Matthias schätzte Andreas,
weil_er seit vielen Jahren kreativ_war und das_Problem löste.",Seit wann war er kreativ?,seit vielen Jahren,bei der Aufgabe,,,F,5,NP2,seit vielen Jahren,left,F,F,False,male,male,both_male,NP2-Causality
nonamb,7,55,NP2,NP2-Causality,sie,amb,"Nicole schätzte Lena, weil sie seit vielen Jahren kreativ war und das Problem löste.",Seit wann war sie kreativ? (seit vielen Jahren / bei der Aufgabe),prized,ExpStim,6.0,330.0,1.36,-74,fleißig,9.08,8.0,schätzte,2.11,8.0,56.25,"Nicole schätzte Lena,
weil_sie seit vielen Jahren kreativ_war und das_Problem löste.",Seit wann war sie kreativ?,seit vielen Jahren,bei der Aufgabe,,,F,5,NP2,seit vielen Jahren,left,F,F,False,female,female,both_female,NP2-Causality
nonamb,8,55,NP2,NP2-Causality,er,er,"Nicole schätzte Andreas, weil er seit vielen Jahren kreativ war und das Problem löste.",Seit wann war er kreativ? (seit vielen Jahren / bei der Aufgabe),prized,ExpStim,6.0,330.0,1.36,-74,fleißig,9.08,8.0,schätzte,2.11,8.0,56.25,"Nicole schätzte Andreas,
weil_er seit vielen Jahren kreativ_war und das_Problem löste.",Seit wann war er kreativ?,seit vielen Jahren,bei der Aufgabe,,,F,5,NP2,seit vielen Jahren,left,F,F,False,female,male,swapped,NP2-Causality
nonamb,1,57,neutral,NP1-Causality,er,er,"Tobias verhöhnte Susanne, weil er bis zum Ende arrogant war und den Rat ablehnte.",Was lehnte er ab? (den Rat / das Gespräch),reviled,AgEvo,7.0,23.0,-1.73,-9,verärgert,3.91,9.0,verhöhnte,0.06,8.0,68.75,"Tobias verhöhnte Susanne,
weil_er bis zum Ende arrogant_war und den_Rat ablehnte.",Was lehnte er ab?,den Rat,das Gespräch,,,F,6,NP1,den Rat,left,F,F,False,male,female,original,NP1-Causality
nonamb,2,57,neutral,NP1-Causality,er,amb,"Tobias verhöhnte Jürgen, weil er bis zum Ende arrogant war und den Rat ablehnte.",Was lehnte er ab? (den Rat / das Gespräch),reviled,AgEvo,7.0,23.0,-1.73,-9,verärgert,3.91,9.0,verhöhnte,0.06,8.0,68.75,"Tobias verhöhnte Jürgen,
weil_er bis zum Ende arrogant_war und den_Rat ablehnte.",Was lehnte er ab?,den Rat,das Gespräch,,,F,6,NP1,den Rat,left,F,F,False,male,male,both_male,NP1-Causality
nonamb,3,57,neutral,NP1-Causality,sie,amb,"Linda verhöhnte Susanne, weil sie bis zum Ende arrogant war und den Rat ablehnte.",Was lehnte sie ab? (den Rat / das Gespräch),reviled,AgEvo,7.0,23.0,-1.73,-9,verärgert,3.91,9.0,verhöhnte,0.06,8.0,68.75,"Linda verhöhnte Susanne,
weil_sie bis zum Ende arrogant_war und den_Rat ablehnte.",Was lehnte sie ab?,den Rat,das Gespräch,,,F,6,NP1,den Rat,left,F,F,False,female,female,both_female,NP1-Causality
nonamb,4,57,neutral,NP1-Causality,sie,sie,"Linda verhöhnte Jürgen, weil sie bis zum Ende arrogant war und den Rat ablehnte.",Was lehnte sie ab? (den Rat / das Gespräch),reviled,AgEvo,7.0,23.0,-1.73,-9,verärgert,3.91,9.0,verhöhnte,0.06,8.0,68.75,"Linda verhöhnte Jürgen,
weil_sie bis zum Ende arrogant_war und den_Rat ablehnte.",Was lehnte sie ab?,den Rat,das Gespräch,,,F,6,NP1,den Rat,left,F,F,False,female,male,swapped,NP1-Causality
nonamb,5,57,neutral,NP2-Causality,sie,sie,"Tobias verhöhnte Susanne, weil sie bis zum Ende unsicher war und jede Kritik fürchtete.",Was fürchtete sie? (jede Kritik / das Gespräch),reviled,AgEvo,7.0,23.0,-1.73,-9,besiegt,7.28,7.0,verhöhnte,0.06,8.0,68.75,"Tobias verhöhnte Susanne,
weil_sie bis zum Ende unsicher_war und jede_Kritik fürchtete.",Was fürchtete sie?,jede Kritik,das Gespräch,,,F,6,NP2,jede Kritik,left,F,F,False,male,female,original,NP2-Causality
nonamb,6,57,neutral,NP2-Causality,er,amb,"Tobias verhöhnte Jürgen, weil er bis zum Ende unsicher war und jede Kritik fürchtete.",Was fürchtete er? (jede Kritik / das Gespräch),reviled,AgEvo,7.0,23.0,-1.73,-9,besiegt,7.28,7.0,verhöhnte,0.06,8.0,68.75,"Tobias verhöhnte Jürgen,
weil_er bis zum Ende unsicher_war und jede_Kritik fürchtete.",Was fürchtete er?,jede Kritik,das Gespräch,,,F,6,NP2,jede Kritik,left,F,F,False,male,male,both_male,NP2-Causality
nonamb,7,57,neutral,NP2-Causality,sie,amb,"Linda verhöhnte Susanne, weil sie bis zum Ende unsicher war und jede Kritik fürchtete.",Was fürchtete sie? (jede Kritik / das Gespräch),reviled,AgEvo,7.0,23.0,-1.73,-9,besiegt,7.28,7.0,verhöhnte,0.06,8.0,68.75,"Linda verhöhnte Susanne,
weil_sie bis zum Ende unsicher_war und jede_Kritik fürchtete.",Was fürchtete sie?,jede Kritik,das Gespräch,,,F,6,NP2,jede Kritik,left,F,F,False,female,female,both_female,NP2-Causality
nonamb,8,57,neutral,NP2-Causality,er,er,"Linda verhöhnte Jürgen, weil er bis zum Ende unsicher war und jede Kritik fürchtete.",Was fürchtete er? (jede Kritik / das Gespräch),reviled,AgEvo,7.0,23.0,-1.73,-9,besiegt,7.28,7.0,verhöhnte,0.06,8.0,68.75,"Linda verhöhnte Jürgen,
weil_er bis zum Ende unsicher_war und jede_Kritik fürchtete.",Was fürchtete er?,jede Kritik,das Gespräch,,,F,6,NP2,jede Kritik,left,F,F,False,female,male,swapped,NP2-Causality
nonamb,1,58,neutral,NP1-Causality,er,er,"Philipp beschämte Katharina, weil er an dem Tag gemein war und den Fehler betonte.",Wen beschämte Philipp? (Katharina / Jana),shamed,AgP,6.0,1.0,-2.0,12,unmöglich,36.13,9.0,beschämte,0.06,9.0,100.0,"Philipp beschämte Katharina,
weil_er an dem Tag gemein_war und den_Fehler betonte.",Wen beschämte Philipp?,Katharina,Jana,sie,sie,F,3,NP1,Katharina,left,F,F,False,male,female,original,NP1-Causality
nonamb,2,58,neutral,NP1-Causality,er,amb,"Philipp beschämte Alexander, weil er an dem Tag gemein war und den Fehler betonte.",Wen beschämte Philipp? (Alexander / Sebastian),shamed,AgP,6.0,1.0,-2.0,12,unmöglich,36.13,9.0,beschämte,0.06,9.0,100.0,"Philipp beschämte Alexander,
weil_er an dem Tag gemein_war und den_Fehler betonte.",Wen beschämte Philipp?,Alexander,Sebastian,er,er,F,3,NP1,Alexander,left,F,F,False,male,male,both_male,NP1-Causality
nonamb,3,58,neutral,NP1-Causality,sie,amb,"Monika beschämte Katharina, weil sie an dem Tag gemein war und den Fehler betonte.",Wen beschämte Monika? (Katharina / Julia),shamed,AgP,6.0,1.0,-2.0,12,unmöglich,36.13,9.0,beschämte,0.06,9.0,100.0,"Monika beschämte Katharina,
weil_sie an dem Tag gemein_war und den_Fehler betonte.",Wen beschämte Monika?,Katharina,Julia,sie,sie,F,3,NP1,Katharina,left,F,F,False,female,female,both_female,NP1-Causality
nonamb,4,58,neutral,NP1-Causality,sie,sie,"Monika beschämte Alexander, weil sie an dem Tag gemein war und den Fehler betonte.",Wen beschämte Monika? (Alexander / Peter),shamed,AgP,6.0,1.0,-2.0,12,unmöglich,36.13,9.0,beschämte,0.06,9.0,100.0,"Monika beschämte Alexander,
weil_sie an dem Tag gemein_war und den_Fehler betonte.",Wen beschämte Monika?,Alexander,Peter,er,er,F,3,NP1,Alexander,left,F,F,False,female,male,swapped,NP1-Causality
nonamb,5,58,neutral,NP2-Causality,sie,sie,"Philipp beschämte Katharina, weil sie an dem Tag tollpatschig war und das Essen verschüttete.",Wen beschämte Philipp? (Katharina / Vanessa),shamed,AgP,6.0,1.0,-2.0,12,tugendhaft,0.82,10.0,beschämte,0.06,9.0,100.0,"Philipp beschämte Katharina,
weil_sie an dem Tag tollpatschig_war und das_Essen verschüttete.",Wen beschämte Philipp?,Katharina,Vanessa,sie,sie,F,3,NP2,Katharina,left,F,F,False,male,female,original,NP2-Causality
nonamb,6,58,neutral,NP2-Causality,er,amb,"Philipp beschämte Alexander, weil er an dem Tag tollpatschig war und das Essen verschüttete.",Wen beschämte Philipp? (Alexander / Sebastian),shamed,AgP,6.0,1.0,-2.0,12,tugendhaft,0.82,10.0,beschämte,0.06,9.0,100.0,"Philipp beschämte Alexander,
weil_er an dem Tag tollpatschig_war und das_Essen verschüttete.",Wen beschämte Philipp?,Alexander,Sebastian,er,er,F,3,NP2,Alexander,left,F,F,False,male,male,both_male,NP2-Causality
nonamb,7,58,neutral,NP2-Causality,sie,amb,"Monika beschämte Katharina, weil sie an dem Tag tollpatschig war und das Essen verschüttete.",Wen beschämte Monika? (Katharina / Lena),shamed,AgP,6.0,1.0,-2.0,12,tugendhaft,0.82,10.0,beschämte,0.06,9.0,100.0,"Monika beschämte Katharina,
weil_sie an dem Tag tollpatschig_war und das_Essen verschüttete.",Wen beschämte Monika?,Katharina,Lena,sie,sie,F,3,NP2,Katharina,left,F,F,False,female,female,both_female,NP2-Causality
nonamb,8,58,neutral,NP2-Causality,er,er,"Monika beschämte Alexander, weil er an dem Tag tollpatschig war und das Essen verschüttete.",Wen beschämte Monika? (Alexander / Tobias),shamed,AgP,6.0,1.0,-2.0,12,tugendhaft,0.82,10.0,beschämte,0.06,9.0,100.0,"Monika beschämte Alexander,
weil_er an dem Tag tollpatschig_war und das_Essen verschüttete.",Wen beschämte Monika?,Alexander,Tobias,er,er,F,3,NP2,Alexander,left,F,F,False,female,male,swapped,NP2-Causality
nonamb,1,59,neutral,NP1-Causality,er,er,"Uwe belebte Petra, weil er in der Session energisch war und die Menge mitriss.",Wen belebte Uwe? (Petra / Eva),revitalized,StimExp,11.0,3.0,2.27,3,beauftragt,19.9,10.0,belebte,0.14,13.0,56.25,"Uwe belebte Petra,
weil_er in der Session energisch_war und die_Menge mitriss.",Wen belebte Uwe?,Petra,Eva,sie,sie,F,3,NP1,Petra,left,F,F,False,male,female,original,NP1-Causality
nonamb,2,59,neutral,NP1-Causality,er,amb,"Uwe belebte Florian, weil er in der Session energisch war und die Menge mitriss.",Wen belebte Uwe? (Florian / Andreas),revitalized,StimExp,11.0,3.0,2.27,3,beauftragt,19.9,10.0,belebte,0.14,13.0,56.25,"Uwe belebte Florian,
weil_er in der Session energisch_war und die_Menge mitriss.",Wen belebte Uwe?,Florian,Andreas,er,er,F,3,NP1,Florian,left,F,F,False,male,male,both_male,NP1-Causality
nonamb,3,59,neutral,NP1-Causality,sie,amb,"Johanna belebte Petra, weil sie in der Session energisch war und die Menge mitriss.",Wen belebte Johanna? (Petra / Nicole),revitalized,StimExp,11.0,3.0,2.27,3,beauftragt,19.9,10.0,belebte,0.14,13.0,56.25,"Johanna belebte Petra,
weil_sie in der Session energisch_war und die_Menge mitriss.",Wen belebte Johanna?,Petra,Nicole,sie,sie,F,3,NP1,Petra,left,F,F,False,female,female,both_female,NP1-Causality
nonamb,4,59,neutral,NP1-Causality,sie,sie,"Johanna belebte Florian, weil sie in der Session energisch war und die Menge mitriss.",Wen belebte Johanna? (Florian / Peter),revitalized,StimExp,11.0,3.0,2.27,3,beauftragt,19.9,10.0,belebte,0.14,13.0,56.25,"Johanna belebte Florian,
weil_sie in der Session energisch_war und die_Menge mitriss.",Wen belebte Johanna?,Florian,Peter,er,er,F,3,NP1,Florian,left,F,F,False,female,male,swapped,NP1-Causality
nonamb,5,59,neutral,NP2-Causality,sie,sie,"Uwe belebte Petra, weil sie in der Session müde war und die Konzentration verlor.",Wen belebte Uwe? (Petra / Katharina),revitalized,StimExp,11.0,3.0,2.27,3,bedeutungsvoll,1.61,14.0,belebte,0.14,13.0,56.25,"Uwe belebte Petra,
weil_sie in der Session müde_war und die_Konzentration verlor.",Wen belebte Uwe?,Petra,Katharina,sie,sie,F,3,NP2,Petra,left,F,F,False,male,female,original,NP2-Causality
nonamb,6,59,neutral,NP2-Causality,er,amb,"Uwe belebte Florian, weil er in der Session müde war und die Konzentration verlor.",Wen belebte Uwe? (Florian / Frank),revitalized,StimExp,11.0,3.0,2.27,3,bedeutungsvoll,1.61,14.0,belebte,0.14,13.0,56.25,"Uwe belebte Florian,
weil_er in der Session müde_war und die_Konzentration verlor.",Wen belebte Uwe?,Florian,Frank,er,er,F,3,NP2,Florian,left,F,F,False,male,male,both_male,NP2-Causality
nonamb,7,59,neutral,NP2-Causality,sie,amb,"Johanna belebte Petra, weil sie in der Session müde war und die Konzentration verlor.",Wen belebte Johanna? (Petra / Julia),revitalized,StimExp,11.0,3.0,2.27,3,bedeutungsvoll,1.61,14.0,belebte,0.14,13.0,56.25,"Johanna belebte Petra,
weil_sie in der Session müde_war und die_Konzentration verlor.",Wen belebte Johanna?,Petra,Julia,sie,sie,F,3,NP2,Petra,left,F,F,False,female,female,both_female,NP2-Causality
nonamb,8,59,neutral,NP2-Causality,er,er,"Johanna belebte Florian, weil er in der Session müde war und die Konzentration verlor.",Wen belebte Johanna? (Florian / Christian),revitalized,StimExp,11.0,3.0,2.27,3,bedeutungsvoll,1.61,14.0,belebte,0.14,13.0,56.25,"Johanna belebte Florian,
weil_er in der Session müde_war und die_Konzentration verlor.",Wen belebte Johanna?,Florian,Christian,er,er,F,3,NP2,Florian,left,F,F,False,female,male,swapped,NP2-Causality
nonamb,1,60,neutral,NP1-Causality,er,er,"Klaus verleumdete Jana, weil er an dem Abend neidisch war und die Leistung anzweifelte.",Wann war er neidisch? (an dem Abend / bei den Partien),slandered,AgEvo,9.0,62.0,-2.55,11,bösartig,6.48,8.0,verleumdete,0.13,11.0,87.5,"Klaus verleumdete Jana,
weil_er an dem Abend neidisch_war und die_Leistung anzweifelte.",Wann war er neidisch?,an dem Abend,bei den Partien,,,F,5,NP1,an dem Abend,left,F,F,False,male,female,original,NP1-Causality
nonamb,2,60,neutral,NP1-Causality,er,amb,"Klaus verleumdete Michael, weil er an dem Abend neidisch war und die Leistung anzweifelte.",Wann war er neidisch? (an dem Abend / bei den Partien),slandered,AgEvo,9.0,62.0,-2.55,11,bösartig,6.48,8.0,verleumdete,0.13,11.0,87.5,"Klaus verleumdete Michael,
weil_er an dem Abend neidisch_war und die_Leistung anzweifelte.",Wann war er neidisch?,an dem Abend,bei den Partien,,,F,5,NP1,an dem Abend,left,F,F,False,male,male,both_male,NP1-Causality
nonamb,3,60,neutral,NP1-Causality,sie,amb,"Renate verleumdete Jana, weil sie an dem Abend neidisch war und die Leistung anzweifelte.",Wann war sie neidisch? (an dem Abend / bei den Partien),slandered,AgEvo,9.0,62.0,-2.55,11,bösartig,6.48,8.0,verleumdete,0.13,11.0,87.5,"Renate verleumdete Jana,
weil_sie an dem Abend neidisch_war und die_Leistung anzweifelte.",Wann war sie neidisch?,an dem Abend,bei den Partien,,,F,5,NP1,an dem Abend,left,F,F,False,female,female,both_female,NP1-Causality
nonamb,4,60,neutral,NP1-Causality,sie,sie,"Renate verleumdete Michael, weil sie an dem Abend neidisch war und die Leistung anzweifelte.",Wann war sie neidisch? (an dem Abend / bei den Partien),slandered,AgEvo,9.0,62.0,-2.55,11,bösartig,6.48,8.0,verleumdete,0.13,11.0,87.5,"Renate verleumdete Michael,
weil_sie an dem Abend neidisch_war und die_Leistung anzweifelte.",Wann war sie neidisch?,an dem Abend,bei den Partien,,,F,5,NP1,an dem Abend,left,F,F,False,female,male,swapped,NP1-Causality
nonamb,5,60,neutral,NP2-Causality,sie,sie,"Klaus verleumdete Jana, weil sie an dem Abend begehrt war und die Aufmerksamkeit stahl.",Wann war sie begehrt? (an dem Abend / bei den Partien),slandered,AgEvo,9.0,62.0,-2.55,11,ehrlich,33.7,7.0,verleumdete,0.13,11.0,87.5,"Klaus verleumdete Jana,
weil_sie an dem Abend begehrt_war und die_Aufmerksamkeit stahl.",Wann war sie begehrt?,an dem Abend,bei den Partien,,,F,5,NP2,an dem Abend,left,F,F,False,male,female,original,NP2-Causality
nonamb,6,60,neutral,NP2-Causality,er,amb,"Klaus verleumdete Michael, weil er an dem Abend begehrt war und die Aufmerksamkeit stahl.",Wann war er begehrt? (an dem Abend / bei den Partien),slandered,AgEvo,9.0,62.0,-2.55,11,ehrlich,33.7,7.0,verleumdete,0.13,11.0,87.5,"Klaus verleumdete Michael,
weil_er an dem Abend begehrt_war und die_Aufmerksamkeit stahl.",Wann war er begehrt?,an dem Abend,bei den Partien,,,F,5,NP2,an dem Abend,left,F,F,False,male,male,both_male,NP2-Causality
nonamb,7,60,neutral,NP2-Causality,sie,amb,"Renate verleumdete Jana, weil sie an dem Abend begehrt war und die Aufmerksamkeit stahl.",Wann war sie begehrt? (an dem Abend / bei den Partien),slandered,AgEvo,9.0,62.0,-2.55,11,ehrlich,33.7,7.0,verleumdete,0.13,11.0,87.5,"Renate verleumdete Jana,
weil_sie an dem Abend begehrt_war und die_Aufmerksamkeit stahl.",Wann war sie begehrt?,an dem Abend,bei den Partien,,,F,5,NP2,an dem Abend,left,F,F,False,female,female,both_female,NP2-Causality
nonamb,8,60,neutral,NP2-Causality,er,er,"Renate verleumdete Michael, weil er an dem Abend begehrt war und die Aufmerksamkeit stahl.",Wann war er begehrt? (an dem Abend / bei den Partien),slandered,AgEvo,9.0,62.0,-2.55,11,ehrlich,33.7,7.0,verleumdete,0.13,11.0,87.5,"Renate verleumdete Michael,
weil_er an dem Abend begehrt_war und die_Aufmerksamkeit stahl.",Wann war er begehrt?,an dem Abend,bei den Partien,,,F,5,NP2,an dem Abend,left,F,F,False,female,male,swapped,NP2-Causality
nonamb,1,61,NP1,NP1-Causality,er,er,"Frank verriet Nina, weil er zu dieser Zeit verbittert war und einen Vorteil suchte.",Was tat Frank? (verriet Nina / bedauerte Lisa),betrayed,AgP,8.0,7.0,-2.45,74,rachsüchtig,0.43,11.0,verriet,2.09,7.0,50.0,"Frank verriet Nina,
weil_er zu dieser Zeit verbittert_war und einen_Vorteil suchte.",Was tat Frank?,verriet Nina,bedauerte Lisa,,,F,4,NP1,verriet Nina,left,F,F,False,male,female,original,NP1-Causality
nonamb,2,61,NP1,NP1-Causality,er,amb,"Frank verriet Johannes, weil er zu dieser Zeit verbittert war und einen Vorteil suchte.",Was tat Frank? (verriet Johannes / bedauerte Lisa),betrayed,AgP,8.0,7.0,-2.45,74,rachsüchtig,0.43,11.0,verriet,2.09,7.0,50.0,"Frank verriet Johannes,
weil_er zu dieser Zeit verbittert_war und einen_Vorteil suchte.",Was tat Frank?,verriet Johannes,bedauerte Lisa,,,F,4,NP1,verriet Johannes,left,F,F,False,male,male,both_male,NP1-Causality
nonamb,3,61,NP1,NP1-Causality,sie,amb,"Eva verriet Nina, weil sie zu dieser Zeit verbittert war und einen Vorteil suchte.",Was tat Eva? (verriet Nina / beschämte Alexander),betrayed,AgP,8.0,7.0,-2.45,74,rachsüchtig,0.43,11.0,verriet,2.09,7.0,50.0,"Eva verriet Nina,
weil_sie zu dieser Zeit verbittert_war und einen_Vorteil suchte.",Was tat Eva?,verriet Nina,beschämte Alexander,,,F,4,NP1,verriet Nina,left,F,F,False,female,female,both_female,NP1-Causality
nonamb,4,61,NP1,NP1-Causality,sie,sie,"Eva verriet Johannes, weil sie zu dieser Zeit verbittert war und einen Vorteil suchte.",Was tat Eva? (verriet Johannes / verachtete Uwe),betrayed,AgP,8.0,7.0,-2.45,74,rachsüchtig,0.43,11.0,verriet,2.09,7.0,50.0,"Eva verriet Johannes,
weil_sie zu dieser Zeit verbittert_war und einen_Vorteil suchte.",Was tat Eva?,verriet Johannes,verachtete Uwe,,,F,4,NP1,verriet Johannes,left,F,F,False,female,male,swapped,NP1-Causality
nonamb,5,61,NP1,NP2-Causality,sie,sie,"Frank verriet Nina, weil sie zu dieser Zeit untreu war und ein Geheimnis verbarg.",Was tat Frank? (verriet Nina / beschäftigte Birgit),betrayed,AgP,8.0,7.0,-2.45,74,schuldig,15.04,8.0,verriet,2.09,7.0,50.0,"Frank verriet Nina,
weil_sie zu dieser Zeit untreu_war und ein_Geheimnis verbarg.",Was tat Frank?,verriet Nina,beschäftigte Birgit,,,F,4,NP2,verriet Nina,left,F,F,False,male,female,original,NP2-Causality
nonamb,6,61,NP1,NP2-Causality,er,amb,"Frank verriet Johannes, weil er zu dieser Zeit untreu war und ein Geheimnis verbarg.",Was tat Frank? (verriet Johannes / überraschte Peter),betrayed,AgP,8.0,7.0,-2.45,74,schuldig,15.04,8.0,verriet,2.09,7.0,50.0,"Frank verriet Johannes,
weil_er zu dieser Zeit untreu_war und ein_Geheimnis verbarg.",Was tat Frank?,verriet Johannes,überraschte Peter,,,F,4,NP2,verriet Johannes,left,F,F,False,male,male,both_male,NP2-Causality
nonamb,7,61,NP1,NP2-Causality,sie,amb,"Eva verriet Nina, weil sie zu dieser Zeit untreu war und ein Geheimnis verbarg.",Was tat Eva? (verriet Nina / unterbrach Julia),betrayed,AgP,8.0,7.0,-2.45,74,schuldig,15.04,8.0,verriet,2.09,7.0,50.0,"Eva verriet Nina,
weil_sie zu dieser Zeit untreu_war und ein_Geheimnis verbarg.",Was tat Eva?,verriet Nina,unterbrach Julia,,,F,4,NP2,verriet Nina,left,F,F,False,female,female,both_female,NP2-Causality
nonamb,8,61,NP1,NP2-Causality,er,er,"Eva verriet Johannes, weil er zu dieser Zeit untreu war und ein Geheimnis verbarg.",Was tat Eva? (verriet Johannes / inspirierte Jürgen),betrayed,AgP,8.0,7.0,-2.45,74,schuldig,15.04,8.0,verriet,2.09,7.0,50.0,"Eva verriet Johannes,
weil_er zu dieser Zeit untreu_war und ein_Geheimnis verbarg.",Was tat Eva?,verriet Johannes,inspirierte Jürgen,,,F,4,NP2,verriet Johannes,left,F,F,False,female,male,swapped,NP2-Causality
nonamb,1,62,NP2,NP1-Causality,er,er,"Wolfgang gratulierte Sarah, weil er schon von jeher großzügig war und die Anerkennung zeigte.",Wem gratulierte Wolfgang? (Sarah / Eva),congratulated,AgEvo,13.0,17.0,1.82,-94,berechnend,0.9,10.0,gratulierte,1.03,11.0,68.75,"Wolfgang gratulierte Sarah,
weil_er schon von jeher großzügig_war und die_Anerkennung zeigte.",Wem gratulierte Wolfgang?,Sarah,Eva,sie,sie,F,3,NP1,Sarah,left,F,F,False,male,female,original,NP1-Causality
nonamb,2,62,NP2,NP1-Causality,er,amb,"Wolfgang gratulierte Sebastian, weil er schon von jeher großzügig war und die Anerkennung zeigte.",Wem gratulierte Wolfgang? (Sebastian / Daniel),congratulated,AgEvo,13.0,17.0,1.82,-94,berechnend,0.9,10.0,gratulierte,1.03,11.0,68.75,"Wolfgang gratulierte Sebastian,
weil_er schon von jeher großzügig_war und die_Anerkennung zeigte.",Wem gratulierte Wolfgang?,Sebastian,Daniel,er,er,F,3,NP1,Sebastian,left,F,F,False,male,male,both_male,NP1-Causality
nonamb,3,62,NP2,NP1-Causality,sie,amb,"Anna gratulierte Sarah, weil sie schon von jeher großzügig war und die Anerkennung zeigte.",Wem gratulierte Anna? (Sarah / Johanna),congratulated,AgEvo,13.0,17.0,1.82,-94,berechnend,0.9,10.0,gratulierte,1.03,11.0,68.75,"Anna gratulierte Sarah,
weil_sie schon von jeher großzügig_war und die_Anerkennung zeigte.",Wem gratulierte Anna?,Sarah,Johanna,sie,sie,F,3,NP1,Sarah,left,F,F,False,female,female,both_female,NP1-Causality
nonamb,4,62,NP2,NP1-Causality,sie,sie,"Anna gratulierte Sebastian, weil sie schon von jeher großzügig war und die Anerkennung zeigte.",Wem gratulierte Anna? (Sebastian / Andreas),congratulated,AgEvo,13.0,17.0,1.82,-94,berechnend,0.9,10.0,gratulierte,1.03,11.0,68.75,"Anna gratulierte Sebastian,
weil_sie schon von jeher großzügig_war und die_Anerkennung zeigte.",Wem gratulierte Anna?,Sebastian,Andreas,er,er,F,3,NP1,Sebastian,left,F,F,False,female,male,swapped,NP1-Causality
nonamb,5,62,NP2,NP2-Causality,sie,sie,"Wolfgang gratulierte Sarah, weil sie schon von jeher beeindruckend war und die Bestleistung erbrachte.",Wem gratulierte Wolfgang? (Sarah / Claudia),congratulated,AgEvo,13.0,17.0,1.82,-94,einflussreich,0.33,13.0,gratulierte,1.03,11.0,68.75,"Wolfgang gratulierte Sarah,
weil_sie schon von jeher beeindruckend_war und die_Bestleistung erbrachte.",Wem gratulierte Wolfgang?,Sarah,Claudia,sie,sie,F,3,NP2,Sarah,left,F,F,False,male,female,original,NP2-Causality
nonamb,6,62,NP2,NP2-Causality,er,amb,"Wolfgang gratulierte Sebastian, weil er schon von jeher beeindruckend war und die Bestleistung erbrachte.",Wem gratulierte Wolfgang? (Sebastian / Matthias),congratulated,AgEvo,13.0,17.0,1.82,-94,einflussreich,0.33,13.0,gratulierte,1.03,11.0,68.75,"Wolfgang gratulierte Sebastian,
weil_er schon von jeher beeindruckend_war und die_Bestleistung erbrachte.",Wem gratulierte Wolfgang?,Sebastian,Matthias,er,er,F,3,NP2,Sebastian,left,F,F,False,male,male,both_male,NP2-Causality
nonamb,7,62,NP2,NP2-Causality,sie,amb,"Anna gratulierte Sarah, weil sie schon von jeher beeindruckend war und die Bestleistung erbrachte.",Wem gratulierte Anna? (Sarah / Lena),congratulated,AgEvo,13.0,17.0,1.82,-94,einflussreich,0.33,13.0,gratulierte,1.03,11.0,68.75,"Anna gratulierte Sarah,
weil_sie schon von jeher beeindruckend_war und die_Bestleistung erbrachte.",Wem gratulierte Anna?,Sarah,Lena,sie,sie,F,3,NP2,Sarah,left,F,F,False,female,female,both_female,NP2-Causality
nonamb,8,62,NP2,NP2-Causality,er,er,"Anna gratulierte Sebastian, weil er schon von jeher beeindruckend war und die Bestleistung erbrachte.",Wem gratulierte Anna? (Sebastian / Frank),congratulated,AgEvo,13.0,17.0,1.82,-94,einflussreich,0.33,13.0,gratulierte,1.03,11.0,68.75,"Anna gratulierte Sebastian,
weil_er schon von jeher beeindruckend_war und die_Bestleistung erbrachte.",Wem gratulierte Anna?,Sebastian,Frank,er,er,F,3,NP2,Sebastian,left,F,F,False,female,male,swapped,NP2-Causality
nonamb,1,63,neutral,NP1-Causality,er,er,"Matthias verunglimpfte Sarah, weil er schon von jeher hinterhältig war und den Betrug plante.",Wer verunglimpfte Sarah? (Matthias / Philipp),denigrated,AgEvo,10.0,0.0,-1.09,12,neidisch,2.65,8.0,verunglimpfte,0.05,13.0,93.75,"Matthias verunglimpfte Sarah,
weil_er schon von jeher hinterhältig_war und den_Betrug plante.",Wer verunglimpfte Sarah?,Matthias,Philipp,er,er,F,2,NP1,Matthias,left,F,F,False,male,female,original,NP1-Causality
nonamb,2,63,neutral,NP1-Causality,er,amb,"Matthias verunglimpfte Jürgen, weil er schon von jeher hinterhältig war und den Betrug plante.",Wer verunglimpfte Jürgen? (Matthias / Paul),denigrated,AgEvo,10.0,0.0,-1.09,12,neidisch,2.65,8.0,verunglimpfte,0.05,13.0,93.75,"Matthias verunglimpfte Jürgen,
weil_er schon von jeher hinterhältig_war und den_Betrug plante.",Wer verunglimpfte Jürgen?,Matthias,Paul,er,er,F,2,NP1,Matthias,left,F,F,False,male,male,both_male,NP1-Causality
nonamb,3,63,neutral,NP1-Causality,sie,amb,"Claudia verunglimpfte Sarah, weil sie schon von jeher hinterhältig war und den Betrug plante.",Wer verunglimpfte Sarah? (Claudia / Julia),denigrated,AgEvo,10.0,0.0,-1.09,12,neidisch,2.65,8.0,verunglimpfte,0.05,13.0,93.75,"Claudia verunglimpfte Sarah,
weil_sie schon von jeher hinterhältig_war und den_Betrug plante.",Wer verunglimpfte Sarah?,Claudia,Julia,sie,sie,F,2,NP1,Claudia,left,F,F,False,female,female,both_female,NP1-Causality
nonamb,4,63,neutral,NP1-Causality,sie,sie,"Claudia verunglimpfte Jürgen, weil sie schon von jeher hinterhältig war und den Betrug plante.",Wer verunglimpfte Jürgen? (Claudia / Katharina),denigrated,AgEvo,10.0,0.0,-1.09,12,neidisch,2.65,8.0,verunglimpfte,0.05,13.0,93.75,"Claudia verunglimpfte Jürgen,
weil_sie schon von jeher hinterhältig_war und den_Betrug plante.",Wer verunglimpfte Jürgen?,Claudia,Katharina,sie,sie,F,2,NP1,Claudia,left,F,F,False,female,male,swapped,NP1-Causality
nonamb,5,63,neutral,NP2-Causality,sie,sie,"Matthias verunglimpfte Sarah, weil sie schon von jeher geldgierig war und die Notlage ausnutzte.",Wer verunglimpfte Sarah? (Matthias / Frank),denigrated,AgEvo,10.0,0.0,-1.09,12,überteuert,1.63,10.0,verunglimpfte,0.05,13.0,93.75,"Matthias verunglimpfte Sarah,
weil_sie schon von jeher geldgierig_war und die_Notlage ausnutzte.",Wer verunglimpfte Sarah?,Matthias,Frank,er,er,F,2,NP2,Matthias,left,F,F,False,male,female,original,NP2-Causality
nonamb,6,63,neutral,NP2-Causality,er,amb,"Matthias verunglimpfte Jürgen, weil er schon von jeher geldgierig war und die Notlage ausnutzte.",Wer verunglimpfte Jürgen? (Matthias / Julian),denigrated,AgEvo,10.0,0.0,-1.09,12,überteuert,1.63,10.0,verunglimpfte,0.05,13.0,93.75,"Matthias verunglimpfte Jürgen,
weil_er schon von jeher geldgierig_war und die_Notlage ausnutzte.",Wer verunglimpfte Jürgen?,Matthias,Julian,er,er,F,2,NP2,Matthias,left,F,F,False,male,male,both_male,NP2-Causality
nonamb,7,63,neutral,NP2-Causality,sie,amb,"Claudia verunglimpfte Sarah, weil sie schon von jeher geldgierig war und die Notlage ausnutzte.",Wer verunglimpfte Sarah? (Claudia / Eva),denigrated,AgEvo,10.0,0.0,-1.09,12,überteuert,1.63,10.0,verunglimpfte,0.05,13.0,93.75,"Claudia verunglimpfte Sarah,
weil_sie schon von jeher geldgierig_war und die_Notlage ausnutzte.",Wer verunglimpfte Sarah?,Claudia,Eva,sie,sie,F,2,NP2,Claudia,left,F,F,False,female,female,both_female,NP2-Causality
nonamb,8,63,neutral,NP2-Causality,er,er,"Claudia verunglimpfte Jürgen, weil er schon von jeher geldgierig war und die Notlage ausnutzte.",Wer verunglimpfte Jürgen? (Claudia / Katharina),denigrated,AgEvo,10.0,0.0,-1.09,12,überteuert,1.63,10.0,verunglimpfte,0.05,13.0,93.75,"Claudia verunglimpfte Jürgen,
weil_er schon von jeher geldgierig_war und die_Notlage ausnutzte.",Wer verunglimpfte Jürgen?,Claudia,Katharina,sie,sie,F,2,NP2,Claudia,left,F,F,False,female,male,swapped,NP2-Causality
nonamb,1,64,NP1,NP1-Causality,er,er,"Daniel entzückte Barbara, weil er in dem Spiel talentiert war und die Runde gewann.",Wer entzückte Barbara? (Daniel / David),delighted,StimExp,9.0,57.0,2.45,85,siegreich,4.15,9.0,entzückte,1.45,8.0,56.25,"Daniel entzückte Barbara,
weil_er in dem Spiel talentiert_war und die_Runde gewann.",Wer entzückte Barbara?,Daniel,David,er,er,F,2,NP1,Daniel,left,F,F,False,male,female,original,NP1-Causality
nonamb,2,64,NP1,NP1-Causality,er,amb,"Daniel entzückte Peter, weil er in dem Spiel talentiert war und die Runde gewann.",Wer entzückte Peter? (Daniel / Andreas),delighted,StimExp,9.0,57.0,2.45,85,siegreich,4.15,9.0,entzückte,1.45,8.0,56.25,"Daniel entzückte Peter,
weil_er in dem Spiel talentiert_war und die_Runde gewann.",Wer entzückte Peter?,Daniel,Andreas,er,er,F,2,NP1,Daniel,left,F,F,False,male,male,both_male,NP1-Causality
nonamb,3,64,NP1,NP1-Causality,sie,amb,"Linda entzückte Barbara, weil sie in dem Spiel talentiert war und die Runde gewann.",Wer entzückte Barbara? (Linda / Jana),delighted,StimExp,9.0,57.0,2.45,85,siegreich,4.15,9.0,entzückte,1.45,8.0,56.25,"Linda entzückte Barbara,
weil_sie in dem Spiel talentiert_war und die_Runde gewann.",Wer entzückte Barbara?,Linda,Jana,sie,sie,F,2,NP1,Linda,left,F,F,False,female,female,both_female,NP1-Causality
nonamb,4,64,NP1,NP1-Causality,sie,sie,"Linda entzückte Peter, weil sie in dem Spiel talentiert war und die Runde gewann.",Wer entzückte Peter? (Linda / Renate),delighted,StimExp,9.0,57.0,2.45,85,siegreich,4.15,9.0,entzückte,1.45,8.0,56.25,"Linda entzückte Peter,
weil_sie in dem Spiel talentiert_war und die_Runde gewann.",Wer entzückte Peter?,Linda,Renate,sie,sie,F,2,NP1,Linda,left,F,F,False,female,male,swapped,NP1-Causality
nonamb,5,64,NP1,NP2-Causality,sie,sie,"Daniel entzückte Barbara, weil sie in dem Spiel begeistert war und jeden Zug bewunderte.",Wer entzückte Barbara? (Daniel / Tobias),delighted,StimExp,9.0,57.0,2.45,85,weniger erwartet,0.03,15.0,entzückte,1.45,8.0,56.25,"Daniel entzückte Barbara,
weil_sie in dem Spiel begeistert_war und jeden_Zug bewunderte.",Wer entzückte Barbara?,Daniel,Tobias,er,er,F,2,NP2,Daniel,left,F,F,False,male,female,original,NP2-Causality
nonamb,6,64,NP1,NP2-Causality,er,amb,"Daniel entzückte Peter, weil er in dem Spiel begeistert war und jeden Zug bewunderte.",Wer entzückte Peter? (Daniel / Julian),delighted,StimExp,9.0,57.0,2.45,85,weniger erwartet,0.03,15.0,entzückte,1.45,8.0,56.25,"Daniel entzückte Peter,
weil_er in dem Spiel begeistert_war und jeden_Zug bewunderte.",Wer entzückte Peter?,Daniel,Julian,er,er,F,2,NP2,Daniel,left,F,F,False,male,male,both_male,NP2-Causality
nonamb,7,64,NP1,NP2-Causality,sie,amb,"Linda entzückte Barbara, weil sie in dem Spiel begeistert war und jeden Zug bewunderte.",Wer entzückte Barbara? (Linda / Eva),delighted,StimExp,9.0,57.0,2.45,85,weniger erwartet,0.03,15.0,entzückte,1.45,8.0,56.25,"Linda entzückte Barbara,
weil_sie in dem Spiel begeistert_war und jeden_Zug bewunderte.",Wer entzückte Barbara?,Linda,Eva,sie,sie,F,2,NP2,Linda,left,F,F,False,female,female,both_female,NP2-Causality
nonamb,8,64,NP1,NP2-Causality,er,er,"Linda entzückte Peter, weil er in dem Spiel begeistert war und jeden Zug bewunderte.",Wer entzückte Peter? (Linda / Renate),delighted,StimExp,9.0,57.0,2.45,85,weniger erwartet,0.03,15.0,entzückte,1.45,8.0,56.25,"Linda entzückte Peter,
weil_er in dem Spiel begeistert_war und jeden_Zug bewunderte.",Wer entzückte Peter?,Linda,Renate,sie,sie,F,2,NP2,Linda,left,F,F,False,female,male,swapped,NP2-Causality
nonamb,1,65,NP2,NP1-Causality,er,er,"Andreas beschäftigte Birgit, weil er schon von jeher überlastet war und die Verstärkung brauchte.",Wer war schon von jeher überlastet? (Andreas / Birgit),employed,AgP,8.0,27.0,1.0,-76,unternehmerisch,11.44,15.0,beschäftigte,61.28,12.0,50.0,"Andreas beschäftigte Birgit,
weil_er schon von jeher überlastet_war und die_Verstärkung brauchte.",Wer war schon von jeher überlastet?,Andreas,Birgit,er,sie,F,1,NP1,Andreas,left,F,F,False,male,female,original,NP1-Causality
nonamb,2,65,NP2,NP1-Causality,er,amb,"Andreas beschäftigte Sebastian, weil er schon von jeher überlastet war und die Verstärkung brauchte.",Wer war schon von jeher überlastet? (Andreas / Sebastian),employed,AgP,8.0,27.0,1.0,-76,unternehmerisch,11.44,15.0,beschäftigte,61.28,12.0,50.0,"Andreas beschäftigte Sebastian,
weil_er schon von jeher überlastet_war und die_Verstärkung brauchte.",Wer war schon von jeher überlastet?,Andreas,Sebastian,er,er,FJ,1,NP1,Andreas,left,F,FJ,True,male,male,both_male,NP1-Causality
nonamb,3,65,NP2,NP1-Causality,sie,amb,"Maria beschäftigte Birgit, weil sie schon von jeher überlastet war und die Verstärkung brauchte.",Wer war schon von jeher überlastet? (Maria / Birgit),employed,AgP,8.0,27.0,1.0,-76,unternehmerisch,11.44,15.0,beschäftigte,61.28,12.0,50.0,"Maria beschäftigte Birgit,
weil_sie schon von jeher überlastet_war und die_Verstärkung brauchte.",Wer war schon von jeher überlastet?,Maria,Birgit,sie,sie,FJ,1,NP1,Maria,left,F,FJ,True,female,female,both_female,NP1-Causality
nonamb,4,65,NP2,NP1-Causality,sie,sie,"Maria beschäftigte Sebastian, weil sie schon von jeher überlastet war und die Verstärkung brauchte.",Wer war schon von jeher überlastet? (Maria / Sebastian),employed,AgP,8.0,27.0,1.0,-76,unternehmerisch,11.44,15.0,beschäftigte,61.28,12.0,50.0,"Maria beschäftigte Sebastian,
weil_sie schon von jeher überlastet_war und die_Verstärkung brauchte.",Wer war schon von jeher überlastet?,Maria,Sebastian,sie,er,F,1,NP1,Maria,left,F,F,False,female,male,swapped,NP1-Causality
nonamb,5,65,NP2,NP2-Causality,sie,sie,"Andreas beschäftigte Birgit, weil sie schon von jeher kompetent war und die Anweisungen befolgte.",Wer war schon von jeher kompetent? (Andreas / Birgit),employed,AgP,8.0,27.0,1.0,-76,zuverlässig,17.21,11.0,beschäftigte,61.28,12.0,50.0,"Andreas beschäftigte Birgit,
weil_sie schon von jeher kompetent_war und die_Anweisungen befolgte.",Wer war schon von jeher kompetent?,Andreas,Birgit,er,sie,J,1,NP2,Birgit,right,J,J,False,male,female,original,NP2-Causality
nonamb,6,65,NP2,NP2-Causality,er,amb,"Andreas beschäftigte Sebastian, weil er schon von jeher kompetent war und die Anweisungen befolgte.",Wer war schon von jeher kompetent? (Andreas / Sebastian),employed,AgP,8.0,27.0,1.0,-76,zuverlässig,17.21,11.0,beschäftigte,61.28,12.0,50.0,"Andreas beschäftigte Sebastian,
weil_er schon von jeher kompetent_war und die_Anweisungen befolgte.",Wer war schon von jeher kompetent?,Andreas,Sebastian,er,er,FJ,1,NP2,Sebastian,right,J,FJ,True,male,male,both_male,NP2-Causality
nonamb,7,65,NP2,NP2-Causality,sie,amb,"Maria beschäftigte Birgit, weil sie schon von jeher kompetent war und die Anweisungen befolgte.",Wer war schon von jeher kompetent? (Maria / Birgit),employed,AgP,8.0,27.0,1.0,-76,zuverlässig,17.21,11.0,beschäftigte,61.28,12.0,50.0,"Maria beschäftigte Birgit,
weil_sie schon von jeher kompetent_war und die_Anweisungen befolgte.",Wer war schon von jeher kompetent?,Maria,Birgit,sie,sie,FJ,1,NP2,Birgit,right,J,FJ,True,female,female,both_female,NP2-Causality
nonamb,8,65,NP2,NP2-Causality,er,er,"Maria beschäftigte Sebastian, weil er schon von jeher kompetent war und die Anweisungen befolgte.",Wer war schon von jeher kompetent? (Maria / Sebastian),employed,AgP,8.0,27.0,1.0,-76,zuverlässig,17.21,11.0,beschäftigte,61.28,12.0,50.0,"Maria beschäftigte Sebastian,
weil_er schon von jeher kompetent_war und die_Anweisungen befolgte.",Wer war schon von jeher kompetent?,Maria,Sebastian,sie,er,J,1,NP2,Sebastian,right,J,J,False,female,male,swapped,NP2-Causality
nonamb,1,66,neutral,NP1-Causality,er,er,"Martin täuschte Monika, weil er in dem Moment hinterlistig war und eine Lüge erfand.",Wen täuschte Martin? (Monika / Katharina),fooled,AgP,6.0,17.0,0.45,10,gewinnorientiert,0.7,16.0,täuschte,0.44,8.0,50.0,"Martin täuschte Monika,
weil_er in dem Moment hinterlistig_war und eine_Lüge erfand.",Wen täuschte Martin?,Monika,Katharina,sie,sie,F,3,NP1,Monika,left,F,F,False,male,female,original,NP1-Causality
nonamb,2,66,neutral,NP1-Causality,er,amb,"Martin täuschte Uwe, weil er in dem Moment hinterlistig war und eine Lüge erfand.",Wen täuschte Martin? (Uwe / Jürgen),fooled,AgP,6.0,17.0,0.45,10,gewinnorientiert,0.7,16.0,täuschte,0.44,8.0,50.0,"Martin täuschte Uwe,
weil_er in dem Moment hinterlistig_war und eine_Lüge erfand.",Wen täuschte Martin?,Uwe,Jürgen,er,er,F,3,NP1,Uwe,left,F,F,False,male,male,both_male,NP1-Causality
nonamb,3,66,neutral,NP1-Causality,sie,amb,"Laura täuschte Monika, weil sie in dem Moment hinterlistig war und eine Lüge erfand.",Wen täuschte Laura? (Monika / Martina),fooled,AgP,6.0,17.0,0.45,10,gewinnorientiert,0.7,16.0,täuschte,0.44,8.0,50.0,"Laura täuschte Monika,
weil_sie in dem Moment hinterlistig_war und eine_Lüge erfand.",Wen täuschte Laura?,Monika,Martina,sie,sie,F,3,NP1,Monika,left,F,F,False,female,female,both_female,NP1-Causality
nonamb,4,66,neutral,NP1-Causality,sie,sie,"Laura täuschte Uwe, weil sie in dem Moment hinterlistig war und eine Lüge erfand.",Wen täuschte Laura? (Uwe / Daniel),fooled,AgP,6.0,17.0,0.45,10,gewinnorientiert,0.7,16.0,täuschte,0.44,8.0,50.0,"Laura täuschte Uwe,
weil_sie in dem Moment hinterlistig_war und eine_Lüge erfand.",Wen täuschte Laura?,Uwe,Daniel,er,er,F,3,NP1,Uwe,left,F,F,False,female,male,swapped,NP1-Causality
nonamb,5,66,neutral,NP2-Causality,sie,sie,"Martin täuschte Monika, weil sie in dem Moment unaufmerksam war und die Zeichen übersah.",Wen täuschte Martin? (Monika / Nina),fooled,AgP,6.0,17.0,0.45,10,unerfahren,2.77,10.0,täuschte,0.44,8.0,50.0,"Martin täuschte Monika,
weil_sie in dem Moment unaufmerksam_war und die_Zeichen übersah.",Wen täuschte Martin?,Monika,Nina,sie,sie,F,3,NP2,Monika,left,F,F,False,male,female,original,NP2-Causality
nonamb,6,66,neutral,NP2-Causality,er,amb,"Martin täuschte Uwe, weil er in dem Moment unaufmerksam war und die Zeichen übersah.",Wen täuschte Martin? (Uwe / Hans),fooled,AgP,6.0,17.0,0.45,10,unerfahren,2.77,10.0,täuschte,0.44,8.0,50.0,"Martin täuschte Uwe,
weil_er in dem Moment unaufmerksam_war und die_Zeichen übersah.",Wen täuschte Martin?,Uwe,Hans,er,er,F,3,NP2,Uwe,left,F,F,False,male,male,both_male,NP2-Causality
nonamb,7,66,neutral,NP2-Causality,sie,amb,"Laura täuschte Monika, weil sie in dem Moment unaufmerksam war und die Zeichen übersah.",Wen täuschte Laura? (Monika / Birgit),fooled,AgP,6.0,17.0,0.45,10,unerfahren,2.77,10.0,täuschte,0.44,8.0,50.0,"Laura täuschte Monika,
weil_sie in dem Moment unaufmerksam_war und die_Zeichen übersah.",Wen täuschte Laura?,Monika,Birgit,sie,sie,F,3,NP2,Monika,left,F,F,False,female,female,both_female,NP2-Causality
nonamb,8,66,neutral,NP2-Causality,er,er,"Laura täuschte Uwe, weil er in dem Moment unaufmerksam war und die Zeichen übersah.",Wen täuschte Laura? (Uwe / Peter),fooled,AgP,6.0,17.0,0.45,10,unerfahren,2.77,10.0,täuschte,0.44,8.0,50.0,"Laura täuschte Uwe,
weil_er in dem Moment unaufmerksam_war und die_Zeichen übersah.",Wen täuschte Laura?,Uwe,Peter,er,er,F,3,NP2,Uwe,left,F,F,False,female,male,swapped,NP2-Causality
nonamb,1,67,NP1,NP1-Causality,er,er,"Frank faszinierte Martina, weil er in der Aufführung außergewöhnlich war und die Aufmerksamkeit fesselte.",Wann war er außergewöhnlich? (in der Aufführung / während der Vorstellung),fascinated,StimExp,10.0,0.0,1.64,85,ausdrucksstark,1.49,14.0,faszinierte,1.13,11.0,62.5,"Frank faszinierte Martina,
weil_er in der Aufführung außergewöhnlich_war und die_Aufmerksamkeit fesselte.",Wann war er außergewöhnlich?,in der Aufführung,während der Vorstellung,,,F,5,NP1,in der Aufführung,left,F,F,False,male,female,original,NP1-Causality
nonamb,2,67,NP1,NP1-Causality,er,amb,"Frank faszinierte Stefan, weil er in der Aufführung außergewöhnlich war und die Aufmerksamkeit fesselte.",Wann war er außergewöhnlich? (in der Aufführung / während der Vorstellung),fascinated,StimExp,10.0,0.0,1.64,85,ausdrucksstark,1.49,14.0,faszinierte,1.13,11.0,62.5,"Frank faszinierte Stefan,
weil_er in der Aufführung außergewöhnlich_war und die_Aufmerksamkeit fesselte.",Wann war er außergewöhnlich?,in der Aufführung,während der Vorstellung,,,F,5,NP1,in der Aufführung,left,F,F,False,male,male,both_male,NP1-Causality
nonamb,3,67,NP1,NP1-Causality,sie,amb,"Lena faszinierte Martina, weil sie in der Aufführung außergewöhnlich war und die Aufmerksamkeit fesselte.",Wann war sie außergewöhnlich? (in der Aufführung / während der Vorstellung),fascinated,StimExp,10.0,0.0,1.64,85,ausdrucksstark,1.49,14.0,faszinierte,1.13,11.0,62.5,"Lena faszinierte Martina,
weil_sie in der Aufführung außergewöhnlich_war und die_Aufmerksamkeit fesselte.",Wann war sie außergewöhnlich?,in der Aufführung,während der Vorstellung,,,F,5,NP1,in der Aufführung,left,F,F,False,female,female,both_female,NP1-Causality
nonamb,4,67,NP1,NP1-Causality,sie,sie,"Lena faszinierte Stefan, weil sie in der Aufführung außergewöhnlich war und die Aufmerksamkeit fesselte.",Wann war sie außergewöhnlich? (in der Aufführung / während der Vorstellung),fascinated,StimExp,10.0,0.0,1.64,85,ausdrucksstark,1.49,14.0,faszinierte,1.13,11.0,62.5,"Lena faszinierte Stefan,
weil_sie in der Aufführung außergewöhnlich_war und die_Aufmerksamkeit fesselte.",Wann war sie außergewöhnlich?,in der Aufführung,während der Vorstellung,,,F,5,NP1,in der Aufführung,left,F,F,False,female,male,swapped,NP1-Causality
nonamb,5,67,NP1,NP2-Causality,sie,sie,"Frank faszinierte Martina, weil sie in der Aufführung ergriffen war und jede Bewegung verfolgte.",Wann war sie ergriffen? (in der Aufführung / während der Vorstellung),fascinated,StimExp,10.0,0.0,1.64,85,verblüfft,2.69,9.0,faszinierte,1.13,11.0,62.5,"Frank faszinierte Martina,
weil_sie in der Aufführung ergriffen_war und jede_Bewegung verfolgte.",Wann war sie ergriffen?,in der Aufführung,während der Vorstellung,,,F,5,NP2,in der Aufführung,left,F,F,False,male,female,original,NP2-Causality
nonamb,6,67,NP1,NP2-Causality,er,amb,"Frank faszinierte Stefan, weil er in der Aufführung ergriffen war und jede Bewegung verfolgte.",Wann war er ergriffen? (in der Aufführung / während der Vorstellung),fascinated,StimExp,10.0,0.0,1.64,85,verblüfft,2.69,9.0,faszinierte,1.13,11.0,62.5,"Frank faszinierte Stefan,
weil_er in der Aufführung ergriffen_war und jede_Bewegung verfolgte.",Wann war er ergriffen?,in der Aufführung,während der Vorstellung,,,F,5,NP2,in der Aufführung,left,F,F,False,male,male,both_male,NP2-Causality
nonamb,7,67,NP1,NP2-Causality,sie,amb,"Lena faszinierte Martina, weil sie in der Aufführung ergriffen war und jede Bewegung verfolgte.",Wann war sie ergriffen? (in der Aufführung / während der Vorstellung),fascinated,StimExp,10.0,0.0,1.64,85,verblüfft,2.69,9.0,faszinierte,1.13,11.0,62.5,"Lena faszinierte Martina,
weil_sie in der Aufführung ergriffen_war und jede_Bewegung verfolgte.",Wann war sie ergriffen?,in der Aufführung,während der Vorstellung,,,F,5,NP2,in der Aufführung,left,F,F,False,female,female,both_female,NP2-Causality
nonamb,8,67,NP1,NP2-Causality,er,er,"Lena faszinierte Stefan, weil er in der Aufführung ergriffen war und jede Bewegung verfolgte.",Wann war er ergriffen? (in der Aufführung / während der Vorstellung),fascinated,StimExp,10.0,0.0,1.64,85,verblüfft,2.69,9.0,faszinierte,1.13,11.0,62.5,"Lena faszinierte Stefan,
weil_er in der Aufführung ergriffen_war und jede_Bewegung verfolgte.",Wann war er ergriffen?,in der Aufführung,während der Vorstellung,,,F,5,NP2,in der Aufführung,left,F,F,False,female,male,swapped,NP2-Causality
nonamb,1,68,NP2,NP1-Causality,er,er,"Karl verspottete Renate, weil er am späten Abend fies war und den Spott genoss.",Wen verspottete Karl? (Renate / Eva),laughed at,AgP,7.0,0.0,-0.82,-96,gehässig,0.73,8.0,verspottete,0.03,9.0,93.5,"Karl verspottete Renate,
weil_er am späten Abend fies_war und den_Spott genoss.",Wen verspottete Karl?,Renate,Eva,sie,sie,F,3,NP1,Renate,left,F,F,False,male,female,original,NP1-Causality
nonamb,2,68,NP2,NP1-Causality,er,amb,"Karl verspottete David, weil er am späten Abend fies war und den Spott genoss.",Wen verspottete Karl? (David / Michael),laughed at,AgP,7.0,0.0,-0.82,-96,gehässig,0.73,8.0,verspottete,0.03,9.0,93.5,"Karl verspottete David,
weil_er am späten Abend fies_war und den_Spott genoss.",Wen verspottete Karl?,David,Michael,er,er,F,3,NP1,David,left,F,F,False,male,male,both_male,NP1-Causality
nonamb,3,68,NP2,NP1-Causality,sie,amb,"Anna verspottete Renate, weil sie am späten Abend fies war und den Spott genoss.",Wen verspottete Anna? (Renate / Katharina),laughed at,AgP,7.0,0.0,-0.82,-96,gehässig,0.73,8.0,verspottete,0.03,9.0,93.5,"Anna verspottete Renate,
weil_sie am späten Abend fies_war und den_Spott genoss.",Wen verspottete Anna?,Renate,Katharina,sie,sie,F,3,NP1,Renate,left,F,F,False,female,female,both_female,NP1-Causality
nonamb,4,68,NP2,NP1-Causality,sie,sie,"Anna verspottete David, weil sie am späten Abend fies war und den Spott genoss.",Wen verspottete Anna? (David / Matthias),laughed at,AgP,7.0,0.0,-0.82,-96,gehässig,0.73,8.0,verspottete,0.03,9.0,93.5,"Anna verspottete David,
weil_sie am späten Abend fies_war und den_Spott genoss.",Wen verspottete Anna?,David,Matthias,er,er,F,3,NP1,David,left,F,F,False,female,male,swapped,NP1-Causality
nonamb,5,68,NP2,NP2-Causality,sie,sie,"Karl verspottete Renate, weil sie am späten Abend ungeschickt war und einen Teller zerbrach.",Wen verspottete Karl? (Renate / Eva),laughed at,AgP,7.0,0.0,-0.82,-96,vergesslich,0.3,11.0,verspottete,0.03,9.0,93.5,"Karl verspottete Renate,
weil_sie am späten Abend ungeschickt_war und einen_Teller zerbrach.",Wen verspottete Karl?,Renate,Eva,sie,sie,F,3,NP2,Renate,left,F,F,False,male,female,original,NP2-Causality
nonamb,6,68,NP2,NP2-Causality,er,amb,"Karl verspottete David, weil er am späten Abend ungeschickt war und einen Teller zerbrach.",Wen verspottete Karl? (David / Andreas),laughed at,AgP,7.0,0.0,-0.82,-96,vergesslich,0.3,11.0,verspottete,0.03,9.0,93.5,"Karl verspottete David,
weil_er am späten Abend ungeschickt_war und einen_Teller zerbrach.",Wen verspottete Karl?,David,Andreas,er,er,F,3,NP2,David,left,F,F,False,male,male,both_male,NP2-Causality
nonamb,7,68,NP2,NP2-Causality,sie,amb,"Anna verspottete Renate, weil sie am späten Abend ungeschickt war und einen Teller zerbrach.",Wen verspottete Anna? (Renate / Eva),laughed at,AgP,7.0,0.0,-0.82,-96,vergesslich,0.3,11.0,verspottete,0.03,9.0,93.5,"Anna verspottete Renate,
weil_sie am späten Abend ungeschickt_war und einen_Teller zerbrach.",Wen verspottete Anna?,Renate,Eva,sie,sie,F,3,NP2,Renate,left,F,F,False,female,female,both_female,NP2-Causality
nonamb,8,68,NP2,NP2-Causality,er,er,"Anna verspottete David, weil er am späten Abend ungeschickt war und einen Teller zerbrach.",Wen verspottete Anna? (David / Klaus),laughed at,AgP,7.0,0.0,-0.82,-96,vergesslich,0.3,11.0,verspottete,0.03,9.0,93.5,"Anna verspottete David,
weil_er am späten Abend ungeschickt_war und einen_Teller zerbrach.",Wen verspottete Anna?,David,Klaus,er,er,F,3,NP2,David,left,F,F,False,female,male,swapped,NP2-Causality
nonamb,1,69,neutral,NP1-Causality,er,er,"Wolfgang amüsierte Petra, weil er an dem Nachmittag witzig war und die Situation aufheiterte.",Wer amüsierte Petra? (Wolfgang / Andreas),jollified,StimExp,9.0,0.0,1.09,-2,hervorragend,40.61,12.0,amüsierte,0.34,9.0,93.75,"Wolfgang amüsierte Petra,
weil_er an dem Nachmittag witzig_war und die_Situation aufheiterte.",Wer amüsierte Petra?,Wolfgang,Andreas,er,er,F,2,NP1,Wolfgang,left,F,F,False,male,female,original,NP1-Causality
nonamb,2,69,neutral,NP1-Causality,er,amb,"Wolfgang amüsierte Alexander, weil er an dem Nachmittag witzig war und die Situation aufheiterte.",Wer amüsierte Alexander? (Wolfgang / Andreas),jollified,StimExp,9.0,0.0,1.09,-2,hervorragend,40.61,12.0,amüsierte,0.34,9.0,93.75,"Wolfgang amüsierte Alexander,
weil_er an dem Nachmittag witzig_war und die_Situation aufheiterte.",Wer amüsierte Alexander?,Wolfgang,Andreas,er,er,F,2,NP1,Wolfgang,left,F,F,False,male,male,both_male,NP1-Causality
nonamb,3,69,neutral,NP1-Causality,sie,amb,"Sabine amüsierte Petra, weil sie an dem Nachmittag witzig war und die Situation aufheiterte.",Wer amüsierte Petra? (Sabine / Barbara),jollified,StimExp,9.0,0.0,1.09,-2,hervorragend,40.61,12.0,amüsierte,0.34,9.0,93.75,"Sabine amüsierte Petra,
weil_sie an dem Nachmittag witzig_war und die_Situation aufheiterte.",Wer amüsierte Petra?,Sabine,Barbara,sie,sie,F,2,NP1,Sabine,left,F,F,False,female,female,both_female,NP1-Causality
nonamb,4,69,neutral,NP1-Causality,sie,sie,"Sabine amüsierte Alexander, weil sie an dem Nachmittag witzig war und die Situation aufheiterte.",Wer amüsierte Alexander? (Sabine / Barbara),jollified,StimExp,9.0,0.0,1.09,-2,hervorragend,40.61,12.0,amüsierte,0.34,9.0,93.75,"Sabine amüsierte Alexander,
weil_sie an dem Nachmittag witzig_war und die_Situation aufheiterte.",Wer amüsierte Alexander?,Sabine,Barbara,sie,sie,F,2,NP1,Sabine,left,F,F,False,female,male,swapped,NP1-Causality
nonamb,5,69,neutral,NP2-Causality,sie,sie,"Wolfgang amüsierte Petra, weil sie an dem Nachmittag gelangweilt war und jede Ablenkung begrüßte.",Wer amüsierte Petra? (Wolfgang / Philipp),jollified,StimExp,9.0,0.0,1.09,-2,kulturbeflissen,0.03,15.0,amüsierte,0.34,9.0,93.75,"Wolfgang amüsierte Petra,
weil_sie an dem Nachmittag gelangweilt_war und jede_Ablenkung begrüßte.",Wer amüsierte Petra?,Wolfgang,Philipp,er,er,F,2,NP2,Wolfgang,left,F,F,False,male,female,original,NP2-Causality
nonamb,6,69,neutral,NP2-Causality,er,amb,"Wolfgang amüsierte Alexander, weil er an dem Nachmittag gelangweilt war und jede Ablenkung begrüßte.",Wer amüsierte Alexander? (Wolfgang / Daniel),jollified,StimExp,9.0,0.0,1.09,-2,kulturbeflissen,0.03,15.0,amüsierte,0.34,9.0,93.75,"Wolfgang amüsierte Alexander,
weil_er an dem Nachmittag gelangweilt_war und jede_Ablenkung begrüßte.",Wer amüsierte Alexander?,Wolfgang,Daniel,er,er,F,2,NP2,Wolfgang,left,F,F,False,male,male,both_male,NP2-Causality
nonamb,7,69,neutral,NP2-Causality,sie,amb,"Sabine amüsierte Petra, weil sie an dem Nachmittag gelangweilt war und jede Ablenkung begrüßte.",Wer amüsierte Petra? (Sabine / Birgit),jollified,StimExp,9.0,0.0,1.09,-2,kulturbeflissen,0.03,15.0,amüsierte,0.34,9.0,93.75,"Sabine amüsierte Petra,
weil_sie an dem Nachmittag gelangweilt_war und jede_Ablenkung begrüßte.",Wer amüsierte Petra?,Sabine,Birgit,sie,sie,F,2,NP2,Sabine,left,F,F,False,female,female,both_female,NP2-Causality
nonamb,8,69,neutral,NP2-Causality,er,er,"Sabine amüsierte Alexander, weil er an dem Nachmittag gelangweilt war und jede Ablenkung begrüßte.",Wer amüsierte Alexander? (Sabine / Linda),jollified,StimExp,9.0,0.0,1.09,-2,kulturbeflissen,0.03,15.0,amüsierte,0.34,9.0,93.75,"Sabine amüsierte Alexander,
weil_er an dem Nachmittag gelangweilt_war und jede_Ablenkung begrüßte.",Wer amüsierte Alexander?,Sabine,Linda,sie,sie,F,2,NP2,Sabine,left,F,F,False,female,male,swapped,NP2-Causality
nonamb,1,70,NP1,NP1-Causality,er,er,"Tobias reizte Katharina, weil er am späten Nachmittag hektisch war und die Anderen verunsicherte.",Wer reizte Katharina? (Tobias / Julian),peeved,StimExp,6.0,931.0,-1.27,77,arrogant,4.45,8.0,reizte,0.68,6.0,87.5,"Tobias reizte Katharina,
weil_er am späten Nachmittag hektisch_war und die_Anderen verunsicherte.",Wer reizte Katharina?,Tobias,Julian,er,er,F,2,NP1,Tobias,left,F,F,False,male,female,original,NP1-Causality
nonamb,2,70,NP1,NP1-Causality,er,amb,"Tobias reizte Michael, weil er am späten Nachmittag hektisch war und die Anderen verunsicherte.",Wer reizte Michael? (Tobias / Paul),peeved,StimExp,6.0,931.0,-1.27,77,arrogant,4.45,8.0,reizte,0.68,6.0,87.5,"Tobias reizte Michael,
weil_er am späten Nachmittag hektisch_war und die_Anderen verunsicherte.",Wer reizte Michael?,Tobias,Paul,er,er,F,2,NP1,Tobias,left,F,F,False,male,male,both_male,NP1-Causality
nonamb,3,70,NP1,NP1-Causality,sie,amb,"Julia reizte Katharina, weil sie am späten Nachmittag hektisch war und die Anderen verunsicherte.",Wer reizte Katharina? (Julia / Monika),peeved,StimExp,6.0,931.0,-1.27,77,arrogant,4.45,8.0,reizte,0.68,6.0,87.5,"Julia reizte Katharina,
weil_sie am späten Nachmittag hektisch_war und die_Anderen verunsicherte.",Wer reizte Katharina?,Julia,Monika,sie,sie,F,2,NP1,Julia,left,F,F,False,female,female,both_female,NP1-Causality
nonamb,4,70,NP1,NP1-Causality,sie,sie,"Julia reizte Michael, weil sie am späten Nachmittag hektisch war und die Anderen verunsicherte.",Wer reizte Michael? (Julia / Johanna),peeved,StimExp,6.0,931.0,-1.27,77,arrogant,4.45,8.0,reizte,0.68,6.0,87.5,"Julia reizte Michael,
weil_sie am späten Nachmittag hektisch_war und die_Anderen verunsicherte.",Wer reizte Michael?,Julia,Johanna,sie,sie,F,2,NP1,Julia,left,F,F,False,female,male,swapped,NP1-Causality
nonamb,5,70,NP1,NP2-Causality,sie,sie,"Tobias reizte Katharina, weil sie am späten Nachmittag gestresst war und die Fristen verpasste.",Wer reizte Katharina? (Tobias / Florian),peeved,StimExp,6.0,931.0,-1.27,77,sensibel,13.76,10.0,reizte,0.68,6.0,87.5,"Tobias reizte Katharina,
weil_sie am späten Nachmittag gestresst_war und die_Fristen verpasste.",Wer reizte Katharina?,Tobias,Florian,er,er,F,2,NP2,Tobias,left,F,F,False,male,female,original,NP2-Causality
nonamb,6,70,NP1,NP2-Causality,er,amb,"Tobias reizte Michael, weil er am späten Nachmittag gestresst war und die Fristen verpasste.",Wer reizte Michael? (Tobias / Karl),peeved,StimExp,6.0,931.0,-1.27,77,sensibel,13.76,10.0,reizte,0.68,6.0,87.5,"Tobias reizte Michael,
weil_er am späten Nachmittag gestresst_war und die_Fristen verpasste.",Wer reizte Michael?,Tobias,Karl,er,er,F,2,NP2,Tobias,left,F,F,False,male,male,both_male,NP2-Causality
nonamb,7,70,NP1,NP2-Causality,sie,amb,"Julia reizte Katharina, weil sie am späten Nachmittag gestresst war und die Fristen verpasste.",Wer reizte Katharina? (Julia / Sandra),peeved,StimExp,6.0,931.0,-1.27,77,sensibel,13.76,10.0,reizte,0.68,6.0,87.5,"Julia reizte Katharina,
weil_sie am späten Nachmittag gestresst_war und die_Fristen verpasste.",Wer reizte Katharina?,Julia,Sandra,sie,sie,F,2,NP2,Julia,left,F,F,False,female,female,both_female,NP2-Causality
nonamb,8,70,NP1,NP2-Causality,er,er,"Julia reizte Michael, weil er am späten Nachmittag gestresst war und die Fristen verpasste.",Wer reizte Michael? (Julia / Katharina),peeved,StimExp,6.0,931.0,-1.27,77,sensibel,13.76,10.0,reizte,0.68,6.0,87.5,"Julia reizte Michael,
weil_er am späten Nachmittag gestresst_war und die_Fristen verpasste.",Wer reizte Michael?,Julia,Katharina,sie,sie,F,2,NP2,Julia,left,F,F,False,female,male,swapped,NP2-Causality
nonamb,1,71,NP2,NP1-Causality,er,er,"Paul bedauerte Lisa, weil er an dem Tag besorgt war und die Verzweiflung sah.",Wer war an dem Tag besorgt? (Paul / Lisa),pitied,ExpStim,6.0,512.0,-1.55,-83,machtlos,2.68,8.0,bedauerte,1.89,9.0,68.75,"Paul bedauerte Lisa,
weil_er an dem Tag besorgt_war und die_Verzweiflung sah.",Wer war an dem Tag besorgt?,Paul,Lisa,er,sie,F,1,NP1,Paul,left,F,F,False,male,female,original,NP1-Causality
nonamb,2,71,NP2,NP1-Causality,er,amb,"Paul bedauerte Hans, weil er an dem Tag besorgt war und die Verzweiflung sah.",Wer war an dem Tag besorgt? (Paul / Hans),pitied,ExpStim,6.0,512.0,-1.55,-83,machtlos,2.68,8.0,bedauerte,1.89,9.0,68.75,"Paul bedauerte Hans,
weil_er an dem Tag besorgt_war und die_Verzweiflung sah.",Wer war an dem Tag besorgt?,Paul,Hans,er,er,FJ,1,NP1,Paul,left,F,FJ,True,male,male,both_male,NP1-Causality
nonamb,3,71,NP2,NP1-Causality,sie,amb,"Susanne bedauerte Lisa, weil sie an dem Tag besorgt war und die Verzweiflung sah.",Wer war an dem Tag besorgt? (Susanne / Lisa),pitied,ExpStim,6.0,512.0,-1.55,-83,machtlos,2.68,8.0,bedauerte,1.89,9.0,68.75,"Susanne bedauerte Lisa,
weil_sie an dem Tag besorgt_war und die_Verzweiflung sah.",Wer war an dem Tag besorgt?,Susanne,Lisa,sie,sie,FJ,1,NP1,Susanne,left,F,FJ,True,female,female,both_female,NP1-Causality
nonamb,4,71,NP2,NP1-Causality,sie,sie,"Susanne bedauerte Hans, weil sie an dem Tag besorgt war und die Verzweiflung sah.",Wer war an dem Tag besorgt? (Susanne / Hans),pitied,ExpStim,6.0,512.0,-1.55,-83,machtlos,2.68,8.0,bedauerte,1.89,9.0,68.75,"Susanne bedauerte Hans,
weil_sie an dem Tag besorgt_war und die_Verzweiflung sah.",Wer war an dem Tag besorgt?,Susanne,Hans,sie,er,F,1,NP1,Susanne,left,F,F,False,female,male,swapped,NP1-Causality
nonamb,5,71,NP2,NP2-Causality,sie,sie,"Paul bedauerte Lisa, weil sie an dem Tag allein war und jeden Tag weinte.",Wer war an dem Tag allein? (Paul / Lisa),pitied,ExpStim,6.0,512.0,-1.55,-83,unheilbar,2.86,9.0,bedauerte,1.89,9.0,68.75,"Paul bedauerte Lisa,
weil_sie an dem Tag allein_war und jeden_Tag weinte.",Wer war an dem Tag allein?,Paul,Lisa,er,sie,J,1,NP2,Lisa,right,J,J,False,male,female,original,NP2-Causality
nonamb,6,71,NP2,NP2-Causality,er,amb,"Paul bedauerte Hans, weil er an dem Tag allein war und jeden Tag weinte.",Wer war an dem Tag allein? (Paul / Hans),pitied,ExpStim,6.0,512.0,-1.55,-83,unheilbar,2.86,9.0,bedauerte,1.89,9.0,68.75,"Paul bedauerte Hans,
weil_er an dem Tag allein_war und jeden_Tag weinte.",Wer war an dem Tag allein?,Paul,Hans,er,er,FJ,1,NP2,Hans,right,J,FJ,True,male,male,both_male,NP2-Causality
nonamb,7,71,NP2,NP2-Causality,sie,amb,"Susanne bedauerte Lisa, weil sie an dem Tag allein war und jeden Tag weinte.",Wer war an dem Tag allein? (Susanne / Lisa),pitied,ExpStim,6.0,512.0,-1.55,-83,unheilbar,2.86,9.0,bedauerte,1.89,9.0,68.75,"Susanne bedauerte Lisa,
weil_sie an dem Tag allein_war und jeden_Tag weinte.",Wer war an dem Tag allein?,Susanne,Lisa,sie,sie,FJ,1,NP2,Lisa,right,J,FJ,True,female,female,both_female,NP2-Causality
nonamb,8,71,NP2,NP2-Causality,er,er,"Susanne bedauerte Hans, weil er an dem Tag allein war und jeden Tag weinte.",Wer war an dem Tag allein? (Susanne / Hans),pitied,ExpStim,6.0,512.0,-1.55,-83,unheilbar,2.86,9.0,bedauerte,1.89,9.0,68.75,"Susanne bedauerte Hans,
weil_er an dem Tag allein_war und jeden_Tag weinte.",Wer war an dem Tag allein?,Susanne,Hans,sie,er,J,1,NP2,Hans,right,J,J,False,female,male,swapped,NP2-Causality
nonamb,1,72,neutral,NP1-Causality,er,er,"Christian tadelte Eva, weil er an dem Nachmittag penibel war und jede Kleinigkeit bemerkte.",Was bemerkte er? (jede Kleinigkeit / ein Date),reproved,AgEvo,8.0,61.0,-0.36,-14,genervt,3.82,7.0,tadelte,0.23,7.0,43.75,"Christian tadelte Eva,
weil_er an dem Nachmittag penibel_war und jede_Kleinigkeit bemerkte.",Was bemerkte er?,jede Kleinigkeit,ein Date,,,F,6,NP1,jede Kleinigkeit,left,F,F,False,male,female,original,NP1-Causality
nonamb,2,72,neutral,NP1-Causality,er,amb,"Christian tadelte Klaus, weil er an dem Nachmittag penibel war und jede Kleinigkeit bemerkte.",Was bemerkte er? (jede Kleinigkeit / ein Date),reproved,AgEvo,8.0,61.0,-0.36,-14,genervt,3.82,7.0,tadelte,0.23,7.0,43.75,"Christian tadelte Klaus,
weil_er an dem Nachmittag penibel_war und jede_Kleinigkeit bemerkte.",Was bemerkte er?,jede Kleinigkeit,ein Date,,,F,6,NP1,jede Kleinigkeit,left,F,F,False,male,male,both_male,NP1-Causality
nonamb,3,72,neutral,NP1-Causality,sie,amb,"Jana tadelte Eva, weil sie an dem Nachmittag penibel war und jede Kleinigkeit bemerkte.",Was bemerkte sie? (jede Kleinigkeit / ein Date),reproved,AgEvo,8.0,61.0,-0.36,-14,genervt,3.82,7.0,tadelte,0.23,7.0,43.75,"Jana tadelte Eva,
weil_sie an dem Nachmittag penibel_war und jede_Kleinigkeit bemerkte.",Was bemerkte sie?,jede Kleinigkeit,ein Date,,,F,6,NP1,jede Kleinigkeit,left,F,F,False,female,female,both_female,NP1-Causality
nonamb,4,72,neutral,NP1-Causality,sie,sie,"Jana tadelte Klaus, weil sie an dem Nachmittag penibel war und jede Kleinigkeit bemerkte.",Was bemerkte sie? (jede Kleinigkeit / ein Date),reproved,AgEvo,8.0,61.0,-0.36,-14,genervt,3.82,7.0,tadelte,0.23,7.0,43.75,"Jana tadelte Klaus,
weil_sie an dem Nachmittag penibel_war und jede_Kleinigkeit bemerkte.",Was bemerkte sie?,jede Kleinigkeit,ein Date,,,F,6,NP1,jede Kleinigkeit,left,F,F,False,female,male,swapped,NP1-Causality
nonamb,5,72,neutral,NP2-Causality,sie,sie,"Christian tadelte Eva, weil sie an dem Nachmittag unpünktlich war und den Termin verpasste.",Was verpasste sie? (den Termin / ein Date),reproved,AgEvo,8.0,61.0,-0.36,-14,unpünktlich,0.28,11.0,tadelte,0.23,7.0,43.75,"Christian tadelte Eva,
weil_sie an dem Nachmittag unpünktlich_war und den_Termin verpasste.",Was verpasste sie?,den Termin,ein Date,,,F,6,NP2,den Termin,left,F,F,False,male,female,original,NP2-Causality
nonamb,6,72,neutral,NP2-Causality,er,amb,"Christian tadelte Klaus, weil er an dem Nachmittag unpünktlich war und den Termin verpasste.",Was verpasste er? (den Termin / ein Date),reproved,AgEvo,8.0,61.0,-0.36,-14,unpünktlich,0.28,11.0,tadelte,0.23,7.0,43.75,"Christian tadelte Klaus,
weil_er an dem Nachmittag unpünktlich_war und den_Termin verpasste.",Was verpasste er?,den Termin,ein Date,,,F,6,NP2,den Termin,left,F,F,False,male,male,both_male,NP2-Causality
nonamb,7,72,neutral,NP2-Causality,sie,amb,"Jana tadelte Eva, weil sie an dem Nachmittag unpünktlich war und den Termin verpasste.",Was verpasste sie? (den Termin / ein Date),reproved,AgEvo,8.0,61.0,-0.36,-14,unpünktlich,0.28,11.0,tadelte,0.23,7.0,43.75,"Jana tadelte Eva,
weil_sie an dem Nachmittag unpünktlich_war und den_Termin verpasste.",Was verpasste sie?,den Termin,ein Date,,,F,6,NP2,den Termin,left,F,F,False,female,female,both_female,NP2-Causality
nonamb,8,72,neutral,NP2-Causality,er,er,"Jana tadelte Klaus, weil er an dem Nachmittag unpünktlich war und den Termin verpasste.",Was verpasste er? (den Termin / ein Date),reproved,AgEvo,8.0,61.0,-0.36,-14,unpünktlich,0.28,11.0,tadelte,0.23,7.0,43.75,"Jana tadelte Klaus,
weil_er an dem Nachmittag unpünktlich_war und den_Termin verpasste.",Was verpasste er?,den Termin,ein Date,,,F,6,NP2,den Termin,left,F,F,False,female,male,swapped,NP2-Causality
nonamb,1,73,NP1,NP1-Causality,er,er,"Philipp begeisterte Nicole, weil er auf der Tournee inspirierend war und das Publikum mitriss.",Wer begeisterte Nicole? (Philipp / Dominik),wowed,StimExp,5.0,24.0,1.82,74,auf Tournee,0.69,10.0,begeisterte,4.7,11.0,81.25,"Philipp begeisterte Nicole,
weil_er auf der Tournee inspirierend_war und das_Publikum mitriss.",Wer begeisterte Nicole?,Philipp,Dominik,er,er,F,2,NP1,Philipp,left,F,F,False,male,female,original,NP1-Causality
nonamb,2,73,NP1,NP1-Causality,er,amb,"Philipp begeisterte Thomas, weil er auf der Tournee inspirierend war und das Publikum mitriss.",Wer begeisterte Thomas? (Philipp / Elias),wowed,StimExp,5.0,24.0,1.82,74,auf Tournee,0.69,10.0,begeisterte,4.7,11.0,81.25,"Philipp begeisterte Thomas,
weil_er auf der Tournee inspirierend_war und das_Publikum mitriss.",Wer begeisterte Thomas?,Philipp,Elias,er,er,F,2,NP1,Philipp,left,F,F,False,male,male,both_male,NP1-Causality
nonamb,3,73,NP1,NP1-Causality,sie,amb,"Daniela begeisterte Nicole, weil sie auf der Tournee inspirierend war und das Publikum mitriss.",Wer begeisterte Nicole? (Daniela / Anna),wowed,StimExp,5.0,24.0,1.82,74,auf Tournee,0.69,10.0,begeisterte,4.7,11.0,81.25,"Daniela begeisterte Nicole,
weil_sie auf der Tournee inspirierend_war und das_Publikum mitriss.",Wer begeisterte Nicole?,Daniela,Anna,sie,sie,F,2,NP1,Daniela,left,F,F,False,female,female,both_female,NP1-Causality
nonamb,4,73,NP1,NP1-Causality,sie,sie,"Daniela begeisterte Thomas, weil sie auf der Tournee inspirierend war und das Publikum mitriss.",Wer begeisterte Thomas? (Daniela / Nina),wowed,StimExp,5.0,24.0,1.82,74,auf Tournee,0.69,10.0,begeisterte,4.7,11.0,81.25,"Daniela begeisterte Thomas,
weil_sie auf der Tournee inspirierend_war und das_Publikum mitriss.",Wer begeisterte Thomas?,Daniela,Nina,sie,sie,F,2,NP1,Daniela,left,F,F,False,female,male,swapped,NP1-Causality
nonamb,5,73,NP1,NP2-Causality,sie,sie,"Philipp begeisterte Nicole, weil sie auf der Tournee hingerissen war und jedes Konzert besuchte.",Wer begeisterte Nicole? (Philipp / Elias),wowed,StimExp,5.0,24.0,1.82,74,angeheitert,0.15,10.0,begeisterte,4.7,11.0,81.25,"Philipp begeisterte Nicole,
weil_sie auf der Tournee hingerissen_war und jedes_Konzert besuchte.",Wer begeisterte Nicole?,Philipp,Elias,er,er,F,2,NP2,Philipp,left,F,F,False,male,female,original,NP2-Causality
nonamb,6,73,NP1,NP2-Causality,er,amb,"Philipp begeisterte Thomas, weil er auf der Tournee hingerissen war und jedes Konzert besuchte.",Wer begeisterte Thomas? (Philipp / David),wowed,StimExp,5.0,24.0,1.82,74,angeheitert,0.15,10.0,begeisterte,4.7,11.0,81.25,"Philipp begeisterte Thomas,
weil_er auf der Tournee hingerissen_war und jedes_Konzert besuchte.",Wer begeisterte Thomas?,Philipp,David,er,er,F,2,NP2,Philipp,left,F,F,False,male,male,both_male,NP2-Causality
nonamb,7,73,NP1,NP2-Causality,sie,amb,"Daniela begeisterte Nicole, weil sie auf der Tournee hingerissen war und jedes Konzert besuchte.",Wer begeisterte Nicole? (Daniela / Julia),wowed,StimExp,5.0,24.0,1.82,74,angeheitert,0.15,10.0,begeisterte,4.7,11.0,81.25,"Daniela begeisterte Nicole,
weil_sie auf der Tournee hingerissen_war und jedes_Konzert besuchte.",Wer begeisterte Nicole?,Daniela,Julia,sie,sie,F,2,NP2,Daniela,left,F,F,False,female,female,both_female,NP2-Causality
nonamb,8,73,NP1,NP2-Causality,er,er,"Daniela begeisterte Thomas, weil er auf der Tournee hingerissen war und jedes Konzert besuchte.",Wer begeisterte Thomas? (Daniela / Jasmin),wowed,StimExp,5.0,24.0,1.82,74,angeheitert,0.15,10.0,begeisterte,4.7,11.0,81.25,"Daniela begeisterte Thomas,
weil_er auf der Tournee hingerissen_war und jedes_Konzert besuchte.",Wer begeisterte Thomas?,Daniela,Jasmin,sie,sie,F,2,NP2,Daniela,left,F,F,False,female,male,swapped,NP2-Causality
nonamb,1,74,NP2,NP1-Causality,er,er,"Johannes versorgte Nina, weil er seit kurzer Zeit verantwortungsvoll war und die Routine kannte.",Seit wann war er verantwortungsvoll? (seit kurzer Zeit / nach den Erlebnissen),worried about,ExpStim,7.0,51.0,-1.91,-71,lebenserfahren,0.13,14.0,versorgte,0.09,10.0,68.75,"Johannes versorgte Nina,
weil_er seit kurzer Zeit verantwortungsvoll_war und die_Routine kannte.",Seit wann war er verantwortungsvoll?,seit kurzer Zeit,nach den Erlebnissen,,,F,5,NP1,seit kurzer Zeit,left,F,F,False,male,female,original,NP1-Causality
nonamb,2,74,NP2,NP1-Causality,er,amb,"Johannes versorgte Florian, weil er seit kurzer Zeit verantwortungsvoll war und die Routine kannte.",Seit wann war er verantwortungsvoll? (seit kurzer Zeit / nach den Erlebnissen),worried about,ExpStim,7.0,51.0,-1.91,-71,lebenserfahren,0.13,14.0,versorgte,0.09,10.0,68.75,"Johannes versorgte Florian,
weil_er seit kurzer Zeit verantwortungsvoll_war und die_Routine kannte.",Seit wann war er verantwortungsvoll?,seit kurzer Zeit,nach den Erlebnissen,,,F,5,NP1,seit kurzer Zeit,left,F,F,False,male,male,both_male,NP1-Causality
nonamb,3,74,NP2,NP1-Causality,sie,amb,"Johanna versorgte Nina, weil sie seit kurzer Zeit verantwortungsvoll war und die Routine kannte.",Seit wann war sie verantwortungsvoll? (seit kurzer Zeit / nach den Erlebnissen),worried about,ExpStim,7.0,51.0,-1.91,-71,lebenserfahren,0.13,14.0,versorgte,0.09,10.0,68.75,"Johanna versorgte Nina,
weil_sie seit kurzer Zeit verantwortungsvoll_war und die_Routine kannte.",Seit wann war sie verantwortungsvoll?,seit kurzer Zeit,nach den Erlebnissen,,,F,5,NP1,seit kurzer Zeit,left,F,F,False,female,female,both_female,NP1-Causality
nonamb,4,74,NP2,NP1-Causality,sie,sie,"Johanna versorgte Florian, weil sie seit kurzer Zeit verantwortungsvoll war und die Routine kannte.",Seit wann war sie verantwortungsvoll? (seit kurzer Zeit / nach den Erlebnissen),worried about,ExpStim,7.0,51.0,-1.91,-71,lebenserfahren,0.13,14.0,versorgte,0.09,10.0,68.75,"Johanna versorgte Florian,
weil_sie seit kurzer Zeit verantwortungsvoll_war und die_Routine kannte.",Seit wann war sie verantwortungsvoll?,seit kurzer Zeit,nach den Erlebnissen,,,F,5,NP1,seit kurzer Zeit,left,F,F,False,female,male,swapped,NP1-Causality
nonamb,5,74,NP2,NP2-Causality,sie,sie,"Johannes versorgte Nina, weil sie seit kurzer Zeit bedürftig war und die Hilfe brauchte.",Seit wann war sie bedürftig? (seit kurzer Zeit / nach den Erlebnissen),worried about,ExpStim,7.0,51.0,-1.91,-71,erst achtzehn,0.03,8.0,versorgte,0.09,10.0,68.75,"Johannes versorgte Nina,
weil_sie seit kurzer Zeit bedürftig_war und die_Hilfe brauchte.",Seit wann war sie bedürftig?,seit kurzer Zeit,nach den Erlebnissen,,,F,5,NP2,seit kurzer Zeit,left,F,F,False,male,female,original,NP2-Causality
nonamb,6,74,NP2,NP2-Causality,er,amb,"Johannes versorgte Florian, weil er seit kurzer Zeit bedürftig war und die Hilfe brauchte.",Seit wann war er bedürftig? (seit kurzer Zeit / nach den Erlebnissen),worried about,ExpStim,7.0,51.0,-1.91,-71,erst achtzehn,0.03,8.0,versorgte,0.09,10.0,68.75,"Johannes versorgte Florian,
weil_er seit kurzer Zeit bedürftig_war und die_Hilfe brauchte.",Seit wann war er bedürftig?,seit kurzer Zeit,nach den Erlebnissen,,,F,5,NP2,seit kurzer Zeit,left,F,F,False,male,male,both_male,NP2-Causality
nonamb,7,74,NP2,NP2-Causality,sie,amb,"Johanna versorgte Nina, weil sie seit kurzer Zeit bedürftig war und die Hilfe brauchte.",Seit wann war sie bedürftig? (seit kurzer Zeit / nach den Erlebnissen),worried about,ExpStim,7.0,51.0,-1.91,-71,erst achtzehn,0.03,8.0,versorgte,0.09,10.0,68.75,"Johanna versorgte Nina,
weil_sie seit kurzer Zeit bedürftig_war und die_Hilfe brauchte.",Seit wann war sie bedürftig?,seit kurzer Zeit,nach den Erlebnissen,,,F,5,NP2,seit kurzer Zeit,left,F,F,False,female,female,both_female,NP2-Causality
nonamb,8,74,NP2,NP2-Causality,er,er,"Johanna versorgte Florian, weil er seit kurzer Zeit bedürftig war und die Hilfe brauchte.",Seit wann war er bedürftig? (seit kurzer Zeit / nach den Erlebnissen),worried about,ExpStim,7.0,51.0,-1.91,-71,erst achtzehn,0.03,8.0,versorgte,0.09,10.0,68.75,"Johanna versorgte Florian,
weil_er seit kurzer Zeit bedürftig_war und die_Hilfe brauchte.",Seit wann war er bedürftig?,seit kurzer Zeit,nach den Erlebnissen,,,F,5,NP2,seit kurzer Zeit,left,F,F,False,female,male,swapped,NP2-Causality
nonamb,1,75,neutral,NP1-Causality,er,er,"Thomas schikanierte Johanna, weil er in der Schule gehässig war und das Mäppchen versteckte.",Was tat Thomas? (schikanierte Johanna / versorgte Nina),victimized,AgEvo,10.0,55.0,-2.64,15,niederträchtig,0.67,14.0,schikanierte,0.04,12.0,81.25,"Thomas schikanierte Johanna,
weil_er in der Schule gehässig_war und das_Mäppchen versteckte.",Was tat Thomas?,schikanierte Johanna,versorgte Nina,,,F,4,NP1,schikanierte Johanna,left,F,F,False,male,female,original,NP1-Causality
nonamb,2,75,neutral,NP1-Causality,er,amb,"Thomas schikanierte Andreas, weil er in der Schule gehässig war und das Mäppchen versteckte.",Was tat Thomas? (schikanierte Andreas / benachrichtigte Tobias),victimized,AgEvo,10.0,55.0,-2.64,15,niederträchtig,0.67,14.0,schikanierte,0.04,12.0,81.25,"Thomas schikanierte Andreas,
weil_er in der Schule gehässig_war und das_Mäppchen versteckte.",Was tat Thomas?,schikanierte Andreas,benachrichtigte Tobias,,,F,4,NP1,schikanierte Andreas,left,F,F,False,male,male,both_male,NP1-Causality
nonamb,3,75,neutral,NP1-Causality,sie,amb,"Susanne schikanierte Johanna, weil sie in der Schule gehässig war und das Mäppchen versteckte.",Was tat Susanne? (schikanierte Johanna / verriet Johannes),victimized,AgEvo,10.0,55.0,-2.64,15,niederträchtig,0.67,14.0,schikanierte,0.04,12.0,81.25,"Susanne schikanierte Johanna,
weil_sie in der Schule gehässig_war und das_Mäppchen versteckte.",Was tat Susanne?,schikanierte Johanna,verriet Johannes,,,F,4,NP1,schikanierte Johanna,left,F,F,False,female,female,both_female,NP1-Causality
nonamb,4,75,neutral,NP1-Causality,sie,sie,"Susanne schikanierte Andreas, weil sie in der Schule gehässig war und das Mäppchen versteckte.",Was tat Susanne? (schikanierte Andreas / begeisterte Thomas),victimized,AgEvo,10.0,55.0,-2.64,15,niederträchtig,0.67,14.0,schikanierte,0.04,12.0,81.25,"Susanne schikanierte Andreas,
weil_sie in der Schule gehässig_war und das_Mäppchen versteckte.",Was tat Susanne?,schikanierte Andreas,begeisterte Thomas,,,F,4,NP1,schikanierte Andreas,left,F,F,False,female,male,swapped,NP1-Causality
nonamb,5,75,neutral,NP2-Causality,sie,sie,"Thomas schikanierte Johanna, weil sie in der Schule anders war und die Pausen mied.",Was tat Thomas? (schikanierte Johanna / trug Christian),victimized,AgEvo,10.0,55.0,-2.64,15,hilflos,9.77,7.0,schikanierte,0.04,12.0,81.25,"Thomas schikanierte Johanna,
weil_sie in der Schule anders_war und die_Pausen mied.",Was tat Thomas?,schikanierte Johanna,trug Christian,,,F,4,NP2,schikanierte Johanna,left,F,F,False,male,female,original,NP2-Causality
nonamb,6,75,neutral,NP2-Causality,er,amb,"Thomas schikanierte Andreas, weil er in der Schule anders war und die Pausen mied.",Was tat Thomas? (schikanierte Andreas / liebte Tobias),victimized,AgEvo,10.0,55.0,-2.64,15,hilflos,9.77,7.0,schikanierte,0.04,12.0,81.25,"Thomas schikanierte Andreas,
weil_er in der Schule anders_war und die_Pausen mied.",Was tat Thomas?,schikanierte Andreas,liebte Tobias,,,F,4,NP2,schikanierte Andreas,left,F,F,False,male,male,both_male,NP2-Causality
nonamb,7,75,neutral,NP2-Causality,sie,amb,"Susanne schikanierte Johanna, weil sie in der Schule anders war und die Pausen mied.",Was tat Susanne? (schikanierte Johanna / verließ Peter),victimized,AgEvo,10.0,55.0,-2.64,15,hilflos,9.77,7.0,schikanierte,0.04,12.0,81.25,"Susanne schikanierte Johanna,
weil_sie in der Schule anders_war und die_Pausen mied.",Was tat Susanne?,schikanierte Johanna,verließ Peter,,,F,4,NP2,schikanierte Johanna,left,F,F,False,female,female,both_female,NP2-Causality
nonamb,8,75,neutral,NP2-Causality,er,er,"Susanne schikanierte Andreas, weil er in der Schule anders war und die Pausen mied.",Was tat Susanne? (schikanierte Andreas / traf Daniela),victimized,AgEvo,10.0,55.0,-2.64,15,hilflos,9.77,7.0,schikanierte,0.04,12.0,81.25,"Susanne schikanierte Andreas,
weil_er in der Schule anders_war und die_Pausen mied.",Was tat Susanne?,schikanierte Andreas,traf Daniela,,,F,4,NP2,schikanierte Andreas,left,F,F,False,female,male,swapped,NP2-Causality
nonamb,1,76,NP1,NP1-Causality,er,er,"Tobias betörte Claudia, weil er schon seit Langem athletisch war und die Herausforderung meisterte.",Was tat Tobias? (betörte Claudia / verzieh Wolfgang),attracted,StimExp,9.0,1.0,1.82,87,in Bewegung,9.3,10.0,betörte,0.17,5.0,37.5,"Tobias betörte Claudia,
weil_er schon seit Langem athletisch_war und die_Herausforderung meisterte.",Was tat Tobias?,betörte Claudia,verzieh Wolfgang,,,F,4,NP1,betörte Claudia,left,F,F,False,male,female,original,NP1-Causality
nonamb,2,76,NP1,NP1-Causality,er,amb,"Tobias betörte Stefan, weil er schon seit Langem athletisch war und die Herausforderung meisterte.",Was tat Tobias? (betörte Stefan / bestrafte Laura),attracted,StimExp,9.0,1.0,1.82,87,in Bewegung,9.3,10.0,betörte,0.17,5.0,37.5,"Tobias betörte Stefan,
weil_er schon seit Langem athletisch_war und die_Herausforderung meisterte.",Was tat Tobias?,betörte Stefan,bestrafte Laura,,,F,4,NP1,betörte Stefan,left,F,F,False,male,male,both_male,NP1-Causality
nonamb,3,76,NP1,NP1-Causality,sie,amb,"Sabine betörte Claudia, weil sie schon seit Langem athletisch war und die Herausforderung meisterte.",Was tat Sabine? (betörte Claudia / dankte Sabine),attracted,StimExp,9.0,1.0,1.82,87,in Bewegung,9.3,10.0,betörte,0.17,5.0,37.5,"Sabine betörte Claudia,
weil_sie schon seit Langem athletisch_war und die_Herausforderung meisterte.",Was tat Sabine?,betörte Claudia,dankte Sabine,,,F,4,NP1,betörte Claudia,left,F,F,False,female,female,both_female,NP1-Causality
nonamb,4,76,NP1,NP1-Causality,sie,sie,"Sabine betörte Stefan, weil sie schon seit Langem athletisch war und die Herausforderung meisterte.",Was tat Sabine? (betörte Stefan / scheute Frank),attracted,StimExp,9.0,1.0,1.82,87,in Bewegung,9.3,10.0,betörte,0.17,5.0,37.5,"Sabine betörte Stefan,
weil_sie schon seit Langem athletisch_war und die_Herausforderung meisterte.",Was tat Sabine?,betörte Stefan,scheute Frank,,,F,4,NP1,betörte Stefan,left,F,F,False,female,male,swapped,NP1-Causality
nonamb,5,76,NP1,NP2-Causality,sie,sie,"Tobias betörte Claudia, weil sie schon seit Langem gelangweilt war und jede Abwechslung genoss.",Was tat Tobias? (betörte Claudia / bedrückte Petra),attracted,StimExp,9.0,1.0,1.82,87,gelangweilt,2.65,11.0,betörte,0.57,5.0,37.5,"Tobias betörte Claudia,
weil_sie schon seit Langem gelangweilt_war und jede_Abwechslung genoss.",Was tat Tobias?,betörte Claudia,bedrückte Petra,,,F,4,NP2,betörte Claudia,left,F,F,False,male,female,original,NP2-Causality
nonamb,6,76,NP1,NP2-Causality,er,amb,"Tobias betörte Stefan, weil er schon seit Langem gelangweilt war und jede Abwechslung genoss.",Was tat Tobias? (betörte Stefan / beschäftigte Birgit),attracted,StimExp,9.0,1.0,1.82,87,gelangweilt,2.65,11.0,betörte,0.57,5.0,37.5,"Tobias betörte Stefan,
weil_er schon seit Langem gelangweilt_war und jede_Abwechslung genoss.",Was tat Tobias?,betörte Stefan,beschäftigte Birgit,,,F,4,NP2,betörte Stefan,left,F,F,False,male,male,both_male,NP2-Causality
nonamb,7,76,NP1,NP2-Causality,sie,amb,"Sabine betörte Claudia, weil sie schon seit Langem gelangweilt war und jede Abwechslung genoss.",Was tat Sabine? (betörte Claudia / verstimmte Klaus),attracted,StimExp,9.0,1.0,1.82,87,gelangweilt,2.65,11.0,betörte,0.57,5.0,37.5,"Sabine betörte Claudia,
weil_sie schon seit Langem gelangweilt_war und jede_Abwechslung genoss.",Was tat Sabine?,betörte Claudia,verstimmte Klaus,,,F,4,NP2,betörte Claudia,left,F,F,False,female,female,both_female,NP2-Causality
nonamb,8,76,NP1,NP2-Causality,er,er,"Sabine betörte Stefan, weil er schon seit Langem gelangweilt war und jede Abwechslung genoss.",Was tat Sabine? (betörte Stefan / bemerkte Birgit),attracted,StimExp,9.0,1.0,1.82,87,gelangweilt,2.65,11.0,betörte,0.57,5.0,37.5,"Sabine betörte Stefan,
weil_er schon seit Langem gelangweilt_war und jede_Abwechslung genoss.",Was tat Sabine?,betörte Stefan,bemerkte Birgit,,,F,4,NP2,betörte Stefan,left,F,F,False,female,male,swapped,NP2-Causality
nonamb,1,77,NP2,NP1-Causality,er,er,"Karl ermunterte Birgit, weil er im frühen Morgengrauen hilfsbereit war und den Haushalt übernahm.",Was tat Karl? (ermunterte Birgit / täuschte Uwe),comforted,StimExp,9.0,612.0,2.36,-77,hilfsbereit,4.33,11.0,ermunterte,0.02,11.0,31.25,"Karl ermunterte Birgit,
weil_er im frühen Morgengrauen hilfsbereit_war und den_Haushalt übernahm.",Was tat Karl?,ermunterte Birgit,täuschte Uwe,,,F,4,NP1,ermunterte Birgit,left,F,F,False,male,female,original,NP1-Causality
nonamb,2,77,NP2,NP1-Causality,er,amb,"Karl ermunterte Philipp, weil er im frühen Morgengrauen hilfsbereit war und den Haushalt übernahm.",Was tat Karl? (ermunterte Philipp / entmutigte Maria),comforted,StimExp,9.0,612.0,2.36,-77,hilfsbereit,4.33,11.0,ermunterte,0.02,11.0,31.25,"Karl ermunterte Philipp,
weil_er im frühen Morgengrauen hilfsbereit_war und den_Haushalt übernahm.",Was tat Karl?,ermunterte Philipp,entmutigte Maria,,,F,4,NP1,ermunterte Philipp,left,F,F,False,male,male,both_male,NP1-Causality
nonamb,3,77,NP2,NP1-Causality,sie,amb,"Barbara ermunterte Birgit, weil sie im frühen Morgengrauen hilfsbereit war und den Haushalt übernahm.",Was tat Barbara? (ermunterte Birgit / provozierte Sabine),comforted,StimExp,9.0,612.0,2.36,-77,hilfsbereit,4.33,11.0,ermunterte,0.02,11.0,31.25,"Barbara ermunterte Birgit,
weil_sie im frühen Morgengrauen hilfsbereit_war und den_Haushalt übernahm.",Was tat Barbara?,ermunterte Birgit,provozierte Sabine,,,F,4,NP1,ermunterte Birgit,left,F,F,False,female,female,both_female,NP1-Causality
nonamb,4,77,NP2,NP1-Causality,sie,sie,"Barbara ermunterte Philipp, weil sie im frühen Morgengrauen hilfsbereit war und den Haushalt übernahm.",Was tat Barbara? (ermunterte Philipp / bevorzugte Lena),comforted,StimExp,9.0,612.0,2.36,-77,hilfsbereit,4.33,11.0,ermunterte,0.02,11.0,31.25,"Barbara ermunterte Philipp,
weil_sie im frühen Morgengrauen hilfsbereit_war und den_Haushalt übernahm.",Was tat Barbara?,ermunterte Philipp,bevorzugte Lena,,,F,4,NP1,ermunterte Philipp,left,F,F,False,female,male,swapped,NP1-Causality
nonamb,5,77,NP2,NP2-Causality,sie,sie,"Karl ermunterte Birgit, weil sie im frühen Morgengrauen verzweifelt war und die Motivation verlor.",Was tat Karl? (ermunterte Birgit / begleitete Paul),comforted,StimExp,9.0,612.0,2.36,-77,hilfsbedürftig,0.9,14.0,ermunterte,0.02,11.0,31.25,"Karl ermunterte Birgit,
weil_sie im frühen Morgengrauen verzweifelt_war und die_Motivation verlor.",Was tat Karl?,ermunterte Birgit,begleitete Paul,,,F,4,NP2,ermunterte Birgit,left,F,F,False,male,female,original,NP2-Causality
nonamb,6,77,NP2,NP2-Causality,er,amb,"Karl ermunterte Philipp, weil er im frühen Morgengrauen verzweifelt war und die Motivation verlor.",Was tat Karl? (ermunterte Philipp / benachrichtigte Laura),comforted,StimExp,9.0,612.0,2.36,-77,hilfsbedürftig,0.9,14.0,ermunterte,0.02,11.0,31.25,"Karl ermunterte Philipp,
weil_er im frühen Morgengrauen verzweifelt_war und die_Motivation verlor.",Was tat Karl?,ermunterte Philipp,benachrichtigte Laura,,,F,4,NP2,ermunterte Philipp,left,F,F,False,male,male,both_male,NP2-Causality
nonamb,7,77,NP2,NP2-Causality,sie,amb,"Barbara ermunterte Birgit, weil sie im frühen Morgengrauen verzweifelt war und die Motivation verlor.",Was tat Barbara? (ermunterte Birgit / erboste Martina),comforted,StimExp,9.0,612.0,2.36,-77,hilfsbedürftig,0.9,14.0,ermunterte,0.02,11.0,31.25,"Barbara ermunterte Birgit,
weil_sie im frühen Morgengrauen verzweifelt_war und die_Motivation verlor.",Was tat Barbara?,ermunterte Birgit,erboste Martina,,,F,4,NP2,ermunterte Birgit,left,F,F,False,female,female,both_female,NP2-Causality
nonamb,8,77,NP2,NP2-Causality,er,er,"Barbara ermunterte Philipp, weil er im frühen Morgengrauen verzweifelt war und die Motivation verlor.",Was tat Barbara? (ermunterte Philipp / überholte Sabine),comforted,StimExp,9.0,612.0,2.36,-77,hilfsbedürftig,0.9,14.0,ermunterte,0.02,11.0,31.25,"Barbara ermunterte Philipp,
weil_er im frühen Morgengrauen verzweifelt_war und die_Motivation verlor.",Was tat Barbara?,ermunterte Philipp,überholte Sabine,,,F,4,NP2,ermunterte Philipp,left,F,F,False,female,male,swapped,NP2-Causality
nonamb,1,78,neutral,NP1-Causality,er,er,"Johannes beschimpfte Lisa, weil er mit der Zeit gereizt war und die Selbstkontrolle verlor.",Was verlor er? (die Selbstkontrolle / den Nervenkitzel),decried,AgEvo,7.0,0.0,-0.55,-11,dement,0.09,6.0,beschimpfte,0.62,11.0,75.0,"Johannes beschimpfte Lisa,
weil_er mit der Zeit gereizt_war und die_Selbstkontrolle verlor.",Was verlor er?,die Selbstkontrolle,den Nervenkitzel,,,F,6,NP1,die Selbstkontrolle,left,F,F,False,male,female,original,NP1-Causality
nonamb,2,78,neutral,NP1-Causality,er,amb,"Johannes beschimpfte Klaus, weil er mit der Zeit gereizt war und die Selbstkontrolle verlor.",Was verlor er? (die Selbstkontrolle / den Nervenkitzel),decried,AgEvo,7.0,0.0,-0.55,-11,dement,0.09,6.0,beschimpfte,0.62,11.0,75.0,"Johannes beschimpfte Klaus,
weil_er mit der Zeit gereizt_war und die_Selbstkontrolle verlor.",Was verlor er?,die Selbstkontrolle,den Nervenkitzel,,,F,6,NP1,die Selbstkontrolle,left,F,F,False,male,male,both_male,NP1-Causality
nonamb,3,78,neutral,NP1-Causality,sie,amb,"Monika beschimpfte Lisa, weil sie mit der Zeit gereizt war und die Selbstkontrolle verlor.",Was verlor sie? (die Selbstkontrolle / den Nervenkitzel),decried,AgEvo,7.0,0.0,-0.55,-11,dement,0.09,6.0,beschimpfte,0.62,11.0,75.0,"Monika beschimpfte Lisa,
weil_sie mit der Zeit gereizt_war und die_Selbstkontrolle verlor.",Was verlor sie?,die Selbstkontrolle,den Nervenkitzel,,,F,6,NP1,die Selbstkontrolle,left,F,F,False,female,female,both_female,NP1-Causality
nonamb,4,78,neutral,NP1-Causality,sie,sie,"Monika beschimpfte Klaus, weil sie mit der Zeit gereizt war und die Selbstkontrolle verlor.",Was verlor sie? (die Selbstkontrolle / den Nervenkitzel),decried,AgEvo,7.0,0.0,-0.55,-11,dement,0.09,6.0,beschimpfte,0.62,11.0,75.0,"Monika beschimpfte Klaus,
weil_sie mit der Zeit gereizt_war und die_Selbstkontrolle verlor.",Was verlor sie?,die Selbstkontrolle,den Nervenkitzel,,,F,6,NP1,die Selbstkontrolle,left,F,F,False,female,male,swapped,NP1-Causality
nonamb,5,78,neutral,NP2-Causality,sie,sie,"Johannes beschimpfte Lisa, weil sie mit der Zeit frech war und die Leute verspottete.",Was verspottete sie? (die Leute / den Nervenkitzel),decried,AgEvo,7.0,0.0,-0.55,-11,zu spät,18.87,6.0,beschimpfte,0.62,11.0,75.0,"Johannes beschimpfte Lisa,
weil_sie mit der Zeit frech_war und die_Leute verspottete.",Was verspottete sie?,die Leute,den Nervenkitzel,,,F,6,NP2,die Leute,left,F,F,False,male,female,original,NP2-Causality
nonamb,6,78,neutral,NP2-Causality,er,amb,"Johannes beschimpfte Klaus, weil er mit der Zeit frech war und die Leute verspottete.",Was verspottete er? (die Leute / den Nervenkitzel),decried,AgEvo,7.0,0.0,-0.55,-11,zu spät,18.87,6.0,beschimpfte,0.62,11.0,75.0,"Johannes beschimpfte Klaus,
weil_er mit der Zeit frech_war und die_Leute verspottete.",Was verspottete er?,die Leute,den Nervenkitzel,,,F,6,NP2,die Leute,left,F,F,False,male,male,both_male,NP2-Causality
nonamb,7,78,neutral,NP2-Causality,sie,amb,"Monika beschimpfte Lisa, weil sie mit der Zeit frech war und die Leute verspottete.",Was verspottete sie? (die Leute / den Nervenkitzel),decried,AgEvo,7.0,0.0,-0.55,-11,zu spät,18.87,6.0,beschimpfte,0.62,11.0,75.0,"Monika beschimpfte Lisa,
weil_sie mit der Zeit frech_war und die_Leute verspottete.",Was verspottete sie?,die Leute,den Nervenkitzel,,,F,6,NP2,die Leute,left,F,F,False,female,female,both_female,NP2-Causality
nonamb,8,78,neutral,NP2-Causality,er,er,"Monika beschimpfte Klaus, weil er mit der Zeit frech war und die Leute verspottete.",Was verspottete er? (die Leute / den Nervenkitzel),decried,AgEvo,7.0,0.0,-0.55,-11,zu spät,18.87,6.0,beschimpfte,0.62,11.0,75.0,"Monika beschimpfte Klaus,
weil_er mit der Zeit frech_war und die_Leute verspottete.",Was verspottete er?,die Leute,den Nervenkitzel,,,F,6,NP2,die Leute,left,F,F,False,female,male,swapped,NP2-Causality
nonamb,1,79,NP1,NP1-Causality,er,er,"Michael entmutigte Maria, weil er vor dem Gottesdienst verärgert war und eine Beschwerde äußerte.",Wen entmutigte Michael? (Maria / Nicole),daunted,StimExp,7.0,14.0,-1.18,72,unheimlich,10.8,10.0,entmutigte,0.02,14.0,18.75,"Michael entmutigte Maria,
weil_er vor dem Gottesdienst verärgert_war und eine_Beschwerde äußerte.",Wen entmutigte Michael?,Maria,Nicole,sie,sie,F,3,NP1,Maria,left,F,F,False,male,female,original,NP1-Causality
nonamb,2,79,NP1,NP1-Causality,er,amb,"Michael entmutigte Florian, weil er vor dem Gottesdienst verärgert war und eine Beschwerde äußerte.",Wen entmutigte Michael? (Florian / Jonas),daunted,StimExp,7.0,14.0,-1.18,72,unheimlich,10.8,10.0,entmutigte,0.02,14.0,18.75,"Michael entmutigte Florian,
weil_er vor dem Gottesdienst verärgert_war und eine_Beschwerde äußerte.",Wen entmutigte Michael?,Florian,Jonas,er,er,F,3,NP1,Florian,left,F,F,False,male,male,both_male,NP1-Causality
nonamb,3,79,NP1,NP1-Causality,sie,amb,"Petra entmutigte Maria, weil sie vor dem Gottesdienst verärgert war und eine Beschwerde äußerte.",Wen entmutigte Petra? (Maria / Christina),daunted,StimExp,7.0,14.0,-1.18,72,unheimlich,10.8,10.0,entmutigte,0.02,14.0,18.75,"Petra entmutigte Maria,
weil_sie vor dem Gottesdienst verärgert_war und eine_Beschwerde äußerte.",Wen entmutigte Petra?,Maria,Christina,sie,sie,F,3,NP1,Maria,left,F,F,False,female,female,both_female,NP1-Causality
nonamb,4,79,NP1,NP1-Causality,sie,sie,"Petra entmutigte Florian, weil sie vor dem Gottesdienst verärgert war und eine Beschwerde äußerte.",Wen entmutigte Petra? (Florian / Thomas),daunted,StimExp,7.0,14.0,-1.18,72,unheimlich,10.8,10.0,entmutigte,0.02,14.0,18.75,"Petra entmutigte Florian,
weil_sie vor dem Gottesdienst verärgert_war und eine_Beschwerde äußerte.",Wen entmutigte Petra?,Florian,Thomas,er,er,F,3,NP1,Florian,left,F,F,False,female,male,swapped,NP1-Causality
nonamb,5,79,NP1,NP2-Causality,sie,sie,"Michael entmutigte Maria, weil sie vor dem Gottesdienst unsicher war und den Ablauf vergaß.",Wen entmutigte Michael? (Maria / Vanessa),daunted,StimExp,7.0,14.0,-1.18,72,ängstlich,7.09,9.0,entmutigte,0.02,14.0,18.75,"Michael entmutigte Maria,
weil_sie vor dem Gottesdienst unsicher_war und den_Ablauf vergaß.",Wen entmutigte Michael?,Maria,Vanessa,sie,sie,F,3,NP2,Maria,left,F,F,False,male,female,original,NP2-Causality
nonamb,6,79,NP1,NP2-Causality,er,amb,"Michael entmutigte Florian, weil er vor dem Gottesdienst unsicher war und den Ablauf vergaß.",Wen entmutigte Michael? (Florian / Hans),daunted,StimExp,7.0,14.0,-1.18,72,ängstlich,7.09,9.0,entmutigte,0.02,14.0,18.75,"Michael entmutigte Florian,
weil_er vor dem Gottesdienst unsicher_war und den_Ablauf vergaß.",Wen entmutigte Michael?,Florian,Hans,er,er,F,3,NP2,Florian,left,F,F,False,male,male,both_male,NP2-Causality
nonamb,7,79,NP1,NP2-Causality,sie,amb,"Petra entmutigte Maria, weil sie vor dem Gottesdienst unsicher war und den Ablauf vergaß.",Wen entmutigte Petra? (Maria / Nina),daunted,StimExp,7.0,14.0,-1.18,72,ängstlich,7.09,9.0,entmutigte,0.02,14.0,18.75,"Petra entmutigte Maria,
weil_sie vor dem Gottesdienst unsicher_war und den_Ablauf vergaß.",Wen entmutigte Petra?,Maria,Nina,sie,sie,F,3,NP2,Maria,left,F,F,False,female,female,both_female,NP2-Causality
nonamb,8,79,NP1,NP2-Causality,er,er,"Petra entmutigte Florian, weil er vor dem Gottesdienst unsicher war und den Ablauf vergaß.",Wen entmutigte Petra? (Florian / Frank),daunted,StimExp,7.0,14.0,-1.18,72,ängstlich,7.09,9.0,entmutigte,0.02,14.0,18.75,"Petra entmutigte Florian,
weil_er vor dem Gottesdienst unsicher_war und den_Ablauf vergaß.",Wen entmutigte Petra?,Florian,Frank,er,er,F,3,NP2,Florian,left,F,F,False,female,male,swapped,NP2-Causality
nonamb,1,80,NP2,NP1-Causality,er,er,"Matthias scheute Katharina, weil er in letzter Zeit schüchtern war und keine Worte fand.",Wann war er schüchtern? (in letzter Zeit / in der Situation),dreaded,ExpStim,7.0,99.0,-2.73,-73,ängstlich,7.09,9.0,scheute,0.1,9.0,43.75,"Matthias scheute Katharina,
weil_er in letzter Zeit schüchtern_war und keine_Worte fand.",Wann war er schüchtern?,in letzter Zeit,in der Situation,,,F,5,NP1,in letzter Zeit,left,F,F,False,male,female,original,NP1-Causality
nonamb,2,80,NP2,NP1-Causality,er,amb,"Matthias scheute Frank, weil er in letzter Zeit schüchtern war und keine Worte fand.",Wann war er schüchtern? (in letzter Zeit / in der Situation),dreaded,ExpStim,7.0,99.0,-2.73,-73,ängstlich,7.09,9.0,scheute,0.1,9.0,43.75,"Matthias scheute Frank,
weil_er in letzter Zeit schüchtern_war und keine_Worte fand.",Wann war er schüchtern?,in letzter Zeit,in der Situation,,,F,5,NP1,in letzter Zeit,left,F,F,False,male,male,both_male,NP1-Causality
nonamb,3,80,NP2,NP1-Causality,sie,amb,"Eva scheute Katharina, weil sie in letzter Zeit schüchtern war und keine Worte fand.",Wann war sie schüchtern? (in letzter Zeit / in der Situation),dreaded,ExpStim,7.0,99.0,-2.73,-73,ängstlich,7.09,9.0,scheute,0.1,9.0,43.75,"Eva scheute Katharina,
weil_sie in letzter Zeit schüchtern_war und keine_Worte fand.",Wann war sie schüchtern?,in letzter Zeit,in der Situation,,,F,5,NP1,in letzter Zeit,left,F,F,False,female,female,both_female,NP1-Causality
nonamb,4,80,NP2,NP1-Causality,sie,sie,"Eva scheute Frank, weil sie in letzter Zeit schüchtern war und keine Worte fand.",Wann war sie schüchtern? (in letzter Zeit / in der Situation),dreaded,ExpStim,7.0,99.0,-2.73,-73,ängstlich,7.09,9.0,scheute,0.1,9.0,43.75,"Eva scheute Frank,
weil_sie in letzter Zeit schüchtern_war und keine_Worte fand.",Wann war sie schüchtern?,in letzter Zeit,in der Situation,,,F,5,NP1,in letzter Zeit,left,F,F,False,female,male,swapped,NP1-Causality
nonamb,5,80,NP2,NP2-Causality,sie,sie,"Matthias scheute Katharina, weil sie in letzter Zeit streng war und die Fehler bestrafte.",Wann war sie streng? (in letzter Zeit / in der Situation),dreaded,ExpStim,7.0,99.0,-2.73,-73,unberechenbar,2.85,13.0,scheute,0.1,9.0,43.75,"Matthias scheute Katharina,
weil_sie in letzter Zeit streng_war und die_Fehler bestrafte.",Wann war sie streng?,in letzter Zeit,in der Situation,,,F,5,NP2,in letzter Zeit,left,F,F,False,male,female,original,NP2-Causality
nonamb,6,80,NP2,NP2-Causality,er,amb,"Matthias scheute Frank, weil er in letzter Zeit streng war und die Fehler bestrafte.",Wann war er streng? (in letzter Zeit / in der Situation),dreaded,ExpStim,7.0,99.0,-2.73,-73,unberechenbar,2.85,13.0,scheute,0.1,9.0,43.75,"Matthias scheute Frank,
weil_er in letzter Zeit streng_war und die_Fehler bestrafte.",Wann war er streng?,in letzter Zeit,in der Situation,,,F,5,NP2,in letzter Zeit,left,F,F,False,male,male,both_male,NP2-Causality
nonamb,7,80,NP2,NP2-Causality,sie,amb,"Eva scheute Katharina, weil sie in letzter Zeit streng war und die Fehler bestrafte.",Wann war sie streng? (in letzter Zeit / in der Situation),dreaded,ExpStim,7.0,99.0,-2.73,-73,unberechenbar,2.85,13.0,scheute,0.1,9.0,43.75,"Eva scheute Katharina,
weil_sie in letzter Zeit streng_war und die_Fehler bestrafte.",Wann war sie streng?,in letzter Zeit,in der Situation,,,F,5,NP2,in letzter Zeit,left,F,F,False,female,female,both_female,NP2-Causality
nonamb,8,80,NP2,NP2-Causality,er,er,"Eva scheute Frank, weil er in letzter Zeit streng war und die Fehler bestrafte.",Wann war er streng? (in letzter Zeit / in der Situation),dreaded,ExpStim,7.0,99.0,-2.73,-73,unberechenbar,2.85,13.0,scheute,0.1,9.0,43.75,"Eva scheute Frank,
weil_er in letzter Zeit streng_war und die_Fehler bestrafte.",Wann war er streng?,in letzter Zeit,in der Situation,,,F,5,NP2,in letzter Zeit,left,F,F,False,female,male,swapped,NP2-Causality
nonamb,1,81,neutral,NP1-Causality,er,er,"Sebastian überwältigte Jana, weil er in dem Wettkampf schneller war und die Führung übernahm.",Wer überwältigte Jana? (Sebastian / Hans),floored,AgP,7.0,3.0,0.0,13,ausgebildet,23.44,11.0,überwältigte,0.04,10.0,81.25,"Sebastian überwältigte Jana,
weil_er in dem Wettkampf schneller_war und die_Führung übernahm.",Wer überwältigte Jana?,Sebastian,Hans,er,er,F,2,NP1,Sebastian,left,F,F,False,male,female,original,NP1-Causality
nonamb,2,81,neutral,NP1-Causality,er,amb,"Sebastian überwältigte Martin, weil er in dem Wettkampf schneller war und die Führung übernahm.",Wer überwältigte Martin? (Sebastian / Tobias),floored,AgP,7.0,3.0,0.0,13,ausgebildet,23.44,11.0,überwältigte,0.04,10.0,81.25,"Sebastian überwältigte Martin,
weil_er in dem Wettkampf schneller_war und die_Führung übernahm.",Wer überwältigte Martin?,Sebastian,Tobias,er,er,F,2,NP1,Sebastian,left,F,F,False,male,male,both_male,NP1-Causality
nonamb,3,81,neutral,NP1-Causality,sie,amb,"Sarah überwältigte Jana, weil sie in dem Wettkampf schneller war und die Führung übernahm.",Wer überwältigte Jana? (Sarah / Claudia),floored,AgP,7.0,3.0,0.0,13,ausgebildet,23.44,11.0,überwältigte,0.04,10.0,81.25,"Sarah überwältigte Jana,
weil_sie in dem Wettkampf schneller_war und die_Führung übernahm.",Wer überwältigte Jana?,Sarah,Claudia,sie,sie,F,2,NP1,Sarah,left,F,F,False,female,female,both_female,NP1-Causality
nonamb,4,81,neutral,NP1-Causality,sie,sie,"Sarah überwältigte Martin, weil sie in dem Wettkampf schneller war und die Führung übernahm.",Wer überwältigte Martin? (Sarah / Petra),floored,AgP,7.0,3.0,0.0,13,ausgebildet,23.44,11.0,überwältigte,0.04,10.0,81.25,"Sarah überwältigte Martin,
weil_sie in dem Wettkampf schneller_war und die_Führung übernahm.",Wer überwältigte Martin?,Sarah,Petra,sie,sie,F,2,NP1,Sarah,left,F,F,False,female,male,swapped,NP1-Causality
nonamb,5,81,neutral,NP2-Causality,sie,sie,"Sebastian überwältigte Jana, weil sie in dem Wettkampf unterlegen war und jede Runde verlor.",Wer überwältigte Jana? (Sebastian / Andreas),floored,AgP,7.0,3.0,0.0,13,ungeschickt,2.05,11.0,überwältigte,0.04,10.0,81.25,"Sebastian überwältigte Jana,
weil_sie in dem Wettkampf unterlegen_war und jede_Runde verlor.",Wer überwältigte Jana?,Sebastian,Andreas,er,er,F,2,NP2,Sebastian,left,F,F,False,male,female,original,NP2-Causality
nonamb,6,81,neutral,NP2-Causality,er,amb,"Sebastian überwältigte Martin, weil er in dem Wettkampf unterlegen war und jede Runde verlor.",Wer überwältigte Martin? (Sebastian / Florian),floored,AgP,7.0,3.0,0.0,13,ungeschickt,2.05,11.0,überwältigte,0.04,10.0,81.25,"Sebastian überwältigte Martin,
weil_er in dem Wettkampf unterlegen_war und jede_Runde verlor.",Wer überwältigte Martin?,Sebastian,Florian,er,er,F,2,NP2,Sebastian,left,F,F,False,male,male,both_male,NP2-Causality
nonamb,7,81,neutral,NP2-Causality,sie,amb,"Sarah überwältigte Jana, weil sie in dem Wettkampf unterlegen war und jede Runde verlor.",Wer überwältigte Jana? (Sarah / Nina),floored,AgP,7.0,3.0,0.0,13,ungeschickt,2.05,11.0,überwältigte,0.04,10.0,81.25,"Sarah überwältigte Jana,
weil_sie in dem Wettkampf unterlegen_war und jede_Runde verlor.",Wer überwältigte Jana?,Sarah,Nina,sie,sie,F,2,NP2,Sarah,left,F,F,False,female,female,both_female,NP2-Causality
nonamb,8,81,neutral,NP2-Causality,er,er,"Sarah überwältigte Martin, weil er in dem Wettkampf unterlegen war und jede Runde verlor.",Wer überwältigte Martin? (Sarah / Sabine),floored,AgP,7.0,3.0,0.0,13,ungeschickt,2.05,11.0,überwältigte,0.04,10.0,81.25,"Sarah überwältigte Martin,
weil_er in dem Wettkampf unterlegen_war und jede_Runde verlor.",Wer überwältigte Martin?,Sarah,Sabine,sie,sie,F,2,NP2,Sarah,left,F,F,False,female,male,swapped,NP2-Causality
nonamb,1,82,NP1,NP1-Causality,er,er,"Jürgen elektrisierte Nina, weil er in dem Gespräch eifrig war und die Projekte vorantrieb.",Wer war in dem Gespräch eifrig? (Jürgen / Nina),excited,StimExp,7.0,1.0,1.73,72,originell,7.92,9.0,elektrisierte,0.37,7.0,56.25,"Jürgen elektrisierte Nina,
weil_er in dem Gespräch eifrig_war und die_Projekte vorantrieb.",Wer war in dem Gespräch eifrig?,Jürgen,Nina,er,sie,F,1,NP1,Jürgen,left,F,F,False,male,female,original,NP1-Causality
nonamb,2,82,NP1,NP1-Causality,er,amb,"Jürgen elektrisierte Christian, weil er in dem Gespräch eifrig war und die Projekte vorantrieb.",Wer war in dem Gespräch eifrig? (Jürgen / Christian),excited,StimExp,7.0,1.0,1.73,72,originell,7.92,9.0,elektrisierte,0.37,7.0,56.25,"Jürgen elektrisierte Christian,
weil_er in dem Gespräch eifrig_war und die_Projekte vorantrieb.",Wer war in dem Gespräch eifrig?,Jürgen,Christian,er,er,FJ,1,NP1,Jürgen,left,F,FJ,True,male,male,both_male,NP1-Causality
nonamb,3,82,NP1,NP1-Causality,sie,amb,"Linda elektrisierte Nina, weil sie in dem Gespräch eifrig war und die Projekte vorantrieb.",Wer war in dem Gespräch eifrig? (Linda / Nina),excited,StimExp,7.0,1.0,1.73,72,originell,7.92,9.0,elektrisierte,0.37,7.0,56.25,"Linda elektrisierte Nina,
weil_sie in dem Gespräch eifrig_war und die_Projekte vorantrieb.",Wer war in dem Gespräch eifrig?,Linda,Nina,sie,sie,FJ,1,NP1,Linda,left,F,FJ,True,female,female,both_female,NP1-Causality
nonamb,4,82,NP1,NP1-Causality,sie,sie,"Linda elektrisierte Christian, weil sie in dem Gespräch eifrig war und die Projekte vorantrieb.",Wer war in dem Gespräch eifrig? (Linda / Christian),excited,StimExp,7.0,1.0,1.73,72,originell,7.92,9.0,elektrisierte,0.37,7.0,56.25,"Linda elektrisierte Christian,
weil_sie in dem Gespräch eifrig_war und die_Projekte vorantrieb.",Wer war in dem Gespräch eifrig?,Linda,Christian,sie,er,F,1,NP1,Linda,left,F,F,False,female,male,swapped,NP1-Causality
nonamb,5,82,NP1,NP2-Causality,sie,sie,"Jürgen elektrisierte Nina, weil sie in dem Gespräch desinteressiert war und die Aufmerksamkeit verlor.",Wer war in dem Gespräch desinteressiert? (Jürgen / Nina),excited,StimExp,7.0,1.0,1.73,72,ablehnend,5.75,9.0,elektrisierte,0.37,7.0,56.25,"Jürgen elektrisierte Nina,
weil_sie in dem Gespräch desinteressiert_war und die_Aufmerksamkeit verlor.",Wer war in dem Gespräch desinteressiert?,Jürgen,Nina,er,sie,J,1,NP2,Nina,right,J,J,False,male,female,original,NP2-Causality
nonamb,6,82,NP1,NP2-Causality,er,amb,"Jürgen elektrisierte Christian, weil er in dem Gespräch desinteressiert war und die Aufmerksamkeit verlor.",Wer war in dem Gespräch desinteressiert? (Jürgen / Christian),excited,StimExp,7.0,1.0,1.73,72,ablehnend,5.75,9.0,elektrisierte,0.37,7.0,56.25,"Jürgen elektrisierte Christian,
weil_er in dem Gespräch desinteressiert_war und die_Aufmerksamkeit verlor.",Wer war in dem Gespräch desinteressiert?,Jürgen,Christian,er,er,FJ,1,NP2,Christian,right,J,FJ,True,male,male,both_male,NP2-Causality
nonamb,7,82,NP1,NP2-Causality,sie,amb,"Linda elektrisierte Nina, weil sie in dem Gespräch desinteressiert war und die Aufmerksamkeit verlor.",Wer war in dem Gespräch desinteressiert? (Linda / Nina),excited,StimExp,7.0,1.0,1.73,72,ablehnend,5.75,9.0,elektrisierte,0.37,7.0,56.25,"Linda elektrisierte Nina,
weil_sie in dem Gespräch desinteressiert_war und die_Aufmerksamkeit verlor.",Wer war in dem Gespräch desinteressiert?,Linda,Nina,sie,sie,FJ,1,NP2,Nina,right,J,FJ,True,female,female,both_female,NP2-Causality
nonamb,8,82,NP1,NP2-Causality,er,er,"Linda elektrisierte Christian, weil er in dem Gespräch desinteressiert war und die Aufmerksamkeit verlor.",Wer war in dem Gespräch desinteressiert? (Linda / Christian),excited,StimExp,7.0,1.0,1.73,72,ablehnend,5.75,9.0,elektrisierte,0.37,7.0,56.25,"Linda elektrisierte Christian,
weil_er in dem Gespräch desinteressiert_war und die_Aufmerksamkeit verlor.",Wer war in dem Gespräch desinteressiert?,Linda,Christian,sie,er,J,1,NP2,Christian,right,J,J,False,female,male,swapped,NP2-Causality
nonamb,1,83,NP2,NP1-Causality,er,er,"Wolfgang hasste Daniela, weil er das ganze Jahr eifersüchtig war und die Freundschaft beendete.",Wer hasste Daniela? (Wolfgang / Martin),hated,ExpStim,5.0,263.0,-2.55,-91,verletzt,50.64,8.0,hasste,0.91,6.0,100.0,"Wolfgang hasste Daniela,
weil_er das ganze Jahr eifersüchtig_war und die_Freundschaft beendete.",Wer hasste Daniela?,Wolfgang,Martin,er,er,F,2,NP1,Wolfgang,left,F,F,False,male,female,original,NP1-Causality
nonamb,2,83,NP2,NP1-Causality,er,amb,"Wolfgang hasste Peter, weil er das ganze Jahr eifersüchtig war und die Freundschaft beendete.",Wer hasste Peter? (Wolfgang / Christian),hated,ExpStim,5.0,263.0,-2.55,-91,verletzt,50.64,8.0,hasste,0.91,6.0,100.0,"Wolfgang hasste Peter,
weil_er das ganze Jahr eifersüchtig_war und die_Freundschaft beendete.",Wer hasste Peter?,Wolfgang,Christian,er,er,F,2,NP1,Wolfgang,left,F,F,False,male,male,both_male,NP1-Causality
nonamb,3,83,NP2,NP1-Causality,sie,amb,"Laura hasste Daniela, weil sie das ganze Jahr eifersüchtig war und die Freundschaft beendete.",Wer hasste Daniela? (Laura / Maria),hated,ExpStim,5.0,263.0,-2.55,-91,verletzt,50.64,8.0,hasste,0.91,6.0,100.0,"Laura hasste Daniela,
weil_sie das ganze Jahr eifersüchtig_war und die_Freundschaft beendete.",Wer hasste Daniela?,Laura,Maria,sie,sie,F,2,NP1,Laura,left,F,F,False,female,female,both_female,NP1-Causality
nonamb,4,83,NP2,NP1-Causality,sie,sie,"Laura hasste Peter, weil sie das ganze Jahr eifersüchtig war und die Freundschaft beendete.",Wer hasste Peter? (Laura / Johanna),hated,ExpStim,5.0,263.0,-2.55,-91,verletzt,50.64,8.0,hasste,0.91,6.0,100.0,"Laura hasste Peter,
weil_sie das ganze Jahr eifersüchtig_war und die_Freundschaft beendete.",Wer hasste Peter?,Laura,Johanna,sie,sie,F,2,NP1,Laura,left,F,F,False,female,male,swapped,NP1-Causality
nonamb,5,83,NP2,NP2-Causality,sie,sie,"Wolfgang hasste Daniela, weil sie das ganze Jahr gemein war und das Gerücht verbreitete.",Wer hasste Daniela? (Wolfgang / Alexander),hated,ExpStim,5.0,263.0,-2.55,-91,streng,39.98,6.0,hasste,0.91,6.0,100.0,"Wolfgang hasste Daniela,
weil_sie das ganze Jahr gemein_war und das_Gerücht verbreitete.",Wer hasste Daniela?,Wolfgang,Alexander,er,er,F,2,NP2,Wolfgang,left,F,F,False,male,female,original,NP2-Causality
nonamb,6,83,NP2,NP2-Causality,er,amb,"Wolfgang hasste Peter, weil er das ganze Jahr gemein war und das Gerücht verbreitete.",Wer hasste Peter? (Wolfgang / David),hated,ExpStim,5.0,263.0,-2.55,-91,streng,39.98,6.0,hasste,0.91,6.0,100.0,"Wolfgang hasste Peter,
weil_er das ganze Jahr gemein_war und das_Gerücht verbreitete.",Wer hasste Peter?,Wolfgang,David,er,er,F,2,NP2,Wolfgang,left,F,F,False,male,male,both_male,NP2-Causality
nonamb,7,83,NP2,NP2-Causality,sie,amb,"Laura hasste Daniela, weil sie das ganze Jahr gemein war und das Gerücht verbreitete.",Wer hasste Daniela? (Laura / Franziska),hated,ExpStim,5.0,263.0,-2.55,-91,streng,39.98,6.0,hasste,0.91,6.0,100.0,"Laura hasste Daniela,
weil_sie das ganze Jahr gemein_war und das_Gerücht verbreitete.",Wer hasste Daniela?,Laura,Franziska,sie,sie,F,2,NP2,Laura,left,F,F,False,female,female,both_female,NP2-Causality
nonamb,8,83,NP2,NP2-Causality,er,er,"Laura hasste Peter, weil er das ganze Jahr gemein war und das Gerücht verbreitete.",Wer hasste Peter? (Laura / Linda),hated,ExpStim,5.0,263.0,-2.55,-91,streng,39.98,6.0,hasste,0.91,6.0,100.0,"Laura hasste Peter,
weil_er das ganze Jahr gemein_war und das_Gerücht verbreitete.",Wer hasste Peter?,Laura,Linda,sie,sie,F,2,NP2,Laura,left,F,F,False,female,male,swapped,NP2-Causality
nonamb,1,84,neutral,NP1-Causality,er,er,"Hans unterbrach Julia, weil er während des Vortrags ungeduldig war und den Fuß tippte.",Was tippte er? (den Fuß / die Zuschauer),interrupted,AgP,11.0,38.0,-1.55,3,ungeduldig,3.67,10.0,unterbrach,1.82,10.0,75.0,"Hans unterbrach Julia,
weil_er während des Vortrags ungeduldig_war und den_Fuß tippte.",Was tippte er?,den Fuß,die Zuschauer,,,F,6,NP1,den Fuß,left,F,F,False,male,female,original,NP1-Causality
nonamb,2,84,neutral,NP1-Causality,er,amb,"Hans unterbrach David, weil er während des Vortrags ungeduldig war und den Fuß tippte.",Was tippte er? (den Fuß / die Zuschauer),interrupted,AgP,11.0,38.0,-1.55,3,ungeduldig,3.67,10.0,unterbrach,1.82,10.0,75.0,"Hans unterbrach David,
weil_er während des Vortrags ungeduldig_war und den_Fuß tippte.",Was tippte er?,den Fuß,die Zuschauer,,,F,6,NP1,den Fuß,left,F,F,False,male,male,both_male,NP1-Causality
nonamb,3,84,neutral,NP1-Causality,sie,amb,"Renate unterbrach Julia, weil sie während des Vortrags ungeduldig war und den Fuß tippte.",Was tippte sie? (den Fuß / die Zuschauer),interrupted,AgP,11.0,38.0,-1.55,3,ungeduldig,3.67,10.0,unterbrach,1.82,10.0,75.0,"Renate unterbrach Julia,
weil_sie während des Vortrags ungeduldig_war und den_Fuß tippte.",Was tippte sie?,den Fuß,die Zuschauer,,,F,6,NP1,den Fuß,left,F,F,False,female,female,both_female,NP1-Causality
nonamb,4,84,neutral,NP1-Causality,sie,sie,"Renate unterbrach David, weil sie während des Vortrags ungeduldig war und den Fuß tippte.",Was tippte sie? (den Fuß / die Zuschauer),interrupted,AgP,11.0,38.0,-1.55,3,ungeduldig,3.67,10.0,unterbrach,1.82,10.0,75.0,"Renate unterbrach David,
weil_sie während des Vortrags ungeduldig_war und den_Fuß tippte.",Was tippte sie?,den Fuß,die Zuschauer,,,F,6,NP1,den Fuß,left,F,F,False,female,male,swapped,NP1-Causality
nonamb,5,84,neutral,NP2-Causality,sie,sie,"Hans unterbrach Julia, weil sie während des Vortrags ungenau war und die Quellen verwechselte.",Was verwechselte sie? (die Quellen / die Zuschauer),interrupted,AgP,11.0,38.0,-1.55,3,langweilig,18.22,10.0,unterbrach,1.82,10.0,75.0,"Hans unterbrach Julia,
weil_sie während des Vortrags ungenau_war und die_Quellen verwechselte.",Was verwechselte sie?,die Quellen,die Zuschauer,,,F,6,NP2,die Quellen,left,F,F,False,male,female,original,NP2-Causality
nonamb,6,84,neutral,NP2-Causality,er,amb,"Hans unterbrach David, weil er während des Vortrags ungenau war und die Quellen verwechselte.",Was verwechselte er? (die Quellen / die Zuschauer),interrupted,AgP,11.0,38.0,-1.55,3,langweilig,18.22,10.0,unterbrach,1.82,10.0,75.0,"Hans unterbrach David,
weil_er während des Vortrags ungenau_war und die_Quellen verwechselte.",Was verwechselte er?,die Quellen,die Zuschauer,,,F,6,NP2,die Quellen,left,F,F,False,male,male,both_male,NP2-Causality
nonamb,7,84,neutral,NP2-Causality,sie,amb,"Renate unterbrach Julia, weil sie während des Vortrags ungenau war und die Quellen verwechselte.",Was verwechselte sie? (die Quellen / die Zuschauer),interrupted,AgP,11.0,38.0,-1.55,3,langweilig,18.22,10.0,unterbrach,1.82,10.0,75.0,"Renate unterbrach Julia,
weil_sie während des Vortrags ungenau_war und die_Quellen verwechselte.",Was verwechselte sie?,die Quellen,die Zuschauer,,,F,6,NP2,die Quellen,left,F,F,False,female,female,both_female,NP2-Causality
nonamb,8,84,neutral,NP2-Causality,er,er,"Renate unterbrach David, weil er während des Vortrags ungenau war und die Quellen verwechselte.",Was verwechselte er? (die Quellen / die Zuschauer),interrupted,AgP,11.0,38.0,-1.55,3,langweilig,18.22,10.0,unterbrach,1.82,10.0,75.0,"Renate unterbrach David,
weil_er während des Vortrags ungenau_war und die_Quellen verwechselte.",Was verwechselte er?,die Quellen,die Zuschauer,,,F,6,NP2,die Quellen,left,F,F,False,female,male,swapped,NP2-Causality
nonamb,1,85,NP1,NP1-Causality,er,er,"Daniel erboste Martina, weil er zu der Zeit taktlos war und das Thema ansprach.",Wer war zu der Zeit taktlos? (Daniel / Martina),maddened,StimExp,8.0,2.0,-1.82,77,uneindeutig,0.11,11.0,erboste,1.17,9.0,43.75,"Daniel erboste Martina,
weil_er zu der Zeit taktlos_war und das_Thema ansprach.",Wer war zu der Zeit taktlos?,Daniel,Martina,er,sie,F,1,NP1,Daniel,left,F,F,False,male,female,original,NP1-Causality
nonamb,2,85,NP1,NP1-Causality,er,amb,"Daniel erboste Uwe, weil er zu der Zeit taktlos war und das Thema ansprach.",Wer war zu der Zeit taktlos? (Daniel / Uwe),maddened,StimExp,8.0,2.0,-1.82,77,uneindeutig,0.11,11.0,erboste,1.17,9.0,43.75,"Daniel erboste Uwe,
weil_er zu der Zeit taktlos_war und das_Thema ansprach.",Wer war zu der Zeit taktlos?,Daniel,Uwe,er,er,FJ,1,NP1,Daniel,left,F,FJ,True,male,male,both_male,NP1-Causality
nonamb,3,85,NP1,NP1-Causality,sie,amb,"Lena erboste Martina, weil sie zu der Zeit taktlos war und das Thema ansprach.",Wer war zu der Zeit taktlos? (Lena / Martina),maddened,StimExp,8.0,2.0,-1.82,77,uneindeutig,0.11,11.0,erboste,1.17,9.0,43.75,"Lena erboste Martina,
weil_sie zu der Zeit taktlos_war und das_Thema ansprach.",Wer war zu der Zeit taktlos?,Lena,Martina,sie,sie,FJ,1,NP1,Lena,left,F,FJ,True,female,female,both_female,NP1-Causality
nonamb,4,85,NP1,NP1-Causality,sie,sie,"Lena erboste Uwe, weil sie zu der Zeit taktlos war und das Thema ansprach.",Wer war zu der Zeit taktlos? (Lena / Uwe),maddened,StimExp,8.0,2.0,-1.82,77,uneindeutig,0.11,11.0,erboste,1.17,9.0,43.75,"Lena erboste Uwe,
weil_sie zu der Zeit taktlos_war und das_Thema ansprach.",Wer war zu der Zeit taktlos?,Lena,Uwe,sie,er,F,1,NP1,Lena,left,F,F,False,female,male,swapped,NP1-Causality
nonamb,5,85,NP1,NP2-Causality,sie,sie,"Daniel erboste Martina, weil sie zu der Zeit aufgewühlt war und die Grenze erreichte.",Wer war zu der Zeit aufgewühlt? (Daniel / Martina),maddened,StimExp,8.0,2.0,-1.82,77,lernschwach,0.26,11.0,erboste,1.17,9.0,43.75,"Daniel erboste Martina,
weil_sie zu der Zeit aufgewühlt_war und die_Grenze erreichte.",Wer war zu der Zeit aufgewühlt?,Daniel,Martina,er,sie,J,1,NP2,Martina,right,J,J,False,male,female,original,NP2-Causality
nonamb,6,85,NP1,NP2-Causality,er,amb,"Daniel erboste Uwe, weil er zu der Zeit aufgewühlt war und die Grenze erreichte.",Wer war zu der Zeit aufgewühlt? (Daniel / Uwe),maddened,StimExp,8.0,2.0,-1.82,77,lernschwach,0.26,11.0,erboste,1.17,9.0,43.75,"Daniel erboste Uwe,
weil_er zu der Zeit aufgewühlt_war und die_Grenze erreichte.",Wer war zu der Zeit aufgewühlt?,Daniel,Uwe,er,er,FJ,1,NP2,Uwe,right,J,FJ,True,male,male,both_male,NP2-Causality
nonamb,7,85,NP1,NP2-Causality,sie,amb,"Lena erboste Martina, weil sie zu der Zeit aufgewühlt war und die Grenze erreichte.",Wer war zu der Zeit aufgewühlt? (Lena / Martina),maddened,StimExp,8.0,2.0,-1.82,77,lernschwach,0.26,11.0,erboste,1.17,9.0,43.75,"Lena erboste Martina,
weil_sie zu der Zeit aufgewühlt_war und die_Grenze erreichte.",Wer war zu der Zeit aufgewühlt?,Lena,Martina,sie,sie,FJ,1,NP2,Martina,right,J,FJ,True,female,female,both_female,NP2-Causality
nonamb,8,85,NP1,NP2-Causality,er,er,"Lena erboste Uwe, weil er zu der Zeit aufgewühlt war und die Grenze erreichte.",Wer war zu der Zeit aufgewühlt? (Lena / Uwe),maddened,StimExp,8.0,2.0,-1.82,77,lernschwach,0.26,11.0,erboste,1.17,9.0,43.75,"Lena erboste Uwe,
weil_er zu der Zeit aufgewühlt_war und die_Grenze erreichte.",Wer war zu der Zeit aufgewühlt?,Lena,Uwe,sie,er,J,1,NP2,Uwe,right,J,J,False,female,male,swapped,NP2-Causality
nonamb,1,86,NP2,NP1-Causality,er,er,"Alexander begleitete Anna, weil er am frühen Morgen ortskundig war und eine Abkürzung kannte.",Wann war er ortskundig? (am frühen Morgen / am frühen Abend),picked up,AgP,6.0,0.0,0.45,-71,profitorientiert,0.44,16.0,begleitete,0.27,7.0,43.75,"Alexander begleitete Anna,
weil_er am frühen Morgen ortskundig_war und eine_Abkürzung kannte.",Wann war er ortskundig?,am frühen Morgen,am frühen Abend,,,F,5,NP1,am frühen Morgen,left,F,F,False,male,female,original,NP1-Causality
nonamb,2,86,NP2,NP1-Causality,er,amb,"Alexander begleitete Paul, weil er am frühen Morgen ortskundig war und eine Abkürzung kannte.",Wann war er ortskundig? (am frühen Morgen / am frühen Abend),picked up,AgP,6.0,0.0,0.45,-71,profitorientiert,0.44,16.0,begleitete,0.27,7.0,43.75,"Alexander begleitete Paul,
weil_er am frühen Morgen ortskundig_war und eine_Abkürzung kannte.",Wann war er ortskundig?,am frühen Morgen,am frühen Abend,,,F,5,NP1,am frühen Morgen,left,F,F,False,male,male,both_male,NP1-Causality
nonamb,3,86,NP2,NP1-Causality,sie,amb,"Nicole begleitete Anna, weil sie am frühen Morgen ortskundig war und eine Abkürzung kannte.",Wann war sie ortskundig? (am frühen Morgen / am frühen Abend),picked up,AgP,6.0,0.0,0.45,-71,profitorientiert,0.44,16.0,begleitete,0.27,7.0,43.75,"Nicole begleitete Anna,
weil_sie am frühen Morgen ortskundig_war und eine_Abkürzung kannte.",Wann war sie ortskundig?,am frühen Morgen,am frühen Abend,,,F,5,NP1,am frühen Morgen,left,F,F,False,female,female,both_female,NP1-Causality
nonamb,4,86,NP2,NP1-Causality,sie,sie,"Nicole begleitete Paul, weil sie am frühen Morgen ortskundig war und eine Abkürzung kannte.",Wann war sie ortskundig? (am frühen Morgen / am frühen Abend),picked up,AgP,6.0,0.0,0.45,-71,profitorientiert,0.44,16.0,begleitete,0.27,7.0,43.75,"Nicole begleitete Paul,
weil_sie am frühen Morgen ortskundig_war und eine_Abkürzung kannte.",Wann war sie ortskundig?,am frühen Morgen,am frühen Abend,,,F,5,NP1,am frühen Morgen,left,F,F,False,female,male,swapped,NP1-Causality
nonamb,5,86,NP2,NP2-Causality,sie,sie,"Alexander begleitete Anna, weil sie am frühen Morgen orientierungslos war und eine Straße suchte.",Wann war sie orientierungslos? (am frühen Morgen / am frühen Abend),picked up,AgP,6.0,0.0,0.45,-71,führerscheinlos,0.01,15.0,begleitete,0.27,7.0,43.75,"Alexander begleitete Anna,
weil_sie am frühen Morgen orientierungslos_war und eine_Straße suchte.",Wann war sie orientierungslos?,am frühen Morgen,am frühen Abend,,,F,5,NP2,am frühen Morgen,left,F,F,False,male,female,original,NP2-Causality
nonamb,6,86,NP2,NP2-Causality,er,amb,"Alexander begleitete Paul, weil er am frühen Morgen orientierungslos war und eine Straße suchte.",Wann war er orientierungslos? (am frühen Morgen / am frühen Abend),picked up,AgP,6.0,0.0,0.45,-71,führerscheinlos,0.01,15.0,begleitete,0.27,7.0,43.75,"Alexander begleitete Paul,
weil_er am frühen Morgen orientierungslos_war und eine_Straße suchte.",Wann war er orientierungslos?,am frühen Morgen,am frühen Abend,,,F,5,NP2,am frühen Morgen,left,F,F,False,male,male,both_male,NP2-Causality
nonamb,7,86,NP2,NP2-Causality,sie,amb,"Nicole begleitete Anna, weil sie am frühen Morgen orientierungslos war und eine Straße suchte.",Wann war sie orientierungslos? (am frühen Morgen / am frühen Abend),picked up,AgP,6.0,0.0,0.45,-71,führerscheinlos,0.01,15.0,begleitete,0.27,7.0,43.75,"Nicole begleitete Anna,
weil_sie am frühen Morgen orientierungslos_war und eine_Straße suchte.",Wann war sie orientierungslos?,am frühen Morgen,am frühen Abend,,,F,5,NP2,am frühen Morgen,left,F,F,False,female,female,both_female,NP2-Causality
nonamb,8,86,NP2,NP2-Causality,er,er,"Nicole begleitete Paul, weil er am frühen Morgen orientierungslos war und eine Straße suchte.",Wann war er orientierungslos? (am frühen Morgen / am frühen Abend),picked up,AgP,6.0,0.0,0.45,-71,führerscheinlos,0.01,15.0,begleitete,0.27,7.0,43.75,"Nicole begleitete Paul,
weil_er am frühen Morgen orientierungslos_war und eine_Straße suchte.",Wann war er orientierungslos?,am frühen Morgen,am frühen Abend,,,F,5,NP2,am frühen Morgen,left,F,F,False,female,male,swapped,NP2-Causality
nonamb,1,87,neutral,NP1-Causality,er,er,"Andreas entlohnte Linda, weil er bis spät abends großzügig war und das Trinkgeld gab.",Wer war bis spät abends großzügig? (Andreas / Linda),remunerated,AgP,11.0,0.0,0.18,-6,gerecht,56.68,7.0,entlohnte,0.42,9.0,75.0,"Andreas entlohnte Linda,
weil_er bis spät abends großzügig_war und das_Trinkgeld gab.",Wer war bis spät abends großzügig?,Andreas,Linda,er,sie,F,1,NP1,Andreas,left,F,F,False,male,female,original,NP1-Causality
nonamb,2,87,neutral,NP1-Causality,er,amb,"Andreas entlohnte Florian, weil er bis spät abends großzügig war und das Trinkgeld gab.",Wer war bis spät abends großzügig? (Andreas / Florian),remunerated,AgP,11.0,0.0,0.18,-6,gerecht,56.68,7.0,entlohnte,0.42,9.0,75.0,"Andreas entlohnte Florian,
weil_er bis spät abends großzügig_war und das_Trinkgeld gab.",Wer war bis spät abends großzügig?,Andreas,Florian,er,er,FJ,1,NP1,Andreas,left,F,FJ,True,male,male,both_male,NP1-Causality
nonamb,3,87,neutral,NP1-Causality,sie,amb,"Johanna entlohnte Linda, weil sie bis spät abends großzügig war und das Trinkgeld gab.",Wer war bis spät abends großzügig? (Johanna / Linda),remunerated,AgP,11.0,0.0,0.18,-6,gerecht,56.68,7.0,entlohnte,0.42,9.0,75.0,"Johanna entlohnte Linda,
weil_sie bis spät abends großzügig_war und das_Trinkgeld gab.",Wer war bis spät abends großzügig?,Johanna,Linda,sie,sie,FJ,1,NP1,Johanna,left,F,FJ,True,female,female,both_female,NP1-Causality
nonamb,4,87,neutral,NP1-Causality,sie,sie,"Johanna entlohnte Florian, weil sie bis spät abends großzügig war und das Trinkgeld gab.",Wer war bis spät abends großzügig? (Johanna / Florian),remunerated,AgP,11.0,0.0,0.18,-6,gerecht,56.68,7.0,entlohnte,0.42,9.0,75.0,"Johanna entlohnte Florian,
weil_sie bis spät abends großzügig_war und das_Trinkgeld gab.",Wer war bis spät abends großzügig?,Johanna,Florian,sie,er,F,1,NP1,Johanna,left,F,F,False,female,male,swapped,NP1-Causality
nonamb,5,87,neutral,NP2-Causality,sie,sie,"Andreas entlohnte Linda, weil sie bis spät abends fleißig war und den Auftrag abschloss.",Wer war bis spät abends fleißig? (Andreas / Linda),remunerated,AgP,11.0,0.0,0.18,-6,arbeitsam,0.34,9.0,entlohnte,0.42,9.0,75.0,"Andreas entlohnte Linda,
weil_sie bis spät abends fleißig_war und den_Auftrag abschloss.",Wer war bis spät abends fleißig?,Andreas,Linda,er,sie,J,1,NP2,Linda,right,J,J,False,male,female,original,NP2-Causality
nonamb,6,87,neutral,NP2-Causality,er,amb,"Andreas entlohnte Florian, weil er bis spät abends fleißig war und den Auftrag abschloss.",Wer war bis spät abends fleißig? (Andreas / Florian),remunerated,AgP,11.0,0.0,0.18,-6,arbeitsam,0.34,9.0,entlohnte,0.42,9.0,75.0,"Andreas entlohnte Florian,
weil_er bis spät abends fleißig_war und den_Auftrag abschloss.",Wer war bis spät abends fleißig?,Andreas,Florian,er,er,FJ,1,NP2,Florian,right,J,FJ,True,male,male,both_male,NP2-Causality
nonamb,7,87,neutral,NP2-Causality,sie,amb,"Johanna entlohnte Linda, weil sie bis spät abends fleißig war und den Auftrag abschloss.",Wer war bis spät abends fleißig? (Johanna / Linda),remunerated,AgP,11.0,0.0,0.18,-6,arbeitsam,0.34,9.0,entlohnte,0.42,9.0,75.0,"Johanna entlohnte Linda,
weil_sie bis spät abends fleißig_war und den_Auftrag abschloss.",Wer war bis spät abends fleißig?,Johanna,Linda,sie,sie,FJ,1,NP2,Linda,right,J,FJ,True,female,female,both_female,NP2-Causality
nonamb,8,87,neutral,NP2-Causality,er,er,"Johanna entlohnte Florian, weil er bis spät abends fleißig war und den Auftrag abschloss.",Wer war bis spät abends fleißig? (Johanna / Florian),remunerated,AgP,11.0,0.0,0.18,-6,arbeitsam,0.34,9.0,entlohnte,0.42,9.0,75.0,"Johanna entlohnte Florian,
weil_er bis spät abends fleißig_war und den_Auftrag abschloss.",Wer war bis spät abends fleißig?,Johanna,Florian,sie,er,J,1,NP2,Florian,right,J,J,False,female,male,swapped,NP2-Causality
nonamb,1,88,NP1,NP1-Causality,er,er,"Alexander bedrückte Petra, weil er seit längerer Zeit angeschlagen war und die Symptome ignorierte.",Seit wann war er angeschlagen? (seit längerer Zeit / seit vielen Monaten),worried,StimExp,7.0,4.0,-1.82,76,fachkundig,4.0,10.0,bedrückte,12.03,6.0,43.75,"Alexander bedrückte Petra,
weil_er seit längerer Zeit angeschlagen_war und die_Symptome ignorierte.",Seit wann war er angeschlagen?,seit längerer Zeit,seit vielen Monaten,,,F,5,NP1,seit längerer Zeit,left,F,F,False,male,female,original,NP1-Causality
nonamb,2,88,NP1,NP1-Causality,er,amb,"Alexander bedrückte Karl, weil er seit längerer Zeit angeschlagen war und die Symptome ignorierte.",Seit wann war er angeschlagen? (seit längerer Zeit / seit vielen Monaten),worried,StimExp,7.0,4.0,-1.82,76,fachkundig,4.0,10.0,bedrückte,12.03,6.0,43.75,"Alexander bedrückte Karl,
weil_er seit längerer Zeit angeschlagen_war und die_Symptome ignorierte.",Seit wann war er angeschlagen?,seit längerer Zeit,seit vielen Monaten,,,F,5,NP1,seit längerer Zeit,left,F,F,False,male,male,both_male,NP1-Causality
nonamb,3,88,NP1,NP1-Causality,sie,amb,"Eva bedrückte Petra, weil sie seit längerer Zeit angeschlagen war und die Symptome ignorierte.",Seit wann war sie angeschlagen? (seit längerer Zeit / seit vielen Monaten),worried,StimExp,7.0,4.0,-1.82,76,fachkundig,4.0,10.0,bedrückte,12.03,6.0,43.75,"Eva bedrückte Petra,
weil_sie seit längerer Zeit angeschlagen_war und die_Symptome ignorierte.",Seit wann war sie angeschlagen?,seit längerer Zeit,seit vielen Monaten,,,F,5,NP1,seit längerer Zeit,left,F,F,False,female,female,both_female,NP1-Causality
nonamb,4,88,NP1,NP1-Causality,sie,sie,"Eva bedrückte Karl, weil sie seit längerer Zeit angeschlagen war und die Symptome ignorierte.",Seit wann war sie angeschlagen? (seit längerer Zeit / seit vielen Monaten),worried,StimExp,7.0,4.0,-1.82,76,fachkundig,4.0,10.0,bedrückte,12.03,6.0,43.75,"Eva bedrückte Karl,
weil_sie seit längerer Zeit angeschlagen_war und die_Symptome ignorierte.",Seit wann war sie angeschlagen?,seit längerer Zeit,seit vielen Monaten,,,F,5,NP1,seit längerer Zeit,left,F,F,False,female,male,swapped,NP1-Causality
nonamb,5,88,NP1,NP2-Causality,sie,sie,"Alexander bedrückte Petra, weil sie seit längerer Zeit verletzlich war und jede Sorge übernahm.",Seit wann war sie verletzlich? (seit längerer Zeit / seit vielen Monaten),worried,StimExp,7.0,4.0,-1.82,76,angeschlagen,5.13,12.0,bedrückte,12.03,6.0,43.75,"Alexander bedrückte Petra,
weil_sie seit längerer Zeit verletzlich_war und jede_Sorge übernahm.",Seit wann war sie verletzlich?,seit längerer Zeit,seit vielen Monaten,,,F,5,NP2,seit längerer Zeit,left,F,F,False,male,female,original,NP2-Causality
nonamb,6,88,NP1,NP2-Causality,er,amb,"Alexander bedrückte Karl, weil er seit längerer Zeit verletzlich war und jede Sorge übernahm.",Seit wann war er verletzlich? (seit längerer Zeit / seit vielen Monaten),worried,StimExp,7.0,4.0,-1.82,76,angeschlagen,5.13,12.0,bedrückte,12.03,6.0,43.75,"Alexander bedrückte Karl,
weil_er seit längerer Zeit verletzlich_war und jede_Sorge übernahm.",Seit wann war er verletzlich?,seit längerer Zeit,seit vielen Monaten,,,F,5,NP2,seit längerer Zeit,left,F,F,False,male,male,both_male,NP2-Causality
nonamb,7,88,NP1,NP2-Causality,sie,amb,"Eva bedrückte Petra, weil sie seit längerer Zeit verletzlich war und jede Sorge übernahm.",Seit wann war sie verletzlich? (seit längerer Zeit / seit vielen Monaten),worried,StimExp,7.0,4.0,-1.82,76,angeschlagen,5.13,12.0,bedrückte,12.03,6.0,43.75,"Eva bedrückte Petra,
weil_sie seit längerer Zeit verletzlich_war und jede_Sorge übernahm.",Seit wann war sie verletzlich?,seit längerer Zeit,seit vielen Monaten,,,F,5,NP2,seit längerer Zeit,left,F,F,False,female,female,both_female,NP2-Causality
nonamb,8,88,NP1,NP2-Causality,er,er,"Eva bedrückte Karl, weil er seit längerer Zeit verletzlich war und jede Sorge übernahm.",Seit wann war er verletzlich? (seit längerer Zeit / seit vielen Monaten),worried,StimExp,7.0,4.0,-1.82,76,angeschlagen,5.13,12.0,bedrückte,12.03,6.0,43.75,"Eva bedrückte Karl,
weil_er seit längerer Zeit verletzlich_war und jede_Sorge übernahm.",Seit wann war er verletzlich?,seit längerer Zeit,seit vielen Monaten,,,F,5,NP2,seit längerer Zeit,left,F,F,False,female,male,swapped,NP2-Causality
nonamb,1,89,NP2,NP1-Causality,er,er,"David dankte Sabine, weil er bis zum Ende höflich war und die Meinung respektierte.",Was respektierte er? (die Meinung / eine Medaille),thanked,AgEvo,7.0,37.0,2.31,-92,höflich,5.82,7.0,dankte,2.58,8.0,100.0,"David dankte Sabine,
weil_er bis zum Ende höflich_war und die_Meinung respektierte.",Was respektierte er?,die Meinung,eine Medaille,,,F,6,NP1,die Meinung,left,F,F,False,male,female,original,NP1-Causality
nonamb,2,89,NP2,NP1-Causality,er,amb,"David dankte Uwe, weil er bis zum Ende höflich war und die Meinung respektierte.",Was respektierte er? (die Meinung / eine Medaille),thanked,AgEvo,7.0,37.0,2.31,-92,höflich,5.82,7.0,dankte,2.58,8.0,100.0,"David dankte Uwe,
weil_er bis zum Ende höflich_war und die_Meinung respektierte.",Was respektierte er?,die Meinung,eine Medaille,,,F,6,NP1,die Meinung,left,F,F,False,male,male,both_male,NP1-Causality
nonamb,3,89,NP2,NP1-Causality,sie,amb,"Renate dankte Sabine, weil sie bis zum Ende höflich war und die Meinung respektierte.",Was respektierte sie? (die Meinung / eine Medaille),thanked,AgEvo,7.0,37.0,2.31,-92,höflich,5.82,7.0,dankte,2.58,8.0,100.0,"Renate dankte Sabine,
weil_sie bis zum Ende höflich_war und die_Meinung respektierte.",Was respektierte sie?,die Meinung,eine Medaille,,,F,6,NP1,die Meinung,left,F,F,False,female,female,both_female,NP1-Causality
nonamb,4,89,NP2,NP1-Causality,sie,sie,"Renate dankte Uwe, weil sie bis zum Ende höflich war und die Meinung respektierte.",Was respektierte sie? (die Meinung / eine Medaille),thanked,AgEvo,7.0,37.0,2.31,-92,höflich,5.82,7.0,dankte,2.58,8.0,100.0,"Renate dankte Uwe,
weil_sie bis zum Ende höflich_war und die_Meinung respektierte.",Was respektierte sie?,die Meinung,eine Medaille,,,F,6,NP1,die Meinung,left,F,F,False,female,male,swapped,NP1-Causality
nonamb,5,89,NP2,NP2-Causality,sie,sie,"David dankte Sabine, weil sie bis zum Ende hilfsbereit war und die Unterstützung anbot.",Was bot sie an? (die Unterstützung / eine Medaille),thanked,AgEvo,7.0,37.0,2.31,-92,gütig,2.94,5.0,dankte,2.58,8.0,100.0,"David dankte Sabine,
weil_sie bis zum Ende hilfsbereit_war und die_Unterstützung anbot.",Was bot sie an?,die Unterstützung,eine Medaille,,,F,6,NP2,die Unterstützung,left,F,F,False,male,female,original,NP2-Causality
nonamb,6,89,NP2,NP2-Causality,er,amb,"David dankte Uwe, weil er bis zum Ende hilfsbereit war und die Unterstützung anbot.",Was bot er an? (die Unterstützung / eine Medaille),thanked,AgEvo,7.0,37.0,2.31,-92,gütig,2.94,5.0,dankte,2.58,8.0,100.0,"David dankte Uwe,
weil_er bis zum Ende hilfsbereit_war und die_Unterstützung anbot.",Was bot er an?,die Unterstützung,eine Medaille,,,F,6,NP2,die Unterstützung,left,F,F,False,male,male,both_male,NP2-Causality
nonamb,7,89,NP2,NP2-Causality,sie,amb,"Renate dankte Sabine, weil sie bis zum Ende hilfsbereit war und die Unterstützung anbot.",Was bot sie an? (die Unterstützung / eine Medaille),thanked,AgEvo,7.0,37.0,2.31,-92,gütig,2.94,5.0,dankte,2.58,8.0,100.0,"Renate dankte Sabine,
weil_sie bis zum Ende hilfsbereit_war und die_Unterstützung anbot.",Was bot sie an?,die Unterstützung,eine Medaille,,,F,6,NP2,die Unterstützung,left,F,F,False,female,female,both_female,NP2-Causality
nonamb,8,89,NP2,NP2-Causality,er,er,"Renate dankte Uwe, weil er bis zum Ende hilfsbereit war und die Unterstützung anbot.",Was bot er an? (die Unterstützung / eine Medaille),thanked,AgEvo,7.0,37.0,2.31,-92,gütig,2.94,5.0,dankte,2.58,8.0,100.0,"Renate dankte Uwe,
weil_er bis zum Ende hilfsbereit_war und die_Unterstützung anbot.",Was bot er an?,die Unterstützung,eine Medaille,,,F,6,NP2,die Unterstützung,left,F,F,False,female,male,swapped,NP2-Causality
nonamb,1,90,neutral,NP1-Causality,er,er,"Christian überraschte Nina, weil er in der Nacht leise war und die Chance nutzte.",Wer war in der Nacht leise? (Christian / Nina),surprised,StimExp,9.0,29.0,0.73,10,unangekündigt,0.14,13.0,überraschte,2.36,11.0,81.25,"Christian überraschte Nina,
weil_er in der Nacht leise_war und die_Chance nutzte.",Wer war in der Nacht leise?,Christian,Nina,er,sie,F,1,NP1,Christian,left,F,F,False,male,female,original,NP1-Causality
nonamb,2,90,neutral,NP1-Causality,er,amb,"Christian überraschte Peter, weil er in der Nacht leise war und die Chance nutzte.",Wer war in der Nacht leise? (Christian / Peter),surprised,StimExp,9.0,29.0,0.73,10,unangekündigt,0.14,13.0,überraschte,2.36,11.0,81.25,"Christian überraschte Peter,
weil_er in der Nacht leise_war und die_Chance nutzte.",Wer war in der Nacht leise?,Christian,Peter,er,er,FJ,1,NP1,Christian,left,F,FJ,True,male,male,both_male,NP1-Causality
nonamb,3,90,neutral,NP1-Causality,sie,amb,"Lisa überraschte Nina, weil sie in der Nacht leise war und die Chance nutzte.",Wer war in der Nacht leise? (Lisa / Nina),surprised,StimExp,9.0,29.0,0.73,10,unangekündigt,0.14,13.0,überraschte,2.36,11.0,81.25,"Lisa überraschte Nina,
weil_sie in der Nacht leise_war und die_Chance nutzte.",Wer war in der Nacht leise?,Lisa,Nina,sie,sie,FJ,1,NP1,Lisa,left,F,FJ,True,female,female,both_female,NP1-Causality
nonamb,4,90,neutral,NP1-Causality,sie,sie,"Lisa überraschte Peter, weil sie in der Nacht leise war und die Chance nutzte.",Wer war in der Nacht leise? (Lisa / Peter),surprised,StimExp,9.0,29.0,0.73,10,unangekündigt,0.14,13.0,überraschte,2.36,11.0,81.25,"Lisa überraschte Peter,
weil_sie in der Nacht leise_war und die_Chance nutzte.",Wer war in der Nacht leise?,Lisa,Peter,sie,er,F,1,NP1,Lisa,left,F,F,False,female,male,swapped,NP1-Causality
nonamb,5,90,neutral,NP2-Causality,sie,sie,"Christian überraschte Nina, weil sie in der Nacht verträumt war und den Himmel beobachtete.",Wer war in der Nacht verträumt? (Christian / Nina),surprised,StimExp,9.0,29.0,0.73,10,unwissend,2.05,9.0,überraschte,2.36,11.0,81.25,"Christian überraschte Nina,
weil_sie in der Nacht verträumt_war und den_Himmel beobachtete.",Wer war in der Nacht verträumt?,Christian,Nina,er,sie,J,1,NP2,Nina,right,J,J,False,male,female,original,NP2-Causality
nonamb,6,90,neutral,NP2-Causality,er,amb,"Christian überraschte Peter, weil er in der Nacht verträumt war und den Himmel beobachtete.",Wer war in der Nacht verträumt? (Christian / Peter),surprised,StimExp,9.0,29.0,0.73,10,unwissend,2.05,9.0,überraschte,2.36,11.0,81.25,"Christian überraschte Peter,
weil_er in der Nacht verträumt_war und den_Himmel beobachtete.",Wer war in der Nacht verträumt?,Christian,Peter,er,er,FJ,1,NP2,Peter,right,J,FJ,True,male,male,both_male,NP2-Causality
nonamb,7,90,neutral,NP2-Causality,sie,amb,"Lisa überraschte Nina, weil sie in der Nacht verträumt war und den Himmel beobachtete.",Wer war in der Nacht verträumt? (Lisa / Nina),surprised,StimExp,9.0,29.0,0.73,10,unwissend,2.05,9.0,überraschte,2.36,11.0,81.25,"Lisa überraschte Nina,
weil_sie in der Nacht verträumt_war und den_Himmel beobachtete.",Wer war in der Nacht verträumt?,Lisa,Nina,sie,sie,FJ,1,NP2,Nina,right,J,FJ,True,female,female,both_female,NP2-Causality
nonamb,8,90,neutral,NP2-Causality,er,er,"Lisa überraschte Peter, weil er in der Nacht verträumt war und den Himmel beobachtete.",Wer war in der Nacht verträumt? (Lisa / Peter),surprised,StimExp,9.0,29.0,0.73,10,unwissend,2.05,9.0,überraschte,2.36,11.0,81.25,"Lisa überraschte Peter,
weil_er in der Nacht verträumt_war und den_Himmel beobachtete.",Wer war in der Nacht verträumt?,Lisa,Peter,sie,er,J,1,NP2,Peter,right,J,J,False,female,male,swapped,NP2-Causality
nonamb,1,91,NP1,NP1-Causality,er,er,"Frank entsetzte Sarah, weil er in der Dämmerung herzlos war und die Anteilnahme verweigerte.",Wer war in der Dämmerung herzlos? (Frank / Sarah),appalled,StimExp,8.0,32.0,-2.45,78,gefährlich,62.41,10.0,entsetzte,0.44,8.0,75.0,"Frank entsetzte Sarah,
weil_er in der Dämmerung herzlos_war und die_Anteilnahme verweigerte.",Wer war in der Dämmerung herzlos?,Frank,Sarah,er,sie,F,1,NP1,Frank,left,F,F,False,male,female,original,NP1-Causality
nonamb,2,91,NP1,NP1-Causality,er,amb,"Frank entsetzte Matthias, weil er in der Dämmerung herzlos war und die Anteilnahme verweigerte.",Wer war in der Dämmerung herzlos? (Frank / Matthias),appalled,StimExp,8.0,32.0,-2.45,78,gefährlich,62.41,10.0,entsetzte,0.44,8.0,75.0,"Frank entsetzte Matthias,
weil_er in der Dämmerung herzlos_war und die_Anteilnahme verweigerte.",Wer war in der Dämmerung herzlos?,Frank,Matthias,er,er,FJ,1,NP1,Frank,left,F,FJ,True,male,male,both_male,NP1-Causality
nonamb,3,91,NP1,NP1-Causality,sie,amb,"Birgit entsetzte Sarah, weil sie in der Dämmerung herzlos war und die Anteilnahme verweigerte.",Wer war in der Dämmerung herzlos? (Birgit / Sarah),appalled,StimExp,8.0,32.0,-2.45,78,gefährlich,62.41,10.0,entsetzte,0.44,8.0,75.0,"Birgit entsetzte Sarah,
weil_sie in der Dämmerung herzlos_war und die_Anteilnahme verweigerte.",Wer war in der Dämmerung herzlos?,Birgit,Sarah,sie,sie,FJ,1,NP1,Birgit,left,F,FJ,True,female,female,both_female,NP1-Causality
nonamb,4,91,NP1,NP1-Causality,sie,sie,"Birgit entsetzte Matthias, weil sie in der Dämmerung herzlos war und die Anteilnahme verweigerte.",Wer war in der Dämmerung herzlos? (Birgit / Matthias),appalled,StimExp,8.0,32.0,-2.45,78,gefährlich,62.41,10.0,entsetzte,0.44,8.0,75.0,"Birgit entsetzte Matthias,
weil_sie in der Dämmerung herzlos_war und die_Anteilnahme verweigerte.",Wer war in der Dämmerung herzlos?,Birgit,Matthias,sie,er,F,1,NP1,Birgit,left,F,F,False,female,male,swapped,NP1-Causality
nonamb,5,91,NP1,NP2-Causality,sie,sie,"Frank entsetzte Sarah, weil sie in der Dämmerung bestürzt war und jede Hoffnung verlor.",Wer war in der Dämmerung bestürzt? (Frank / Sarah),appalled,StimExp,8.0,32.0,-2.45,78,ängstlich,7.09,9.0,entsetzte,0.44,8.0,75.0,"Frank entsetzte Sarah,
weil_sie in der Dämmerung bestürzt_war und jede_Hoffnung verlor.",Wer war in der Dämmerung bestürzt?,Frank,Sarah,er,sie,J,1,NP2,Sarah,right,J,J,False,male,female,original,NP2-Causality
nonamb,6,91,NP1,NP2-Causality,er,amb,"Frank entsetzte Matthias, weil er in der Dämmerung bestürzt war und jede Hoffnung verlor.",Wer war in der Dämmerung bestürzt? (Frank / Matthias),appalled,StimExp,8.0,32.0,-2.45,78,ängstlich,7.09,9.0,entsetzte,0.44,8.0,75.0,"Frank entsetzte Matthias,
weil_er in der Dämmerung bestürzt_war und jede_Hoffnung verlor.",Wer war in der Dämmerung bestürzt?,Frank,Matthias,er,er,FJ,1,NP2,Matthias,right,J,FJ,True,male,male,both_male,NP2-Causality
nonamb,7,91,NP1,NP2-Causality,sie,amb,"Birgit entsetzte Sarah, weil sie in der Dämmerung bestürzt war und jede Hoffnung verlor.",Wer war in der Dämmerung bestürzt? (Birgit / Sarah),appalled,StimExp,8.0,32.0,-2.45,78,ängstlich,7.09,9.0,entsetzte,0.44,8.0,75.0,"Birgit entsetzte Sarah,
weil_sie in der Dämmerung bestürzt_war und jede_Hoffnung verlor.",Wer war in der Dämmerung bestürzt?,Birgit,Sarah,sie,sie,FJ,1,NP2,Sarah,right,J,FJ,True,female,female,both_female,NP2-Causality
nonamb,8,91,NP1,NP2-Causality,er,er,"Birgit entsetzte Matthias, weil er in der Dämmerung bestürzt war und jede Hoffnung verlor.",Wer war in der Dämmerung bestürzt? (Birgit / Matthias),appalled,StimExp,8.0,32.0,-2.45,78,ängstlich,7.09,9.0,entsetzte,0.44,8.0,75.0,"Birgit entsetzte Matthias,
weil_er in der Dämmerung bestürzt_war und jede_Hoffnung verlor.",Wer war in der Dämmerung bestürzt?,Birgit,Matthias,sie,er,J,1,NP2,Matthias,right,J,J,False,female,male,swapped,NP2-Causality
nonamb,1,92,NP2,NP1-Causality,er,er,"Hans bejubelte Anna, weil er bei dem Event gerührt war und die Geschichte bewunderte.",Wann war er gerührt? (bei dem Event / an dem Sonntag),celebrated,AgEvo,10.0,48.0,2.73,-72,im Urlaub,6.0,8.0,bejubelte,7.28,7.0,75.0,"Hans bejubelte Anna,
weil_er bei dem Event gerührt_war und die_Geschichte bewunderte.",Wann war er gerührt?,bei dem Event,an dem Sonntag,,,F,5,NP1,bei dem Event,left,F,F,False,male,female,original,NP1-Causality
nonamb,2,92,NP2,NP1-Causality,er,amb,"Hans bejubelte Michael, weil er bei dem Event gerührt war und die Geschichte bewunderte.",Wann war er gerührt? (bei dem Event / an dem Sonntag),celebrated,AgEvo,10.0,48.0,2.73,-72,im Urlaub,6.0,8.0,bejubelte,7.28,7.0,75.0,"Hans bejubelte Michael,
weil_er bei dem Event gerührt_war und die_Geschichte bewunderte.",Wann war er gerührt?,bei dem Event,an dem Sonntag,,,F,5,NP1,bei dem Event,left,F,F,False,male,male,both_male,NP1-Causality
nonamb,3,92,NP2,NP1-Causality,sie,amb,"Monika bejubelte Anna, weil sie bei dem Event gerührt war und die Geschichte bewunderte.",Wann war sie gerührt? (bei dem Event / an dem Sonntag),celebrated,AgEvo,10.0,48.0,2.73,-72,im Urlaub,6.0,8.0,bejubelte,7.28,7.0,75.0,"Monika bejubelte Anna,
weil_sie bei dem Event gerührt_war und die_Geschichte bewunderte.",Wann war sie gerührt?,bei dem Event,an dem Sonntag,,,F,5,NP1,bei dem Event,left,F,F,False,female,female,both_female,NP1-Causality
nonamb,4,92,NP2,NP1-Causality,sie,sie,"Monika bejubelte Michael, weil sie bei dem Event gerührt war und die Geschichte bewunderte.",Wann war sie gerührt? (bei dem Event / an dem Sonntag),celebrated,AgEvo,10.0,48.0,2.73,-72,im Urlaub,6.0,8.0,bejubelte,7.28,7.0,75.0,"Monika bejubelte Michael,
weil_sie bei dem Event gerührt_war und die_Geschichte bewunderte.",Wann war sie gerührt?,bei dem Event,an dem Sonntag,,,F,5,NP1,bei dem Event,left,F,F,False,female,male,swapped,NP1-Causality
nonamb,5,92,NP2,NP2-Causality,sie,sie,"Hans bejubelte Anna, weil sie bei dem Event erfolgreich war und eine Medaille gewann.",Wann war sie erfolgreich? (bei dem Event / an dem Sonntag),celebrated,AgEvo,10.0,48.0,2.73,-72,gewonnen,55.06,8.0,bejubelte,7.28,7.0,75.0,"Hans bejubelte Anna,
weil_sie bei dem Event erfolgreich_war und eine_Medaille gewann.",Wann war sie erfolgreich?,bei dem Event,an dem Sonntag,,,F,5,NP2,bei dem Event,left,F,F,False,male,female,original,NP2-Causality
nonamb,6,92,NP2,NP2-Causality,er,amb,"Hans bejubelte Michael, weil er bei dem Event erfolgreich war und eine Medaille gewann.",Wann war er erfolgreich? (bei dem Event / an dem Sonntag),celebrated,AgEvo,10.0,48.0,2.73,-72,gewonnen,55.06,8.0,bejubelte,7.28,7.0,75.0,"Hans bejubelte Michael,
weil_er bei dem Event erfolgreich_war und eine_Medaille gewann.",Wann war er erfolgreich?,bei dem Event,an dem Sonntag,,,F,5,NP2,bei dem Event,left,F,F,False,male,male,both_male,NP2-Causality
nonamb,7,92,NP2,NP2-Causality,sie,amb,"Monika bejubelte Anna, weil sie bei dem Event erfolgreich war und eine Medaille gewann.",Wann war sie erfolgreich? (bei dem Event / an dem Sonntag),celebrated,AgEvo,10.0,48.0,2.73,-72,gewonnen,55.06,8.0,bejubelte,7.28,7.0,75.0,"Monika bejubelte Anna,
weil_sie bei dem Event erfolgreich_war und eine_Medaille gewann.",Wann war sie erfolgreich?,bei dem Event,an dem Sonntag,,,F,5,NP2,bei dem Event,left,F,F,False,female,female,both_female,NP2-Causality
nonamb,8,92,NP2,NP2-Causality,er,er,"Monika bejubelte Michael, weil er bei dem Event erfolgreich war und eine Medaille gewann.",Wann war er erfolgreich? (bei dem Event / an dem Sonntag),celebrated,AgEvo,10.0,48.0,2.73,-72,gewonnen,55.06,8.0,bejubelte,7.28,7.0,75.0,"Monika bejubelte Michael,
weil_er bei dem Event erfolgreich_war und eine_Medaille gewann.",Wann war er erfolgreich?,bei dem Event,an dem Sonntag,,,F,5,NP2,bei dem Event,left,F,F,False,female,male,swapped,NP2-Causality
nonamb,1,93,neutral,NP1-Causality,er,er,"Stefan knuddelte Jana, weil er über die Jahre anhänglich war und die Geborgenheit suchte.",Wen knuddelte Stefan? (Jana / Christina),cuddled,AgP,7.0,5.0,2.54,-10,fürsorglich,1.5,11.0,knuddelte,0.17,9.0,60.0,"Stefan knuddelte Jana,
weil_er über die Jahre anhänglich_war und die_Geborgenheit suchte.",Wen knuddelte Stefan?,Jana,Christina,sie,sie,F,3,NP1,Jana,left,F,F,False,male,female,original,NP1-Causality
nonamb,2,93,neutral,NP1-Causality,er,amb,"Stefan knuddelte Daniel, weil er über die Jahre anhänglich war und die Geborgenheit suchte.",Wen knuddelte Stefan? (Daniel / Fabian),cuddled,AgP,7.0,5.0,2.54,-10,fürsorglich,1.5,11.0,knuddelte,0.17,9.0,60.0,"Stefan knuddelte Daniel,
weil_er über die Jahre anhänglich_war und die_Geborgenheit suchte.",Wen knuddelte Stefan?,Daniel,Fabian,er,er,F,3,NP1,Daniel,left,F,F,False,male,male,both_male,NP1-Causality
nonamb,3,93,neutral,NP1-Causality,sie,amb,"Martina knuddelte Jana, weil sie über die Jahre anhänglich war und die Geborgenheit suchte.",Wen knuddelte Martina? (Jana / Katharina),cuddled,AgP,7.0,5.0,2.54,-10,fürsorglich,1.5,11.0,knuddelte,0.17,9.0,60.0,"Martina knuddelte Jana,
weil_sie über die Jahre anhänglich_war und die_Geborgenheit suchte.",Wen knuddelte Martina?,Jana,Katharina,sie,sie,F,3,NP1,Jana,left,F,F,False,female,female,both_female,NP1-Causality
nonamb,4,93,neutral,NP1-Causality,sie,sie,"Martina knuddelte Daniel, weil sie über die Jahre anhänglich war und die Geborgenheit suchte.",Wen knuddelte Martina? (Daniel / Alexander),cuddled,AgP,7.0,5.0,2.54,-10,fürsorglich,1.5,11.0,knuddelte,0.17,9.0,60.0,"Martina knuddelte Daniel,
weil_sie über die Jahre anhänglich_war und die_Geborgenheit suchte.",Wen knuddelte Martina?,Daniel,Alexander,er,er,F,3,NP1,Daniel,left,F,F,False,female,male,swapped,NP1-Causality
nonamb,5,93,neutral,NP2-Causality,sie,sie,"Stefan knuddelte Jana, weil sie über die Jahre traurig war und den Trost brauchte.",Wen knuddelte Stefan? (Jana / Katharina),cuddled,AgP,7.0,5.0,2.54,-10,weich,22.09,5.0,knuddelte,0.17,9.0,60.0,"Stefan knuddelte Jana,
weil_sie über die Jahre traurig_war und den_Trost brauchte.",Wen knuddelte Stefan?,Jana,Katharina,sie,sie,F,3,NP2,Jana,left,F,F,False,male,female,original,NP2-Causality
nonamb,6,93,neutral,NP2-Causality,er,amb,"Stefan knuddelte Daniel, weil er über die Jahre traurig war und den Trost brauchte.",Wen knuddelte Stefan? (Daniel / Jürgen),cuddled,AgP,7.0,5.0,2.54,-10,weich,22.09,5.0,knuddelte,0.17,9.0,60.0,"Stefan knuddelte Daniel,
weil_er über die Jahre traurig_war und den_Trost brauchte.",Wen knuddelte Stefan?,Daniel,Jürgen,er,er,F,3,NP2,Daniel,left,F,F,False,male,male,both_male,NP2-Causality
nonamb,7,93,neutral,NP2-Causality,sie,amb,"Martina knuddelte Jana, weil sie über die Jahre traurig war und den Trost brauchte.",Wen knuddelte Martina? (Jana / Claudia),cuddled,AgP,7.0,5.0,2.54,-10,weich,22.09,5.0,knuddelte,0.17,9.0,60.0,"Martina knuddelte Jana,
weil_sie über die Jahre traurig_war und den_Trost brauchte.",Wen knuddelte Martina?,Jana,Claudia,sie,sie,F,3,NP2,Jana,left,F,F,False,female,female,both_female,NP2-Causality
nonamb,8,93,neutral,NP2-Causality,er,er,"Martina knuddelte Daniel, weil er über die Jahre traurig war und den Trost brauchte.",Wen knuddelte Martina? (Daniel / Wolfgang),cuddled,AgP,7.0,5.0,2.54,-10,weich,22.09,5.0,knuddelte,0.17,9.0,60.0,"Martina knuddelte Daniel,
weil_er über die Jahre traurig_war und den_Trost brauchte.",Wen knuddelte Martina?,Daniel,Wolfgang,er,er,F,3,NP2,Daniel,left,F,F,False,female,male,swapped,NP2-Causality
nonamb,1,94,NP1,NP1-Causality,er,er,"Sebastian gestand Claudia, weil er am Tag zuvor bedrückt war und die Lüge bereute.",Wann war er bedrückt? (am Tag zuvor / am späten Morgen),confessed to,AgP,9.0,92.0,-0.64,74,schuldig,15.04,8.0,gestand,2.4,7.0,93.75,"Sebastian gestand Claudia,
weil_er am Tag zuvor bedrückt_war und die_Lüge bereute.",Wann war er bedrückt?,am Tag zuvor,am späten Morgen,,,F,5,NP1,am Tag zuvor,left,F,F,False,male,female,original,NP1-Causality
nonamb,2,94,NP1,NP1-Causality,er,amb,"Sebastian gestand Wolfgang, weil er am Tag zuvor bedrückt war und die Lüge bereute.",Wann war er bedrückt? (am Tag zuvor / am späten Morgen),confessed to,AgP,9.0,92.0,-0.64,74,schuldig,15.04,8.0,gestand,2.4,7.0,93.75,"Sebastian gestand Wolfgang,
weil_er am Tag zuvor bedrückt_war und die_Lüge bereute.",Wann war er bedrückt?,am Tag zuvor,am späten Morgen,,,F,5,NP1,am Tag zuvor,left,F,F,False,male,male,both_male,NP1-Causality
nonamb,3,94,NP1,NP1-Causality,sie,amb,"Laura gestand Claudia, weil sie am Tag zuvor bedrückt war und die Lüge bereute.",Wann war sie bedrückt? (am Tag zuvor / am späten Morgen),confessed to,AgP,9.0,92.0,-0.64,74,schuldig,15.04,8.0,gestand,2.4,7.0,93.75,"Laura gestand Claudia,
weil_sie am Tag zuvor bedrückt_war und die_Lüge bereute.",Wann war sie bedrückt?,am Tag zuvor,am späten Morgen,,,F,5,NP1,am Tag zuvor,left,F,F,False,female,female,both_female,NP1-Causality
nonamb,4,94,NP1,NP1-Causality,sie,sie,"Laura gestand Wolfgang, weil sie am Tag zuvor bedrückt war und die Lüge bereute.",Wann war sie bedrückt? (am Tag zuvor / am späten Morgen),confessed to,AgP,9.0,92.0,-0.64,74,schuldig,15.04,8.0,gestand,2.4,7.0,93.75,"Laura gestand Wolfgang,
weil_sie am Tag zuvor bedrückt_war und die_Lüge bereute.",Wann war sie bedrückt?,am Tag zuvor,am späten Morgen,,,F,5,NP1,am Tag zuvor,left,F,F,False,female,male,swapped,NP1-Causality
nonamb,5,94,NP1,NP2-Causality,sie,sie,"Sebastian gestand Claudia, weil sie am Tag zuvor vertrauenswürdig war und jedes Geheimnis bewahrte.",Wann war sie vertrauenswürdig? (am Tag zuvor / am späten Morgen),confessed to,AgP,9.0,92.0,-0.64,74,vertrauenswürdig,1.98,16.0,gestand,2.4,7.0,93.75,"Sebastian gestand Claudia,
weil_sie am Tag zuvor vertrauenswürdig_war und jedes_Geheimnis bewahrte.",Wann war sie vertrauenswürdig?,am Tag zuvor,am späten Morgen,,,F,5,NP2,am Tag zuvor,left,F,F,False,male,female,original,NP2-Causality
nonamb,6,94,NP1,NP2-Causality,er,amb,"Sebastian gestand Wolfgang, weil er am Tag zuvor vertrauenswürdig war und jedes Geheimnis bewahrte.",Wann war er vertrauenswürdig? (am Tag zuvor / am späten Morgen),confessed to,AgP,9.0,92.0,-0.64,74,vertrauenswürdig,1.98,16.0,gestand,2.4,7.0,93.75,"Sebastian gestand Wolfgang,
weil_er am Tag zuvor vertrauenswürdig_war und jedes_Geheimnis bewahrte.",Wann war er vertrauenswürdig?,am Tag zuvor,am späten Morgen,,,F,5,NP2,am Tag zuvor,left,F,F,False,male,male,both_male,NP2-Causality
nonamb,7,94,NP1,NP2-Causality,sie,amb,"Laura gestand Claudia, weil sie am Tag zuvor vertrauenswürdig war und jedes Geheimnis bewahrte.",Wann war sie vertrauenswürdig? (am Tag zuvor / am späten Morgen),confessed to,AgP,9.0,92.0,-0.64,74,vertrauenswürdig,1.98,16.0,gestand,2.4,7.0,93.75,"Laura gestand Claudia,
weil_sie am Tag zuvor vertrauenswürdig_war und jedes_Geheimnis bewahrte.",Wann war sie vertrauenswürdig?,am Tag zuvor,am späten Morgen,,,F,5,NP2,am Tag zuvor,left,F,F,False,female,female,both_female,NP2-Causality
nonamb,8,94,NP1,NP2-Causality,er,er,"Laura gestand Wolfgang, weil er am Tag zuvor vertrauenswürdig war und jedes Geheimnis bewahrte.",Wann war er vertrauenswürdig? (am Tag zuvor / am späten Morgen),confessed to,AgP,9.0,92.0,-0.64,74,vertrauenswürdig,1.98,16.0,gestand,2.4,7.0,93.75,"Laura gestand Wolfgang,
weil_er am Tag zuvor vertrauenswürdig_war und jedes_Geheimnis bewahrte.",Wann war er vertrauenswürdig?,am Tag zuvor,am späten Morgen,,,F,5,NP2,am Tag zuvor,left,F,F,False,female,male,swapped,NP2-Causality
nonamb,1,95,NP2,NP1-Causality,er,er,"Johannes misstraute Susanne, weil er von Anfang an wachsam war und jedes Wort hinterfragte.",Wer war von Anfang an wachsam? (Johannes / Susanne),distrusted,ExpStim,10.0,63.0,-2.09,-75,sozialisiert,0.95,12.0,misstraute,0.11,10.0,37.5,"Johannes misstraute Susanne,
weil_er von Anfang an wachsam_war und jedes_Wort hinterfragte.",Wer war von Anfang an wachsam?,Johannes,Susanne,er,sie,F,1,NP1,Johannes,left,F,F,False,male,female,original,NP1-Causality
nonamb,2,95,NP2,NP1-Causality,er,amb,"Johannes misstraute Tobias, weil er von Anfang an wachsam war und jedes Wort hinterfragte.",Wer war von Anfang an wachsam? (Johannes / Tobias),distrusted,ExpStim,10.0,63.0,-2.09,-75,sozialisiert,0.95,12.0,misstraute,0.11,10.0,37.5,"Johannes misstraute Tobias,
weil_er von Anfang an wachsam_war und jedes_Wort hinterfragte.",Wer war von Anfang an wachsam?,Johannes,Tobias,er,er,FJ,1,NP1,Johannes,left,F,FJ,True,male,male,both_male,NP1-Causality
nonamb,3,95,NP2,NP1-Causality,sie,amb,"Katharina misstraute Susanne, weil sie von Anfang an wachsam war und jedes Wort hinterfragte.",Wer war von Anfang an wachsam? (Katharina / Susanne),distrusted,ExpStim,10.0,63.0,-2.09,-75,sozialisiert,0.95,12.0,misstraute,0.11,10.0,37.5,"Katharina misstraute Susanne,
weil_sie von Anfang an wachsam_war und jedes_Wort hinterfragte.",Wer war von Anfang an wachsam?,Katharina,Susanne,sie,sie,FJ,1,NP1,Katharina,left,F,FJ,True,female,female,both_female,NP1-Causality
nonamb,4,95,NP2,NP1-Causality,sie,sie,"Katharina misstraute Tobias, weil sie von Anfang an wachsam war und jedes Wort hinterfragte.",Wer war von Anfang an wachsam? (Katharina / Tobias),distrusted,ExpStim,10.0,63.0,-2.09,-75,sozialisiert,0.95,12.0,misstraute,0.11,10.0,37.5,"Katharina misstraute Tobias,
weil_sie von Anfang an wachsam_war und jedes_Wort hinterfragte.",Wer war von Anfang an wachsam?,Katharina,Tobias,sie,er,F,1,NP1,Katharina,left,F,F,False,female,male,swapped,NP1-Causality
nonamb,5,95,NP2,NP2-Causality,sie,sie,"Johannes misstraute Susanne, weil sie von Anfang an verschlossen war und die Wahrheit verbarg.",Wer war von Anfang an verschlossen? (Johannes / Susanne),distrusted,ExpStim,10.0,63.0,-2.09,-75,unzuverlässig,1.72,13.0,misstraute,0.11,10.0,37.5,"Johannes misstraute Susanne,
weil_sie von Anfang an verschlossen_war und die_Wahrheit verbarg.",Wer war von Anfang an verschlossen?,Johannes,Susanne,er,sie,J,1,NP2,Susanne,right,J,J,False,male,female,original,NP2-Causality
nonamb,6,95,NP2,NP2-Causality,er,amb,"Johannes misstraute Tobias, weil er von Anfang an verschlossen war und die Wahrheit verbarg.",Wer war von Anfang an verschlossen? (Johannes / Tobias),distrusted,ExpStim,10.0,63.0,-2.09,-75,unzuverlässig,1.72,13.0,misstraute,0.11,10.0,37.5,"Johannes misstraute Tobias,
weil_er von Anfang an verschlossen_war und die_Wahrheit verbarg.",Wer war von Anfang an verschlossen?,Johannes,Tobias,er,er,FJ,1,NP2,Tobias,right,J,FJ,True,male,male,both_male,NP2-Causality
nonamb,7,95,NP2,NP2-Causality,sie,amb,"Katharina misstraute Susanne, weil sie von Anfang an verschlossen war und die Wahrheit verbarg.",Wer war von Anfang an verschlossen? (Katharina / Susanne),distrusted,ExpStim,10.0,63.0,-2.09,-75,unzuverlässig,1.72,13.0,misstraute,0.11,10.0,37.5,"Katharina misstraute Susanne,
weil_sie von Anfang an verschlossen_war und die_Wahrheit verbarg.",Wer war von Anfang an verschlossen?,Katharina,Susanne,sie,sie,FJ,1,NP2,Susanne,right,J,FJ,True,female,female,both_female,NP2-Causality
nonamb,8,95,NP2,NP2-Causality,er,er,"Katharina misstraute Tobias, weil er von Anfang an verschlossen war und die Wahrheit verbarg.",Wer war von Anfang an verschlossen? (Katharina / Tobias),distrusted,ExpStim,10.0,63.0,-2.09,-75,unzuverlässig,1.72,13.0,misstraute,0.11,10.0,37.5,"Katharina misstraute Tobias,
weil_er von Anfang an verschlossen_war und die_Wahrheit verbarg.",Wer war von Anfang an verschlossen?,Katharina,Tobias,sie,er,J,1,NP2,Tobias,right,J,J,False,female,male,swapped,NP2-Causality
nonamb,1,96,neutral,NP1-Causality,er,er,"Paul filmte Maria, weil er seit einigen Tagen misstrauisch war und die Spur verfolgte.",Wer war seit einigen Tagen misstrauisch? (Paul / Maria),filmed,AgP,6.0,5.0,0.73,-3,eifersüchtig,3.51,12.0,filmte,0.45,6.0,68.75,"Paul filmte Maria,
weil_er seit einigen Tagen misstrauisch_war und die_Spur verfolgte.",Wer war seit einigen Tagen misstrauisch?,Paul,Maria,er,sie,F,1,NP1,Paul,left,F,F,False,male,female,original,NP1-Causality
nonamb,2,96,neutral,NP1-Causality,er,amb,"Paul filmte Martin, weil er seit einigen Tagen misstrauisch war und die Spur verfolgte.",Wer war seit einigen Tagen misstrauisch? (Paul / Martin),filmed,AgP,6.0,5.0,0.73,-3,eifersüchtig,3.51,12.0,filmte,0.45,6.0,68.75,"Paul filmte Martin,
weil_er seit einigen Tagen misstrauisch_war und die_Spur verfolgte.",Wer war seit einigen Tagen misstrauisch?,Paul,Martin,er,er,FJ,1,NP1,Paul,left,F,FJ,True,male,male,both_male,NP1-Causality
nonamb,3,96,neutral,NP1-Causality,sie,amb,"Julia filmte Maria, weil sie seit einigen Tagen misstrauisch war und die Spur verfolgte.",Wer war seit einigen Tagen misstrauisch? (Julia / Maria),filmed,AgP,6.0,5.0,0.73,-3,eifersüchtig,3.51,12.0,filmte,0.45,6.0,68.75,"Julia filmte Maria,
weil_sie seit einigen Tagen misstrauisch_war und die_Spur verfolgte.",Wer war seit einigen Tagen misstrauisch?,Julia,Maria,sie,sie,FJ,1,NP1,Julia,left,F,FJ,True,female,female,both_female,NP1-Causality
nonamb,4,96,neutral,NP1-Causality,sie,sie,"Julia filmte Martin, weil sie seit einigen Tagen misstrauisch war und die Spur verfolgte.",Wer war seit einigen Tagen misstrauisch? (Julia / Martin),filmed,AgP,6.0,5.0,0.73,-3,eifersüchtig,3.51,12.0,filmte,0.45,6.0,68.75,"Julia filmte Martin,
weil_sie seit einigen Tagen misstrauisch_war und die_Spur verfolgte.",Wer war seit einigen Tagen misstrauisch?,Julia,Martin,sie,er,F,1,NP1,Julia,left,F,F,False,female,male,swapped,NP1-Causality
nonamb,5,96,neutral,NP2-Causality,sie,sie,"Paul filmte Maria, weil sie seit einigen Tagen komisch war und die Wahrheit verschwieg.",Wer war seit einigen Tagen komisch? (Paul / Maria),filmed,AgP,6.0,5.0,0.73,-3,komisch,18.62,7.0,filmte,0.45,6.0,68.75,"Paul filmte Maria,
weil_sie seit einigen Tagen komisch_war und die_Wahrheit verschwieg.",Wer war seit einigen Tagen komisch?,Paul,Maria,er,sie,J,1,NP2,Maria,right,J,J,False,male,female,original,NP2-Causality
nonamb,6,96,neutral,NP2-Causality,er,amb,"Paul filmte Martin, weil er seit einigen Tagen komisch war und die Wahrheit verschwieg.",Wer war seit einigen Tagen komisch? (Paul / Martin),filmed,AgP,6.0,5.0,0.73,-3,komisch,18.62,7.0,filmte,0.45,6.0,68.75,"Paul filmte Martin,
weil_er seit einigen Tagen komisch_war und die_Wahrheit verschwieg.",Wer war seit einigen Tagen komisch?,Paul,Martin,er,er,FJ,1,NP2,Martin,right,J,FJ,True,male,male,both_male,NP2-Causality
nonamb,7,96,neutral,NP2-Causality,sie,amb,"Julia filmte Maria, weil sie seit einigen Tagen komisch war und die Wahrheit verschwieg.",Wer war seit einigen Tagen komisch? (Julia / Maria),filmed,AgP,6.0,5.0,0.73,-3,komisch,18.62,7.0,filmte,0.45,6.0,68.75,"Julia filmte Maria,
weil_sie seit einigen Tagen komisch_war und die_Wahrheit verschwieg.",Wer war seit einigen Tagen komisch?,Julia,Maria,sie,sie,FJ,1,NP2,Maria,right,J,FJ,True,female,female,both_female,NP2-Causality
nonamb,8,96,neutral,NP2-Causality,er,er,"Julia filmte Martin, weil er seit einigen Tagen komisch war und die Wahrheit verschwieg.",Wer war seit einigen Tagen komisch? (Julia / Martin),filmed,AgP,6.0,5.0,0.73,-3,komisch,18.62,7.0,filmte,0.45,6.0,68.75,"Julia filmte Martin,
weil_er seit einigen Tagen komisch_war und die_Wahrheit verschwieg.",Wer war seit einigen Tagen komisch?,Julia,Martin,sie,er,J,1,NP2,Martin,right,J,J,False,female,male,swapped,NP2-Causality
nonamb,1,97,NP1,NP1-Causality,er,er,"Jürgen verstimmte Barbara, weil er an dem Sonntag unfreundlich war und die Tür zuschlug.",Was schlug er zu? (die Tür / das Vertrauen),exasperated,StimExp,11.0,3.0,-1.64,74,unfolgsam,0.03,9.0,verstimmte,0.02,22.0,75.0,"Jürgen verstimmte Barbara,
weil_er an dem Sonntag unfreundlich_war und die_Tür zuschlug.",Was schlug er zu?,die Tür,das Vertrauen,,,F,6,NP1,die Tür,left,F,F,False,male,female,original,NP1-Causality
nonamb,2,97,NP1,NP1-Causality,er,amb,"Jürgen verstimmte Klaus, weil er an dem Sonntag unfreundlich war und die Tür zuschlug.",Was schlug er zu? (die Tür / das Vertrauen),exasperated,StimExp,11.0,3.0,-1.64,74,unfolgsam,0.03,9.0,verstimmte,0.02,22.0,75.0,"Jürgen verstimmte Klaus,
weil_er an dem Sonntag unfreundlich_war und die_Tür zuschlug.",Was schlug er zu?,die Tür,das Vertrauen,,,F,6,NP1,die Tür,left,F,F,False,male,male,both_male,NP1-Causality
nonamb,3,97,NP1,NP1-Causality,sie,amb,"Nicole verstimmte Barbara, weil sie an dem Sonntag unfreundlich war und die Tür zuschlug.",Was schlug sie zu? (die Tür / das Vertrauen),exasperated,StimExp,11.0,3.0,-1.64,74,unfolgsam,0.03,9.0,verstimmte,0.02,22.0,75.0,"Nicole verstimmte Barbara,
weil_sie an dem Sonntag unfreundlich_war und die_Tür zuschlug.",Was schlug sie zu?,die Tür,das Vertrauen,,,F,6,NP1,die Tür,left,F,F,False,female,female,both_female,NP1-Causality
nonamb,4,97,NP1,NP1-Causality,sie,sie,"Nicole verstimmte Klaus, weil sie an dem Sonntag unfreundlich war und die Tür zuschlug.",Was schlug sie zu? (die Tür / das Vertrauen),exasperated,StimExp,11.0,3.0,-1.64,74,unfolgsam,0.03,9.0,verstimmte,0.02,22.0,75.0,"Nicole verstimmte Klaus,
weil_sie an dem Sonntag unfreundlich_war und die_Tür zuschlug.",Was schlug sie zu?,die Tür,das Vertrauen,,,F,6,NP1,die Tür,left,F,F,False,female,male,swapped,NP1-Causality
nonamb,5,97,NP1,NP2-Causality,sie,sie,"Jürgen verstimmte Barbara, weil sie an dem Sonntag gestresst war und die Auszeit brauchte.",Was brauchte sie? (die Auszeit / das Vertrauen),exasperated,StimExp,11.0,3.0,-1.64,74,überfürsorglich,1.5,11.0,verstimmte,0.02,22.0,75.0,"Jürgen verstimmte Barbara,
weil_sie an dem Sonntag gestresst_war und die_Auszeit brauchte.",Was brauchte sie?,die Auszeit,das Vertrauen,,,F,6,NP2,die Auszeit,left,F,F,False,male,female,original,NP2-Causality
nonamb,6,97,NP1,NP2-Causality,er,amb,"Jürgen verstimmte Klaus, weil er an dem Sonntag gestresst war und die Auszeit brauchte.",Was brauchte er? (die Auszeit / das Vertrauen),exasperated,StimExp,11.0,3.0,-1.64,74,überfürsorglich,1.5,11.0,verstimmte,0.02,22.0,75.0,"Jürgen verstimmte Klaus,
weil_er an dem Sonntag gestresst_war und die_Auszeit brauchte.",Was brauchte er?,die Auszeit,das Vertrauen,,,F,6,NP2,die Auszeit,left,F,F,False,male,male,both_male,NP2-Causality
nonamb,7,97,NP1,NP2-Causality,sie,amb,"Nicole verstimmte Barbara, weil sie an dem Sonntag gestresst war und die Auszeit brauchte.",Was brauchte sie? (die Auszeit / das Vertrauen),exasperated,StimExp,11.0,3.0,-1.64,74,überfürsorglich,1.5,11.0,verstimmte,0.02,22.0,75.0,"Nicole verstimmte Barbara,
weil_sie an dem Sonntag gestresst_war und die_Auszeit brauchte.",Was brauchte sie?,die Auszeit,das Vertrauen,,,F,6,NP2,die Auszeit,left,F,F,False,female,female,both_female,NP2-Causality
nonamb,8,97,NP1,NP2-Causality,er,er,"Nicole verstimmte Klaus, weil er an dem Sonntag gestresst war und die Auszeit brauchte.",Was brauchte er? (die Auszeit / das Vertrauen),exasperated,StimExp,11.0,3.0,-1.64,74,überfürsorglich,1.5,11.0,verstimmte,0.02,22.0,75.0,"Nicole verstimmte Klaus,
weil_er an dem Sonntag gestresst_war und die_Auszeit brauchte.",Was brauchte er?,die Auszeit,das Vertrauen,,,F,6,NP2,die Auszeit,left,F,F,False,female,male,swapped,NP2-Causality
nonamb,1,98,NP2,NP1-Causality,er,er,"Thomas führte Lena, weil er an dieser Stelle erfahren war und den Weg kannte.",Wer war an dieser Stelle erfahren? (Thomas / Lena),guided,AgP,6.0,475.0,1.27,-73,vom Fach,0.49,7.0,führte,68.41,6.0,56.25,"Thomas führte Lena,
weil_er an dieser Stelle erfahren_war und den_Weg kannte.",Wer war an dieser Stelle erfahren?,Thomas,Lena,er,sie,F,1,NP1,Thomas,left,F,F,False,male,female,original,NP1-Causality
nonamb,2,98,NP2,NP1-Causality,er,amb,"Thomas führte Philipp, weil er an dieser Stelle erfahren war und den Weg kannte.",Wer war an dieser Stelle erfahren? (Thomas / Philipp),guided,AgP,6.0,475.0,1.27,-73,vom Fach,0.49,7.0,führte,68.41,6.0,56.25,"Thomas führte Philipp,
weil_er an dieser Stelle erfahren_war und den_Weg kannte.",Wer war an dieser Stelle erfahren?,Thomas,Philipp,er,er,FJ,1,NP1,Thomas,left,F,FJ,True,male,male,both_male,NP1-Causality
nonamb,3,98,NP2,NP1-Causality,sie,amb,"Daniela führte Lena, weil sie an dieser Stelle erfahren war und den Weg kannte.",Wer war an dieser Stelle erfahren? (Daniela / Lena),guided,AgP,6.0,475.0,1.27,-73,vom Fach,0.49,7.0,führte,68.41,6.0,56.25,"Daniela führte Lena,
weil_sie an dieser Stelle erfahren_war und den_Weg kannte.",Wer war an dieser Stelle erfahren?,Daniela,Lena,sie,sie,FJ,1,NP1,Daniela,left,F,FJ,True,female,female,both_female,NP1-Causality
nonamb,4,98,NP2,NP1-Causality,sie,sie,"Daniela führte Philipp, weil sie an dieser Stelle erfahren war und den Weg kannte.",Wer war an dieser Stelle erfahren? (Daniela / Philipp),guided,AgP,6.0,475.0,1.27,-73,vom Fach,0.49,7.0,führte,68.41,6.0,56.25,"Daniela führte Philipp,
weil_sie an dieser Stelle erfahren_war und den_Weg kannte.",Wer war an dieser Stelle erfahren?,Daniela,Philipp,sie,er,F,1,NP1,Daniela,left,F,F,False,female,male,swapped,NP1-Causality
nonamb,5,98,NP2,NP2-Causality,sie,sie,"Thomas führte Lena, weil sie an dieser Stelle unerfahren war und die Orientierung verlor.",Wer war an dieser Stelle unerfahren? (Thomas / Lena),guided,AgP,6.0,475.0,1.27,-73,neugierig,12.44,9.0,führte,68.41,6.0,56.25,"Thomas führte Lena,
weil_sie an dieser Stelle unerfahren_war und die_Orientierung verlor.",Wer war an dieser Stelle unerfahren?,Thomas,Lena,er,sie,J,1,NP2,Lena,right,J,J,False,male,female,original,NP2-Causality
nonamb,6,98,NP2,NP2-Causality,er,amb,"Thomas führte Philipp, weil er an dieser Stelle unerfahren war und die Orientierung verlor.",Wer war an dieser Stelle unerfahren? (Thomas / Philipp),guided,AgP,6.0,475.0,1.27,-73,neugierig,12.44,9.0,führte,68.41,6.0,56.25,"Thomas führte Philipp,
weil_er an dieser Stelle unerfahren_war und die_Orientierung verlor.",Wer war an dieser Stelle unerfahren?,Thomas,Philipp,er,er,FJ,1,NP2,Philipp,right,J,FJ,True,male,male,both_male,NP2-Causality
nonamb,7,98,NP2,NP2-Causality,sie,amb,"Daniela führte Lena, weil sie an dieser Stelle unerfahren war und die Orientierung verlor.",Wer war an dieser Stelle unerfahren? (Daniela / Lena),guided,AgP,6.0,475.0,1.27,-73,neugierig,12.44,9.0,führte,68.41,6.0,56.25,"Daniela führte Lena,
weil_sie an dieser Stelle unerfahren_war und die_Orientierung verlor.",Wer war an dieser Stelle unerfahren?,Daniela,Lena,sie,sie,FJ,1,NP2,Lena,right,J,FJ,True,female,female,both_female,NP2-Causality
nonamb,8,98,NP2,NP2-Causality,er,er,"Daniela führte Philipp, weil er an dieser Stelle unerfahren war und die Orientierung verlor.",Wer war an dieser Stelle unerfahren? (Daniela / Philipp),guided,AgP,6.0,475.0,1.27,-73,neugierig,12.44,9.0,führte,68.41,6.0,56.25,"Daniela führte Philipp,
weil_er an dieser Stelle unerfahren_war und die_Orientierung verlor.",Wer war an dieser Stelle unerfahren?,Daniela,Philipp,sie,er,J,1,NP2,Philipp,right,J,J,False,female,male,swapped,NP2-Causality
nonamb,1,99,neutral,NP1-Causality,er,er,"Uwe kränkte Johanna, weil er bis zum Ende eifersüchtig war und jeden Erfolg kleinredete.",Wer war bis zum Ende eifersüchtig? (Uwe / Johanna),insulted,StimExp,8.0,20.0,-1.91,6,neidisch,2.65,8.0,kränkte,0.11,7.0,87.5,"Uwe kränkte Johanna,
weil_er bis zum Ende eifersüchtig_war und jeden_Erfolg kleinredete.",Wer war bis zum Ende eifersüchtig?,Uwe,Johanna,er,sie,F,1,NP1,Uwe,left,F,F,False,male,female,original,NP1-Causality
nonamb,2,99,neutral,NP1-Causality,er,amb,"Uwe kränkte Martin, weil er bis zum Ende eifersüchtig war und jeden Erfolg kleinredete.",Wer war bis zum Ende eifersüchtig? (Uwe / Martin),insulted,StimExp,8.0,20.0,-1.91,6,neidisch,2.65,8.0,kränkte,0.11,7.0,87.5,"Uwe kränkte Martin,
weil_er bis zum Ende eifersüchtig_war und jeden_Erfolg kleinredete.",Wer war bis zum Ende eifersüchtig?,Uwe,Martin,er,er,FJ,1,NP1,Uwe,left,F,FJ,True,male,male,both_male,NP1-Causality
nonamb,3,99,neutral,NP1-Causality,sie,amb,"Linda kränkte Johanna, weil sie bis zum Ende eifersüchtig war und jeden Erfolg kleinredete.",Wer war bis zum Ende eifersüchtig? (Linda / Johanna),insulted,StimExp,8.0,20.0,-1.91,6,neidisch,2.65,8.0,kränkte,0.11,7.0,87.5,"Linda kränkte Johanna,
weil_sie bis zum Ende eifersüchtig_war und jeden_Erfolg kleinredete.",Wer war bis zum Ende eifersüchtig?,Linda,Johanna,sie,sie,FJ,1,NP1,Linda,left,F,FJ,True,female,female,both_female,NP1-Causality
nonamb,4,99,neutral,NP1-Causality,sie,sie,"Linda kränkte Martin, weil sie bis zum Ende eifersüchtig war und jeden Erfolg kleinredete.",Wer war bis zum Ende eifersüchtig? (Linda / Martin),insulted,StimExp,8.0,20.0,-1.91,6,neidisch,2.65,8.0,kränkte,0.11,7.0,87.5,"Linda kränkte Martin,
weil_sie bis zum Ende eifersüchtig_war und jeden_Erfolg kleinredete.",Wer war bis zum Ende eifersüchtig?,Linda,Martin,sie,er,F,1,NP1,Linda,left,F,F,False,female,male,swapped,NP1-Causality
nonamb,5,99,neutral,NP2-Causality,sie,sie,"Uwe kränkte Johanna, weil sie bis zum Ende rücksichtslos war und das Gespräch unterbrach.",Wer war bis zum Ende rücksichtslos? (Uwe / Johanna),insulted,StimExp,8.0,20.0,-1.91,6,tatkräftig,4.42,10.0,kränkte,0.11,7.0,87.5,"Uwe kränkte Johanna,
weil_sie bis zum Ende rücksichtslos_war und das_Gespräch unterbrach.",Wer war bis zum Ende rücksichtslos?,Uwe,Johanna,er,sie,J,1,NP2,Johanna,right,J,J,False,male,female,original,NP2-Causality
nonamb,6,99,neutral,NP2-Causality,er,amb,"Uwe kränkte Martin, weil er bis zum Ende rücksichtslos war und das Gespräch unterbrach.",Wer war bis zum Ende rücksichtslos? (Uwe / Martin),insulted,StimExp,8.0,20.0,-1.91,6,tatkräftig,4.42,10.0,kränkte,0.11,7.0,87.5,"Uwe kränkte Martin,
weil_er bis zum Ende rücksichtslos_war und das_Gespräch unterbrach.",Wer war bis zum Ende rücksichtslos?,Uwe,Martin,er,er,FJ,1,NP2,Martin,right,J,FJ,True,male,male,both_male,NP2-Causality
nonamb,7,99,neutral,NP2-Causality,sie,amb,"Linda kränkte Johanna, weil sie bis zum Ende rücksichtslos war und das Gespräch unterbrach.",Wer war bis zum Ende rücksichtslos? (Linda / Johanna),insulted,StimExp,8.0,20.0,-1.91,6,tatkräftig,4.42,10.0,kränkte,0.11,7.0,87.5,"Linda kränkte Johanna,
weil_sie bis zum Ende rücksichtslos_war und das_Gespräch unterbrach.",Wer war bis zum Ende rücksichtslos?,Linda,Johanna,sie,sie,FJ,1,NP2,Johanna,right,J,FJ,True,female,female,both_female,NP2-Causality
nonamb,8,99,neutral,NP2-Causality,er,er,"Linda kränkte Martin, weil er bis zum Ende rücksichtslos war und das Gespräch unterbrach.",Wer war bis zum Ende rücksichtslos? (Linda / Martin),insulted,StimExp,8.0,20.0,-1.91,6,tatkräftig,4.42,10.0,kränkte,0.11,7.0,87.5,"Linda kränkte Martin,
weil_er bis zum Ende rücksichtslos_war und das_Gespräch unterbrach.",Wer war bis zum Ende rücksichtslos?,Linda,Martin,sie,er,J,1,NP2,Martin,right,J,J,False,female,male,swapped,NP2-Causality
nonamb,1,100,NP1,NP1-Causality,er,er,"Tobias belog Jana, weil er in der Vorlesung egoistisch war und die Verantwortung mied.",Wer war in der Vorlesung egoistisch? (Tobias / Jana),lied to,AgP,4.0,133.0,-2.45,78,hemmungslos,2.14,11.0,belog,0.03,5.0,75.0,"Tobias belog Jana,
weil_er in der Vorlesung egoistisch_war und die_Verantwortung mied.",Wer war in der Vorlesung egoistisch?,Tobias,Jana,er,sie,F,1,NP1,Tobias,left,F,F,False,male,female,original,NP1-Causality
nonamb,2,100,NP1,NP1-Causality,er,amb,"Tobias belog Peter, weil er in der Vorlesung egoistisch war und die Verantwortung mied.",Wer war in der Vorlesung egoistisch? (Tobias / Peter),lied to,AgP,4.0,133.0,-2.45,78,hemmungslos,2.14,11.0,belog,0.03,5.0,75.0,"Tobias belog Peter,
weil_er in der Vorlesung egoistisch_war und die_Verantwortung mied.",Wer war in der Vorlesung egoistisch?,Tobias,Peter,er,er,FJ,1,NP1,Tobias,left,F,FJ,True,male,male,both_male,NP1-Causality
nonamb,3,100,NP1,NP1-Causality,sie,amb,"Sabine belog Jana, weil sie in der Vorlesung egoistisch war und die Verantwortung mied.",Wer war in der Vorlesung egoistisch? (Sabine / Jana),lied to,AgP,4.0,133.0,-2.45,78,hemmungslos,2.14,11.0,belog,0.03,5.0,75.0,"Sabine belog Jana,
weil_sie in der Vorlesung egoistisch_war und die_Verantwortung mied.",Wer war in der Vorlesung egoistisch?,Sabine,Jana,sie,sie,FJ,1,NP1,Sabine,left,F,FJ,True,female,female,both_female,NP1-Causality
nonamb,4,100,NP1,NP1-Causality,sie,sie,"Sabine belog Peter, weil sie in der Vorlesung egoistisch war und die Verantwortung mied.",Wer war in der Vorlesung egoistisch? (Sabine / Peter),lied to,AgP,4.0,133.0,-2.45,78,hemmungslos,2.14,11.0,belog,0.03,5.0,75.0,"Sabine belog Peter,
weil_sie in der Vorlesung egoistisch_war und die_Verantwortung mied.",Wer war in der Vorlesung egoistisch?,Sabine,Peter,sie,er,F,1,NP1,Sabine,left,F,F,False,female,male,swapped,NP1-Causality
nonamb,5,100,NP1,NP2-Causality,sie,sie,"Tobias belog Jana, weil sie in der Vorlesung hartnäckig war und jede Antwort hinterfragte.",Wer war in der Vorlesung hartnäckig? (Tobias / Jana),lied to,AgP,4.0,133.0,-2.45,78,ahnungslos,2.31,10.0,belog,0.03,5.0,75.0,"Tobias belog Jana,
weil_sie in der Vorlesung hartnäckig_war und jede_Antwort hinterfragte.",Wer war in der Vorlesung hartnäckig?,Tobias,Jana,er,sie,J,1,NP2,Jana,right,J,J,False,male,female,original,NP2-Causality
nonamb,6,100,NP1,NP2-Causality,er,amb,"Tobias belog Peter, weil er in der Vorlesung hartnäckig war und jede Antwort hinterfragte.",Wer war in der Vorlesung hartnäckig? (Tobias / Peter),lied to,AgP,4.0,133.0,-2.45,78,ahnungslos,2.31,10.0,belog,0.03,5.0,75.0,"Tobias belog Peter,
weil_er in der Vorlesung hartnäckig_war und jede_Antwort hinterfragte.",Wer war in der Vorlesung hartnäckig?,Tobias,Peter,er,er,FJ,1,NP2,Peter,right,J,FJ,True,male,male,both_male,NP2-Causality
nonamb,7,100,NP1,NP2-Causality,sie,amb,"Sabine belog Jana, weil sie in der Vorlesung hartnäckig war und jede Antwort hinterfragte.",Wer war in der Vorlesung hartnäckig? (Sabine / Jana),lied to,AgP,4.0,133.0,-2.45,78,ahnungslos,2.31,10.0,belog,0.03,5.0,75.0,"Sabine belog Jana,
weil_sie in der Vorlesung hartnäckig_war und jede_Antwort hinterfragte.",Wer war in der Vorlesung hartnäckig?,Sabine,Jana,sie,sie,FJ,1,NP2,Jana,right,J,FJ,True,female,female,both_female,NP2-Causality
nonamb,8,100,NP1,NP2-Causality,er,er,"Sabine belog Peter, weil er in der Vorlesung hartnäckig war und jede Antwort hinterfragte.",Wer war in der Vorlesung hartnäckig? (Sabine / Peter),lied to,AgP,4.0,133.0,-2.45,78,ahnungslos,2.31,10.0,belog,0.03,5.0,75.0,"Sabine belog Peter,
weil_er in der Vorlesung hartnäckig_war und jede_Antwort hinterfragte.",Wer war in der Vorlesung hartnäckig?,Sabine,Peter,sie,er,J,1,NP2,Peter,right,J,J,False,female,male,swapped,NP2-Causality
nonamb,1,101,NP2,NP1-Causality,er,er,"Klaus bestrafte Laura, weil er an dem Abend konsequent war und die Regeln durchsetzte.",Wer bestrafte Laura? (Klaus / Michael),penalized,AgEvo,9.0,3.0,-2.0,-77,sittenstreng,0.08,12.0,bestrafte,0.47,9.0,75.0,"Klaus bestrafte Laura,
weil_er an dem Abend konsequent_war und die_Regeln durchsetzte.",Wer bestrafte Laura?,Klaus,Michael,er,er,F,2,NP1,Klaus,left,F,F,False,male,female,original,NP1-Causality
nonamb,2,101,NP2,NP1-Causality,er,amb,"Klaus bestrafte Johannes, weil er an dem Abend konsequent war und die Regeln durchsetzte.",Wer bestrafte Johannes? (Klaus / Sebastian),penalized,AgEvo,9.0,3.0,-2.0,-77,sittenstreng,0.08,12.0,bestrafte,0.47,9.0,75.0,"Klaus bestrafte Johannes,
weil_er an dem Abend konsequent_war und die_Regeln durchsetzte.",Wer bestrafte Johannes?,Klaus,Sebastian,er,er,F,2,NP1,Klaus,left,F,F,False,male,male,both_male,NP1-Causality
nonamb,3,101,NP2,NP1-Causality,sie,amb,"Lisa bestrafte Laura, weil sie an dem Abend konsequent war und die Regeln durchsetzte.",Wer bestrafte Laura? (Lisa / Jana),penalized,AgEvo,9.0,3.0,-2.0,-77,sittenstreng,0.08,12.0,bestrafte,0.47,9.0,75.0,"Lisa bestrafte Laura,
weil_sie an dem Abend konsequent_war und die_Regeln durchsetzte.",Wer bestrafte Laura?,Lisa,Jana,sie,sie,F,2,NP1,Lisa,left,F,F,False,female,female,both_female,NP1-Causality
nonamb,4,101,NP2,NP1-Causality,sie,sie,"Lisa bestrafte Johannes, weil sie an dem Abend konsequent war und die Regeln durchsetzte.",Wer bestrafte Johannes? (Lisa / Sarah),penalized,AgEvo,9.0,3.0,-2.0,-77,sittenstreng,0.08,12.0,bestrafte,0.47,9.0,75.0,"Lisa bestrafte Johannes,
weil_sie an dem Abend konsequent_war und die_Regeln durchsetzte.",Wer bestrafte Johannes?,Lisa,Sarah,sie,sie,F,2,NP1,Lisa,left,F,F,False,female,male,swapped,NP1-Causality
nonamb,5,101,NP2,NP2-Causality,sie,sie,"Klaus bestrafte Laura, weil sie an dem Abend respektlos war und die Regeln verletzte.",Wer bestrafte Laura? (Klaus / Philipp),penalized,AgEvo,9.0,3.0,-2.0,-77,unkeusch,0.12,8.0,bestrafte,0.47,9.0,75.0,"Klaus bestrafte Laura,
weil_sie an dem Abend respektlos_war und die_Regeln verletzte.",Wer bestrafte Laura?,Klaus,Philipp,er,er,F,2,NP2,Klaus,left,F,F,False,male,female,original,NP2-Causality
nonamb,6,101,NP2,NP2-Causality,er,amb,"Klaus bestrafte Johannes, weil er an dem Abend respektlos war und die Regeln verletzte.",Wer bestrafte Johannes? (Klaus / Johannes),penalized,AgEvo,9.0,3.0,-2.0,-77,unkeusch,0.12,8.0,bestrafte,0.47,9.0,75.0,"Klaus bestrafte Johannes,
weil_er an dem Abend respektlos_war und die_Regeln verletzte.",Wer bestrafte Johannes?,Klaus,Johannes,er,er,F,2,NP2,Klaus,left,F,F,False,male,male,both_male,NP2-Causality
nonamb,7,101,NP2,NP2-Causality,sie,amb,"Lisa bestrafte Laura, weil sie an dem Abend respektlos war und die Regeln verletzte.",Wer bestrafte Laura? (Lisa / Claudia),penalized,AgEvo,9.0,3.0,-2.0,-77,unkeusch,0.12,8.0,bestrafte,0.47,9.0,75.0,"Lisa bestrafte Laura,
weil_sie an dem Abend respektlos_war und die_Regeln verletzte.",Wer bestrafte Laura?,Lisa,Claudia,sie,sie,F,2,NP2,Lisa,left,F,F,False,female,female,both_female,NP2-Causality
nonamb,8,101,NP2,NP2-Causality,er,er,"Lisa bestrafte Johannes, weil er an dem Abend respektlos war und die Regeln verletzte.",Wer bestrafte Johannes? (Lisa / Linda),penalized,AgEvo,9.0,3.0,-2.0,-77,unkeusch,0.12,8.0,bestrafte,0.47,9.0,75.0,"Lisa bestrafte Johannes,
weil_er an dem Abend respektlos_war und die_Regeln verletzte.",Wer bestrafte Johannes?,Lisa,Linda,sie,sie,F,2,NP2,Lisa,left,F,F,False,female,male,swapped,NP2-Causality
nonamb,1,102,neutral,NP1-Causality,er,er,"Michael traf Daniela, weil er bei den Partien kontaktfreudig war und einen Tanzpartner suchte.",Wen traf Michael? (Daniela / Maria),played with,AgP,6.0,0.0,1.27,-13,überrascht,21.94,10.0,traf,25.51,7.0,81.25,"Michael traf Daniela,
weil_er bei den Partien kontaktfreudig_war und einen_Tanzpartner suchte.",Wen traf Michael?,Daniela,Maria,sie,sie,F,3,NP1,Daniela,left,F,F,False,male,female,original,NP1-Causality
nonamb,2,102,neutral,NP1-Causality,er,amb,"Michael traf Wolfgang, weil er bei den Partien kontaktfreudig war und einen Tanzpartner suchte.",Wen traf Michael? (Wolfgang / Jürgen),played with,AgP,6.0,0.0,1.27,-13,überrascht,21.94,10.0,traf,25.51,7.0,81.25,"Michael traf Wolfgang,
weil_er bei den Partien kontaktfreudig_war und einen_Tanzpartner suchte.",Wen traf Michael?,Wolfgang,Jürgen,er,er,F,3,NP1,Wolfgang,left,F,F,False,male,male,both_male,NP1-Causality
nonamb,3,102,neutral,NP1-Causality,sie,amb,"Maria traf Daniela, weil sie bei den Partien kontaktfreudig war und einen Tanzpartner suchte.",Wen traf Maria? (Daniela / Sarah),played with,AgP,6.0,0.0,1.27,-13,überrascht,21.94,10.0,traf,25.51,7.0,81.25,"Maria traf Daniela,
weil_sie bei den Partien kontaktfreudig_war und einen_Tanzpartner suchte.",Wen traf Maria?,Daniela,Sarah,sie,sie,F,3,NP1,Daniela,left,F,F,False,female,female,both_female,NP1-Causality
nonamb,4,102,neutral,NP1-Causality,sie,sie,"Maria traf Wolfgang, weil sie bei den Partien kontaktfreudig war und einen Tanzpartner suchte.",Wen traf Maria? (Wolfgang / Sebastian),played with,AgP,6.0,0.0,1.27,-13,überrascht,21.94,10.0,traf,25.51,7.0,81.25,"Maria traf Wolfgang,
weil_sie bei den Partien kontaktfreudig_war und einen_Tanzpartner suchte.",Wen traf Maria?,Wolfgang,Sebastian,er,er,F,3,NP1,Wolfgang,left,F,F,False,female,male,swapped,NP1-Causality
nonamb,5,102,neutral,NP2-Causality,sie,sie,"Michael traf Daniela, weil sie bei den Partien geselligkeitsbedürftig war und einen Tanzpartner brauchte.",Wen traf Michael? (Daniela / Maria),played with,AgP,6.0,0.0,1.27,-13,bemerkenswert,18.77,13.0,traf,25.51,7.0,81.25,"Michael traf Daniela,
weil_sie bei den Partien geselligkeitsbedürftig_war und einen_Tanzpartner brauchte.",Wen traf Michael?,Daniela,Maria,sie,sie,F,3,NP2,Daniela,left,F,F,False,male,female,original,NP2-Causality
nonamb,6,102,neutral,NP2-Causality,er,amb,"Michael traf Wolfgang, weil er bei den Partien geselligkeitsbedürftig war und einen Tanzpartner brauchte.",Wen traf Michael? (Wolfgang / Klaus),played with,AgP,6.0,0.0,1.27,-13,bemerkenswert,18.77,13.0,traf,25.51,7.0,81.25,"Michael traf Wolfgang,
weil_er bei den Partien geselligkeitsbedürftig_war und einen_Tanzpartner brauchte.",Wen traf Michael?,Wolfgang,Klaus,er,er,F,3,NP2,Wolfgang,left,F,F,False,male,male,both_male,NP2-Causality
nonamb,7,102,neutral,NP2-Causality,sie,amb,"Maria traf Daniela, weil sie bei den Partien geselligkeitsbedürftig war und einen Tanzpartner brauchte.",Wen traf Maria? (Daniela / Barbara),played with,AgP,6.0,0.0,1.27,-13,bemerkenswert,18.77,13.0,traf,25.51,7.0,81.25,"Maria traf Daniela,
weil_sie bei den Partien geselligkeitsbedürftig_war und einen_Tanzpartner brauchte.",Wen traf Maria?,Daniela,Barbara,sie,sie,F,3,NP2,Daniela,left,F,F,False,female,female,both_female,NP2-Causality
nonamb,8,102,neutral,NP2-Causality,er,er,"Maria traf Wolfgang, weil er bei den Partien geselligkeitsbedürftig war und einen Tanzpartner brauchte.",Wen traf Maria? (Wolfgang / Martin),played with,AgP,6.0,0.0,1.27,-13,bemerkenswert,18.77,13.0,traf,25.51,7.0,81.25,"Maria traf Wolfgang,
weil_er bei den Partien geselligkeitsbedürftig_war und einen_Tanzpartner brauchte.",Wen traf Maria?,Wolfgang,Martin,er,er,F,3,NP2,Wolfgang,left,F,F,False,female,male,swapped,NP2-Causality
nonamb,1,103,NP1,NP1-Causality,er,er,"Jürgen verunsicherte Birgit, weil er seit langer Zeit einschüchternd war und die Regeln änderte.",Was tat Jürgen? (verunsicherte Birgit / umarmte Susanne),unnerved,StimExp,8.0,14.0,-0.82,70,peinigend,0.15,9.0,verunsicherte,0.05,9.0,18.75,"Jürgen verunsicherte Birgit,
weil_er seit langer Zeit einschüchternd_war und die_Regeln änderte.",Was tat Jürgen?,verunsicherte Birgit,umarmte Susanne,,,F,4,NP1,verunsicherte Birgit,left,F,F,False,male,female,original,NP1-Causality
nonamb,2,103,NP1,NP1-Causality,er,amb,"Jürgen verunsicherte Hans, weil er seit langer Zeit einschüchternd war und die Regeln änderte.",Was tat Jürgen? (verunsicherte Hans / verspottete Renate),unnerved,StimExp,8.0,14.0,-0.82,70,peinigend,0.15,9.0,verunsicherte,0.05,9.0,18.75,"Jürgen verunsicherte Hans,
weil_er seit langer Zeit einschüchternd_war und die_Regeln änderte.",Was tat Jürgen?,verunsicherte Hans,verspottete Renate,,,F,4,NP1,verunsicherte Hans,left,F,F,False,male,male,both_male,NP1-Causality
nonamb,3,103,NP1,NP1-Causality,sie,amb,"Petra verunsicherte Birgit, weil sie seit langer Zeit einschüchternd war und die Regeln änderte.",Was tat Petra? (verunsicherte Birgit / verzückte Nicole),unnerved,StimExp,8.0,14.0,-0.82,70,peinigend,0.15,9.0,verunsicherte,0.05,9.0,18.75,"Petra verunsicherte Birgit,
weil_sie seit langer Zeit einschüchternd_war und die_Regeln änderte.",Was tat Petra?,verunsicherte Birgit,verzückte Nicole,,,F,4,NP1,verunsicherte Birgit,left,F,F,False,female,female,both_female,NP1-Causality
nonamb,4,103,NP1,NP1-Causality,sie,sie,"Petra verunsicherte Hans, weil sie seit langer Zeit einschüchternd war und die Regeln änderte.",Was tat Petra? (verunsicherte Hans / verachtete Julia),unnerved,StimExp,8.0,14.0,-0.82,70,peinigend,0.15,9.0,verunsicherte,0.05,9.0,18.75,"Petra verunsicherte Hans,
weil_sie seit langer Zeit einschüchternd_war und die_Regeln änderte.",Was tat Petra?,verunsicherte Hans,verachtete Julia,,,F,4,NP1,verunsicherte Hans,left,F,F,False,female,male,swapped,NP1-Causality
nonamb,5,103,NP1,NP2-Causality,sie,sie,"Jürgen verunsicherte Birgit, weil sie seit langer Zeit eingeschüchtert war und jede Antwort vergaß.",Was tat Jürgen? (verunsicherte Birgit / unterbrach David),unnerved,StimExp,8.0,14.0,-0.82,70,geschwächt,6.81,10.0,verunsicherte,0.05,9.0,18.75,"Jürgen verunsicherte Birgit,
weil_sie seit langer Zeit eingeschüchtert_war und jede_Antwort vergaß.",Was tat Jürgen?,verunsicherte Birgit,unterbrach David,,,F,4,NP2,verunsicherte Birgit,left,F,F,False,male,female,original,NP2-Causality
nonamb,6,103,NP1,NP2-Causality,er,amb,"Jürgen verunsicherte Hans, weil er seit langer Zeit eingeschüchtert war und jede Antwort vergaß.",Was tat Jürgen? (verunsicherte Hans / umging Melanie),unnerved,StimExp,8.0,14.0,-0.82,70,geschwächt,6.81,10.0,verunsicherte,0.05,9.0,18.75,"Jürgen verunsicherte Hans,
weil_er seit langer Zeit eingeschüchtert_war und jede_Antwort vergaß.",Was tat Jürgen?,verunsicherte Hans,umging Melanie,,,F,4,NP2,verunsicherte Hans,left,F,F,False,male,male,both_male,NP2-Causality
nonamb,7,103,NP1,NP2-Causality,sie,amb,"Petra verunsicherte Birgit, weil sie seit langer Zeit eingeschüchtert war und jede Antwort vergaß.",Was tat Petra? (verunsicherte Birgit / frustrierte Daniela),unnerved,StimExp,8.0,14.0,-0.82,70,geschwächt,6.81,10.0,verunsicherte,0.05,9.0,18.75,"Petra verunsicherte Birgit,
weil_sie seit langer Zeit eingeschüchtert_war und jede_Antwort vergaß.",Was tat Petra?,verunsicherte Birgit,frustrierte Daniela,,,F,4,NP2,verunsicherte Birgit,left,F,F,False,female,female,both_female,NP2-Causality
nonamb,8,103,NP1,NP2-Causality,er,er,"Petra verunsicherte Hans, weil er seit langer Zeit eingeschüchtert war und jede Antwort vergaß.",Was tat Petra? (verunsicherte Hans / lobte Julia),unnerved,StimExp,8.0,14.0,-0.82,70,geschwächt,6.81,10.0,verunsicherte,0.05,9.0,18.75,"Petra verunsicherte Hans,
weil_er seit langer Zeit eingeschüchtert_war und jede_Antwort vergaß.",Was tat Petra?,verunsicherte Hans,lobte Julia,,,F,4,NP2,verunsicherte Hans,left,F,F,False,female,male,swapped,NP2-Causality
nonamb,1,104,NP2,NP1-Causality,er,er,"David versohlte Katharina, weil er zu jeder Zeit impulsiv war und die Beherrschung verlor.",Was tat David? (versohlte Katharina / beschämte Katharina),spanked,AgP,7.0,6.0,-1.64,-72,überlegen,40.21,9.0,versohlte,0.01,9.0,31.25,"David versohlte Katharina,
weil_er zu jeder Zeit impulsiv_war und die_Beherrschung verlor.",Was tat David?,versohlte Katharina,beschämte Katharina,,,F,4,NP1,versohlte Katharina,left,F,F,False,male,female,original,NP1-Causality
nonamb,2,104,NP2,NP1-Causality,er,amb,"David versohlte Thomas, weil er zu jeder Zeit impulsiv war und die Beherrschung verlor.",Was tat David? (versohlte Thomas / entsetzte Sarah),spanked,AgP,7.0,6.0,-1.64,-72,überlegen,40.21,9.0,versohlte,0.01,9.0,31.25,"David versohlte Thomas,
weil_er zu jeder Zeit impulsiv_war und die_Beherrschung verlor.",Was tat David?,versohlte Thomas,entsetzte Sarah,,,F,4,NP1,versohlte Thomas,left,F,F,False,male,male,both_male,NP1-Causality
nonamb,3,104,NP2,NP1-Causality,sie,amb,"Nicole versohlte Katharina, weil sie zu jeder Zeit impulsiv war und die Beherrschung verlor.",Was tat Nicole? (versohlte Katharina / unterbrach Julia),spanked,AgP,7.0,6.0,-1.64,-72,überlegen,40.21,9.0,versohlte,0.01,9.0,31.25,"Nicole versohlte Katharina,
weil_sie zu jeder Zeit impulsiv_war und die_Beherrschung verlor.",Was tat Nicole?,versohlte Katharina,unterbrach Julia,,,F,4,NP1,versohlte Katharina,left,F,F,False,female,female,both_female,NP1-Causality
nonamb,4,104,NP2,NP1-Causality,sie,sie,"Nicole versohlte Thomas, weil sie zu jeder Zeit impulsiv war und die Beherrschung verlor.",Was tat Nicole? (versohlte Thomas / verunsicherte Hans),spanked,AgP,7.0,6.0,-1.64,-72,überlegen,40.21,9.0,versohlte,0.01,9.0,31.25,"Nicole versohlte Thomas,
weil_sie zu jeder Zeit impulsiv_war und die_Beherrschung verlor.",Was tat Nicole?,versohlte Thomas,verunsicherte Hans,,,F,4,NP1,versohlte Thomas,left,F,F,False,female,male,swapped,NP1-Causality
nonamb,5,104,NP2,NP2-Causality,sie,sie,"David versohlte Katharina, weil sie zu jeder Zeit respektlos war und die Regeln missachtete.",Was tat David? (versohlte Katharina / begeisterte Thomas),spanked,AgP,7.0,6.0,-1.64,-72,ungezogen,0.32,9.0,versohlte,0.01,9.0,31.25,"David versohlte Katharina,
weil_sie zu jeder Zeit respektlos_war und die_Regeln missachtete.",Was tat David?,versohlte Katharina,begeisterte Thomas,,,F,4,NP2,versohlte Katharina,left,F,F,False,male,female,original,NP2-Causality
nonamb,6,104,NP2,NP2-Causality,er,amb,"David versohlte Thomas, weil er zu jeder Zeit respektlos war und die Regeln missachtete.",Was tat David? (versohlte Thomas / bezauberte Paul),spanked,AgP,7.0,6.0,-1.64,-72,ungezogen,0.32,9.0,versohlte,0.01,9.0,31.25,"David versohlte Thomas,
weil_er zu jeder Zeit respektlos_war und die_Regeln missachtete.",Was tat David?,versohlte Thomas,bezauberte Paul,,,F,4,NP2,versohlte Thomas,left,F,F,False,male,male,both_male,NP2-Causality
nonamb,7,104,NP2,NP2-Causality,sie,amb,"Nicole versohlte Katharina, weil sie zu jeder Zeit respektlos war und die Regeln missachtete.",Was tat Nicole? (versohlte Katharina / beneidete Barbara),spanked,AgP,7.0,6.0,-1.64,-72,ungezogen,0.32,9.0,versohlte,0.01,9.0,31.25,"Nicole versohlte Katharina,
weil_sie zu jeder Zeit respektlos_war und die_Regeln missachtete.",Was tat Nicole?,versohlte Katharina,beneidete Barbara,,,F,4,NP2,versohlte Katharina,left,F,F,False,female,female,both_female,NP2-Causality
nonamb,8,104,NP2,NP2-Causality,er,er,"Nicole versohlte Thomas, weil er zu jeder Zeit respektlos war und die Regeln missachtete.",Was tat Nicole? (versohlte Thomas / bestrafte Laura),spanked,AgP,7.0,6.0,-1.64,-72,ungezogen,0.32,9.0,versohlte,0.01,9.0,31.25,"Nicole versohlte Thomas,
weil_er zu jeder Zeit respektlos_war und die_Regeln missachtete.",Was tat Nicole?,versohlte Thomas,bestrafte Laura,,,F,4,NP2,versohlte Thomas,left,F,F,False,female,male,swapped,NP2-Causality
nonamb,1,105,neutral,NP1-Causality,er,er,"Alexander rammte Anna, weil er in dem Moment angespannt war und den Wurf verpatzte.",Wann war er angespannt? (in dem Moment / am späten Abend),struck,AgP,6.0,202.0,-1.45,-8,weggedrängt,0.04,11.0,rammte,22.69,4.0,37.5,"Alexander rammte Anna,
weil_er in dem Moment angespannt_war und den_Wurf verpatzte.",Wann war er angespannt?,in dem Moment,am späten Abend,,,F,5,NP1,in dem Moment,left,F,F,False,male,female,original,NP1-Causality
nonamb,2,105,neutral,NP1-Causality,er,amb,"Alexander rammte Philipp, weil er in dem Moment angespannt war und den Wurf verpatzte.",Wann war er angespannt? (in dem Moment / am späten Abend),struck,AgP,6.0,202.0,-1.45,-8,weggedrängt,0.04,11.0,rammte,22.69,4.0,37.5,"Alexander rammte Philipp,
weil_er in dem Moment angespannt_war und den_Wurf verpatzte.",Wann war er angespannt?,in dem Moment,am späten Abend,,,F,5,NP1,in dem Moment,left,F,F,False,male,male,both_male,NP1-Causality
nonamb,3,105,neutral,NP1-Causality,sie,amb,"Renate rammte Anna, weil sie in dem Moment angespannt war und den Wurf verpatzte.",Wann war sie angespannt? (in dem Moment / am späten Abend),struck,AgP,6.0,202.0,-1.45,-8,weggedrängt,0.04,11.0,rammte,22.69,4.0,37.5,"Renate rammte Anna,
weil_sie in dem Moment angespannt_war und den_Wurf verpatzte.",Wann war sie angespannt?,in dem Moment,am späten Abend,,,F,5,NP1,in dem Moment,left,F,F,False,female,female,both_female,NP1-Causality
nonamb,4,105,neutral,NP1-Causality,sie,sie,"Renate rammte Philipp, weil sie in dem Moment angespannt war und den Wurf verpatzte.",Wann war sie angespannt? (in dem Moment / am späten Abend),struck,AgP,6.0,202.0,-1.45,-8,weggedrängt,0.04,11.0,rammte,22.69,4.0,37.5,"Renate rammte Philipp,
weil_sie in dem Moment angespannt_war und den_Wurf verpatzte.",Wann war sie angespannt?,in dem Moment,am späten Abend,,,F,5,NP1,in dem Moment,left,F,F,False,female,male,swapped,NP1-Causality
nonamb,5,105,neutral,NP2-Causality,sie,sie,"Alexander rammte Anna, weil sie in dem Moment abgelenkt war und eine Nachricht tippte.",Wann war sie abgelenkt? (in dem Moment / am späten Abend),struck,AgP,6.0,202.0,-1.45,-8,im Weg,18.89,5.0,rammte,22.69,4.0,37.5,"Alexander rammte Anna,
weil_sie in dem Moment abgelenkt_war und eine_Nachricht tippte.",Wann war sie abgelenkt?,in dem Moment,am späten Abend,,,F,5,NP2,in dem Moment,left,F,F,False,male,female,original,NP2-Causality
nonamb,6,105,neutral,NP2-Causality,er,amb,"Alexander rammte Philipp, weil er in dem Moment abgelenkt war und eine Nachricht tippte.",Wann war er abgelenkt? (in dem Moment / am späten Abend),struck,AgP,6.0,202.0,-1.45,-8,im Weg,18.89,5.0,rammte,22.69,4.0,37.5,"Alexander rammte Philipp,
weil_er in dem Moment abgelenkt_war und eine_Nachricht tippte.",Wann war er abgelenkt?,in dem Moment,am späten Abend,,,F,5,NP2,in dem Moment,left,F,F,False,male,male,both_male,NP2-Causality
nonamb,7,105,neutral,NP2-Causality,sie,amb,"Renate rammte Anna, weil sie in dem Moment abgelenkt war und eine Nachricht tippte.",Wann war sie abgelenkt? (in dem Moment / am späten Abend),struck,AgP,6.0,202.0,-1.45,-8,im Weg,18.89,5.0,rammte,22.69,4.0,37.5,"Renate rammte Anna,
weil_sie in dem Moment abgelenkt_war und eine_Nachricht tippte.",Wann war sie abgelenkt?,in dem Moment,am späten Abend,,,F,5,NP2,in dem Moment,left,F,F,False,female,female,both_female,NP2-Causality
nonamb,8,105,neutral,NP2-Causality,er,er,"Renate rammte Philipp, weil er in dem Moment abgelenkt war und eine Nachricht tippte.",Wann war er abgelenkt? (in dem Moment / am späten Abend),struck,AgP,6.0,202.0,-1.45,-8,im Weg,18.89,5.0,rammte,22.69,4.0,37.5,"Renate rammte Philipp,
weil_er in dem Moment abgelenkt_war und eine_Nachricht tippte.",Wann war er abgelenkt?,in dem Moment,am späten Abend,,,F,5,NP2,in dem Moment,left,F,F,False,female,male,swapped,NP2-Causality
nonamb,1,106,NP1,NP1-Causality,er,er,"Andreas entschädigte Eva, weil er in dem Moment schuldig war und den Schaden verursachte.",Wen entschädigte Andreas? (Eva / Melanie),apologized to,AgEvo,10.0,57.0,0.0,93,schuldbewusst,0.12,13.0,entschädigte,1.24,13.0,37.5,"Andreas entschädigte Eva,
weil_er in dem Moment schuldig_war und den_Schaden verursachte.",Wen entschädigte Andreas?,Eva,Melanie,sie,sie,F,3,NP1,Eva,left,F,F,False,male,female,original,NP1-Causality
nonamb,2,106,NP1,NP1-Causality,er,amb,"Andreas entschädigte Florian, weil er in dem Moment schuldig war und den Schaden verursachte.",Wen entschädigte Andreas? (Florian / Stefan),apologized to,AgEvo,10.0,57.0,0.0,93,schuldbewusst,0.12,13.0,entschädigte,1.24,13.0,37.5,"Andreas entschädigte Florian,
weil_er in dem Moment schuldig_war und den_Schaden verursachte.",Wen entschädigte Andreas?,Florian,Stefan,er,er,F,3,NP1,Florian,left,F,F,False,male,male,both_male,NP1-Causality
nonamb,3,106,NP1,NP1-Causality,sie,amb,"Barbara entschädigte Eva, weil sie in dem Moment schuldig war und den Schaden verursachte.",Wen entschädigte Barbara? (Eva / Claudia),apologized to,AgEvo,10.0,57.0,0.0,93,schuldbewusst,0.12,13.0,entschädigte,1.24,13.0,37.5,"Barbara entschädigte Eva,
weil_sie in dem Moment schuldig_war und den_Schaden verursachte.",Wen entschädigte Barbara?,Eva,Claudia,sie,sie,F,3,NP1,Eva,left,F,F,False,female,female,both_female,NP1-Causality
nonamb,4,106,NP1,NP1-Causality,sie,sie,"Barbara entschädigte Florian, weil sie in dem Moment schuldig war und den Schaden verursachte.",Wen entschädigte Barbara? (Florian / Peter),apologized to,AgEvo,10.0,57.0,0.0,93,schuldbewusst,0.12,13.0,entschädigte,1.24,13.0,37.5,"Barbara entschädigte Florian,
weil_sie in dem Moment schuldig_war und den_Schaden verursachte.",Wen entschädigte Barbara?,Florian,Peter,er,er,F,3,NP1,Florian,left,F,F,False,female,male,swapped,NP1-Causality
nonamb,5,106,NP1,NP2-Causality,sie,sie,"Andreas entschädigte Eva, weil sie in dem Moment benachteiligt war und einen Verlust erlitt.",Wen entschädigte Andreas? (Eva / Maria),apologized to,AgEvo,10.0,57.0,0.0,93,verletzt,50.64,8.0,entschädigte,1.24,13.0,37.5,"Andreas entschädigte Eva,
weil_sie in dem Moment benachteiligt_war und einen_Verlust erlitt.",Wen entschädigte Andreas?,Eva,Maria,sie,sie,F,3,NP2,Eva,left,F,F,False,male,female,original,NP2-Causality
nonamb,6,106,NP1,NP2-Causality,er,amb,"Andreas entschädigte Florian, weil er in dem Moment benachteiligt war und einen Verlust erlitt.",Wen entschädigte Andreas? (Florian / Paul),apologized to,AgEvo,10.0,57.0,0.0,93,verletzt,50.64,8.0,entschädigte,1.24,13.0,37.5,"Andreas entschädigte Florian,
weil_er in dem Moment benachteiligt_war und einen_Verlust erlitt.",Wen entschädigte Andreas?,Florian,Paul,er,er,F,3,NP2,Florian,left,F,F,False,male,male,both_male,NP2-Causality
nonamb,7,106,NP1,NP2-Causality,sie,amb,"Barbara entschädigte Eva, weil sie in dem Moment benachteiligt war und einen Verlust erlitt.",Wen entschädigte Barbara? (Eva / Renate),apologized to,AgEvo,10.0,57.0,0.0,93,verletzt,50.64,8.0,entschädigte,1.24,13.0,37.5,"Barbara entschädigte Eva,
weil_sie in dem Moment benachteiligt_war und einen_Verlust erlitt.",Wen entschädigte Barbara?,Eva,Renate,sie,sie,F,3,NP2,Eva,left,F,F,False,female,female,both_female,NP2-Causality
nonamb,8,106,NP1,NP2-Causality,er,er,"Barbara entschädigte Florian, weil er in dem Moment benachteiligt war und einen Verlust erlitt.",Wen entschädigte Barbara? (Florian / Klaus),apologized to,AgEvo,10.0,57.0,0.0,93,verletzt,50.64,8.0,entschädigte,1.24,13.0,37.5,"Barbara entschädigte Florian,
weil_er in dem Moment benachteiligt_war und einen_Verlust erlitt.",Wen entschädigte Barbara?,Florian,Klaus,er,er,F,3,NP2,Florian,left,F,F,False,female,male,swapped,NP2-Causality
nonamb,1,107,NP2,NP1-Causality,er,er,"Sebastian trug Lena, weil er an den Nachmittagen fit war und die Kraft hatte.",Wann war er fit? (an den Nachmittagen / bei der Aufgabe),carried,AgP,7.0,0.0,0.09,-92,kräftig,31.54,7.0,trug,22.4,4.0,68.75,"Sebastian trug Lena,
weil_er an den Nachmittagen fit_war und die_Kraft hatte.",Wann war er fit?,an den Nachmittagen,bei der Aufgabe,,,F,5,NP1,an den Nachmittagen,left,F,F,False,male,female,original,NP1-Causality
nonamb,2,107,NP2,NP1-Causality,er,amb,"Sebastian trug Christian, weil er an den Nachmittagen fit war und die Kraft hatte.",Wann war er fit? (an den Nachmittagen / bei der Aufgabe),carried,AgP,7.0,0.0,0.09,-92,kräftig,31.54,7.0,trug,22.4,4.0,68.75,"Sebastian trug Christian,
weil_er an den Nachmittagen fit_war und die_Kraft hatte.",Wann war er fit?,an den Nachmittagen,bei der Aufgabe,,,F,5,NP1,an den Nachmittagen,left,F,F,False,male,male,both_male,NP1-Causality
nonamb,3,107,NP2,NP1-Causality,sie,amb,"Susanne trug Lena, weil sie an den Nachmittagen fit war und die Kraft hatte.",Wann war sie fit? (an den Nachmittagen / bei der Aufgabe),carried,AgP,7.0,0.0,0.09,-92,kräftig,31.54,7.0,trug,22.4,4.0,68.75,"Susanne trug Lena,
weil_sie an den Nachmittagen fit_war und die_Kraft hatte.",Wann war sie fit?,an den Nachmittagen,bei der Aufgabe,,,F,5,NP1,an den Nachmittagen,left,F,F,False,female,female,both_female,NP1-Causality
nonamb,4,107,NP2,NP1-Causality,sie,sie,"Susanne trug Christian, weil sie an den Nachmittagen fit war und die Kraft hatte.",Wann war sie fit? (an den Nachmittagen / bei der Aufgabe),carried,AgP,7.0,0.0,0.09,-92,kräftig,31.54,7.0,trug,22.4,4.0,68.75,"Susanne trug Christian,
weil_sie an den Nachmittagen fit_war und die_Kraft hatte.",Wann war sie fit?,an den Nachmittagen,bei der Aufgabe,,,F,5,NP1,an den Nachmittagen,left,F,F,False,female,male,swapped,NP1-Causality
nonamb,5,107,NP2,NP2-Causality,sie,sie,"Sebastian trug Lena, weil sie an den Nachmittagen erschöpft war und die Stabilität verlor.",Wann war sie erschöpft? (an den Nachmittagen / bei der Aufgabe),carried,AgP,7.0,0.0,0.09,-92,erschöpft,10.12,9.0,trug,22.4,4.0,68.75,"Sebastian trug Lena,
weil_sie an den Nachmittagen erschöpft_war und die_Stabilität verlor.",Wann war sie erschöpft?,an den Nachmittagen,bei der Aufgabe,,,F,5,NP2,an den Nachmittagen,left,F,F,False,male,female,original,NP2-Causality
nonamb,6,107,NP2,NP2-Causality,er,amb,"Sebastian trug Christian, weil er an den Nachmittagen erschöpft war und die Stabilität verlor.",Wann war er erschöpft? (an den Nachmittagen / bei der Aufgabe),carried,AgP,7.0,0.0,0.09,-92,erschöpft,10.12,9.0,trug,22.4,4.0,68.75,"Sebastian trug Christian,
weil_er an den Nachmittagen erschöpft_war und die_Stabilität verlor.",Wann war er erschöpft?,an den Nachmittagen,bei der Aufgabe,,,F,5,NP2,an den Nachmittagen,left,F,F,False,male,male,both_male,NP2-Causality
nonamb,7,107,NP2,NP2-Causality,sie,amb,"Susanne trug Lena, weil sie an den Nachmittagen erschöpft war und die Stabilität verlor.",Wann war sie erschöpft? (an den Nachmittagen / bei der Aufgabe),carried,AgP,7.0,0.0,0.09,-92,erschöpft,10.12,9.0,trug,22.4,4.0,68.75,"Susanne trug Lena,
weil_sie an den Nachmittagen erschöpft_war und die_Stabilität verlor.",Wann war sie erschöpft?,an den Nachmittagen,bei der Aufgabe,,,F,5,NP2,an den Nachmittagen,left,F,F,False,female,female,both_female,NP2-Causality
nonamb,8,107,NP2,NP2-Causality,er,er,"Susanne trug Christian, weil er an den Nachmittagen erschöpft war und die Stabilität verlor.",Wann war er erschöpft? (an den Nachmittagen / bei der Aufgabe),carried,AgP,7.0,0.0,0.09,-92,erschöpft,10.12,9.0,trug,22.4,4.0,68.75,"Susanne trug Christian,
weil_er an den Nachmittagen erschöpft_war und die_Stabilität verlor.",Wann war er erschöpft?,an den Nachmittagen,bei der Aufgabe,,,F,5,NP2,an den Nachmittagen,left,F,F,False,female,male,swapped,NP2-Causality
nonamb,1,108,neutral,NP1-Causality,er,er,"Daniel fragte Nina, weil er bei der Aufgabe uninformiert war und die Lösung suchte.",Wann war er uninformiert? (bei der Aufgabe / am frühen Abend),consulted,AgP,9.0,68.0,0.36,13,unsicher,14.66,8.0,fragte,37.95,6.0,68.75,"Daniel fragte Nina,
weil_er bei der Aufgabe uninformiert_war und die_Lösung suchte.",Wann war er uninformiert?,bei der Aufgabe,am frühen Abend,,,F,5,NP1,bei der Aufgabe,left,F,F,False,male,female,original,NP1-Causality
nonamb,2,108,neutral,NP1-Causality,er,amb,"Daniel fragte Karl, weil er bei der Aufgabe uninformiert war und die Lösung suchte.",Wann war er uninformiert? (bei der Aufgabe / am frühen Abend),consulted,AgP,9.0,68.0,0.36,13,unsicher,14.66,8.0,fragte,37.95,6.0,68.75,"Daniel fragte Karl,
weil_er bei der Aufgabe uninformiert_war und die_Lösung suchte.",Wann war er uninformiert?,bei der Aufgabe,am frühen Abend,,,F,5,NP1,bei der Aufgabe,left,F,F,False,male,male,both_male,NP1-Causality
nonamb,3,108,neutral,NP1-Causality,sie,amb,"Julia fragte Nina, weil sie bei der Aufgabe uninformiert war und die Lösung suchte.",Wann war sie uninformiert? (bei der Aufgabe / am frühen Abend),consulted,AgP,9.0,68.0,0.36,13,unsicher,14.66,8.0,fragte,37.95,6.0,68.75,"Julia fragte Nina,
weil_sie bei der Aufgabe uninformiert_war und die_Lösung suchte.",Wann war sie uninformiert?,bei der Aufgabe,am frühen Abend,,,F,5,NP1,bei der Aufgabe,left,F,F,False,female,female,both_female,NP1-Causality
nonamb,4,108,neutral,NP1-Causality,sie,sie,"Julia fragte Karl, weil sie bei der Aufgabe uninformiert war und die Lösung suchte.",Wann war sie uninformiert? (bei der Aufgabe / am frühen Abend),consulted,AgP,9.0,68.0,0.36,13,unsicher,14.66,8.0,fragte,37.95,6.0,68.75,"Julia fragte Karl,
weil_sie bei der Aufgabe uninformiert_war und die_Lösung suchte.",Wann war sie uninformiert?,bei der Aufgabe,am frühen Abend,,,F,5,NP1,bei der Aufgabe,left,F,F,False,female,male,swapped,NP1-Causality
nonamb,5,108,neutral,NP2-Causality,sie,sie,"Daniel fragte Nina, weil sie bei der Aufgabe informiert war und die Details kannte.",Wann war sie informiert? (bei der Aufgabe / am frühen Abend),consulted,AgP,9.0,68.0,0.36,13,belesen,0.59,7.0,fragte,37.95,6.0,68.75,"Daniel fragte Nina,
weil_sie bei der Aufgabe informiert_war und die_Details kannte.",Wann war sie informiert?,bei der Aufgabe,am frühen Abend,,,F,5,NP2,bei der Aufgabe,left,F,F,False,male,female,original,NP2-Causality
nonamb,6,108,neutral,NP2-Causality,er,amb,"Daniel fragte Karl, weil er bei der Aufgabe informiert war und die Details kannte.",Wann war er informiert? (bei der Aufgabe / am frühen Abend),consulted,AgP,9.0,68.0,0.36,13,belesen,0.59,7.0,fragte,37.95,6.0,68.75,"Daniel fragte Karl,
weil_er bei der Aufgabe informiert_war und die_Details kannte.",Wann war er informiert?,bei der Aufgabe,am frühen Abend,,,F,5,NP2,bei der Aufgabe,left,F,F,False,male,male,both_male,NP2-Causality
nonamb,7,108,neutral,NP2-Causality,sie,amb,"Julia fragte Nina, weil sie bei der Aufgabe informiert war und die Details kannte.",Wann war sie informiert? (bei der Aufgabe / am frühen Abend),consulted,AgP,9.0,68.0,0.36,13,belesen,0.59,7.0,fragte,37.95,6.0,68.75,"Julia fragte Nina,
weil_sie bei der Aufgabe informiert_war und die_Details kannte.",Wann war sie informiert?,bei der Aufgabe,am frühen Abend,,,F,5,NP2,bei der Aufgabe,left,F,F,False,female,female,both_female,NP2-Causality
nonamb,8,108,neutral,NP2-Causality,er,er,"Julia fragte Karl, weil er bei der Aufgabe informiert war und die Details kannte.",Wann war er informiert? (bei der Aufgabe / am frühen Abend),consulted,AgP,9.0,68.0,0.36,13,belesen,0.59,7.0,fragte,37.95,6.0,68.75,"Julia fragte Karl,
weil_er bei der Aufgabe informiert_war und die_Details kannte.",Wann war er informiert?,bei der Aufgabe,am frühen Abend,,,F,5,NP2,bei der Aufgabe,left,F,F,False,female,male,swapped,NP2-Causality
nonamb,1,109,NP1,NP1-Causality,er,er,"Paul beunruhigte Claudia, weil er in der Situation abweisend war und die Fragen mied.",Was mied er? (die Fragen / den Weg),concerned,StimExp,9.0,36.0,-1.0,81,ungewaschen,0.34,11.0,beunruhigte,0.91,6.0,56.25,"Paul beunruhigte Claudia,
weil_er in der Situation abweisend_war und die_Fragen mied.",Was mied er?,die Fragen,den Weg,,,F,6,NP1,die Fragen,left,F,F,False,male,female,original,NP1-Causality
nonamb,2,109,NP1,NP1-Causality,er,amb,"Paul beunruhigte Stefan, weil er in der Situation abweisend war und die Fragen mied.",Was mied er? (die Fragen / den Weg),concerned,StimExp,9.0,36.0,-1.0,81,ungewaschen,0.34,11.0,beunruhigte,0.91,6.0,56.25,"Paul beunruhigte Stefan,
weil_er in der Situation abweisend_war und die_Fragen mied.",Was mied er?,die Fragen,den Weg,,,F,6,NP1,die Fragen,left,F,F,False,male,male,both_male,NP1-Causality
nonamb,3,109,NP1,NP1-Causality,sie,amb,"Monika beunruhigte Claudia, weil sie in der Situation abweisend war und die Fragen mied.",Was mied sie? (die Fragen / den Weg),concerned,StimExp,9.0,36.0,-1.0,81,ungewaschen,0.34,11.0,beunruhigte,0.91,6.0,56.25,"Monika beunruhigte Claudia,
weil_sie in der Situation abweisend_war und die_Fragen mied.",Was mied sie?,die Fragen,den Weg,,,F,6,NP1,die Fragen,left,F,F,False,female,female,both_female,NP1-Causality
nonamb,4,109,NP1,NP1-Causality,sie,sie,"Monika beunruhigte Stefan, weil sie in der Situation abweisend war und die Fragen mied.",Was mied sie? (die Fragen / den Weg),concerned,StimExp,9.0,36.0,-1.0,81,ungewaschen,0.34,11.0,beunruhigte,0.91,6.0,56.25,"Monika beunruhigte Stefan,
weil_sie in der Situation abweisend_war und die_Fragen mied.",Was mied sie?,die Fragen,den Weg,,,F,6,NP1,die Fragen,left,F,F,False,female,male,swapped,NP1-Causality
nonamb,5,109,NP1,NP2-Causality,sie,sie,"Paul beunruhigte Claudia, weil sie in der Situation alarmiert war und die Anzeichen sah.",Was sah sie? (die Anzeichen / den Weg),concerned,StimExp,9.0,36.0,-1.0,81,beauftragt,19.9,10.0,beunruhigte,0.91,6.0,56.25,"Paul beunruhigte Claudia,
weil_sie in der Situation alarmiert_war und die_Anzeichen sah.",Was sah sie?,die Anzeichen,den Weg,,,F,6,NP2,die Anzeichen,left,F,F,False,male,female,original,NP2-Causality
nonamb,6,109,NP1,NP2-Causality,er,amb,"Paul beunruhigte Stefan, weil er in der Situation alarmiert war und die Anzeichen sah.",Was sah er? (die Anzeichen / den Weg),concerned,StimExp,9.0,36.0,-1.0,81,beauftragt,19.9,10.0,beunruhigte,0.91,6.0,56.25,"Paul beunruhigte Stefan,
weil_er in der Situation alarmiert_war und die_Anzeichen sah.",Was sah er?,die Anzeichen,den Weg,,,F,6,NP2,die Anzeichen,left,F,F,False,male,male,both_male,NP2-Causality
nonamb,7,109,NP1,NP2-Causality,sie,amb,"Monika beunruhigte Claudia, weil sie in der Situation alarmiert war und die Anzeichen sah.",Was sah sie? (die Anzeichen / den Weg),concerned,StimExp,9.0,36.0,-1.0,81,beauftragt,19.9,10.0,beunruhigte,0.91,6.0,56.25,"Monika beunruhigte Claudia,
weil_sie in der Situation alarmiert_war und die_Anzeichen sah.",Was sah sie?,die Anzeichen,den Weg,,,F,6,NP2,die Anzeichen,left,F,F,False,female,female,both_female,NP2-Causality
nonamb,8,109,NP1,NP2-Causality,er,er,"Monika beunruhigte Stefan, weil er in der Situation alarmiert war und die Anzeichen sah.",Was sah er? (die Anzeichen / den Weg),concerned,StimExp,9.0,36.0,-1.0,81,beauftragt,19.9,10.0,beunruhigte,0.91,6.0,56.25,"Monika beunruhigte Stefan,
weil_er in der Situation alarmiert_war und die_Anzeichen sah.",Was sah er?,die Anzeichen,den Weg,,,F,6,NP2,die Anzeichen,left,F,F,False,female,male,swapped,NP2-Causality
nonamb,1,111,neutral,NP1-Causality,er,er,"Matthias erleuchtete Martina, weil er auf der Reise weise war und das Problem erklärte.",Wann war er weise? (auf der Reise / in der Session),enlightened,StimExp,11.0,2.0,1.0,0,ernst,91.97,5.0,erleuchtete,1.24,11.0,100.0,"Matthias erleuchtete Martina,
weil_er auf der Reise weise_war und das_Problem erklärte.",Wann war er weise?,auf der Reise,in der Session,,,F,5,NP1,auf der Reise,left,F,F,False,male,female,original,NP1-Causality
nonamb,2,111,neutral,NP1-Causality,er,amb,"Matthias erleuchtete Frank, weil er auf der Reise weise war und das Problem erklärte.",Wann war er weise? (auf der Reise / in der Session),enlightened,StimExp,11.0,2.0,1.0,0,ernst,91.97,5.0,erleuchtete,1.24,11.0,100.0,"Matthias erleuchtete Frank,
weil_er auf der Reise weise_war und das_Problem erklärte.",Wann war er weise?,auf der Reise,in der Session,,,F,5,NP1,auf der Reise,left,F,F,False,male,male,both_male,NP1-Causality
nonamb,3,111,neutral,NP1-Causality,sie,amb,"Sarah erleuchtete Martina, weil sie auf der Reise weise war und das Problem erklärte.",Wann war sie weise? (auf der Reise / in der Session),enlightened,StimExp,11.0,2.0,1.0,0,ernst,91.97,5.0,erleuchtete,1.24,11.0,100.0,"Sarah erleuchtete Martina,
weil_sie auf der Reise weise_war und das_Problem erklärte.",Wann war sie weise?,auf der Reise,in der Session,,,F,5,NP1,auf der Reise,left,F,F,False,female,female,both_female,NP1-Causality
nonamb,4,111,neutral,NP1-Causality,sie,sie,"Sarah erleuchtete Frank, weil sie auf der Reise weise war und das Problem erklärte.",Wann war sie weise? (auf der Reise / in der Session),enlightened,StimExp,11.0,2.0,1.0,0,ernst,91.97,5.0,erleuchtete,1.24,11.0,100.0,"Sarah erleuchtete Frank,
weil_sie auf der Reise weise_war und das_Problem erklärte.",Wann war sie weise?,auf der Reise,in der Session,,,F,5,NP1,auf der Reise,left,F,F,False,female,male,swapped,NP1-Causality
nonamb,5,111,neutral,NP2-Causality,sie,sie,"Matthias erleuchtete Martina, weil sie auf der Reise ahnungslos war und den Weg verlor.",Wann war sie ahnungslos? (auf der Reise / in der Session),enlightened,StimExp,11.0,2.0,1.0,0,ehrlich,33.7,7.0,erleuchtete,1.24,11.0,100.0,"Matthias erleuchtete Martina,
weil_sie auf der Reise ahnungslos_war und den_Weg verlor.",Wann war sie ahnungslos?,auf der Reise,in der Session,,,F,5,NP2,auf der Reise,left,F,F,False,male,female,original,NP2-Causality
nonamb,6,111,neutral,NP2-Causality,er,amb,"Matthias erleuchtete Frank, weil er auf der Reise ahnungslos war und den Weg verlor.",Wann war er ahnungslos? (auf der Reise / in der Session),enlightened,StimExp,11.0,2.0,1.0,0,ehrlich,33.7,7.0,erleuchtete,1.24,11.0,100.0,"Matthias erleuchtete Frank,
weil_er auf der Reise ahnungslos_war und den_Weg verlor.",Wann war er ahnungslos?,auf der Reise,in der Session,,,F,5,NP2,auf der Reise,left,F,F,False,male,male,both_male,NP2-Causality
nonamb,7,111,neutral,NP2-Causality,sie,amb,"Sarah erleuchtete Martina, weil sie auf der Reise ahnungslos war und den Weg verlor.",Wann war sie ahnungslos? (auf der Reise / in der Session),enlightened,StimExp,11.0,2.0,1.0,0,ehrlich,33.7,7.0,erleuchtete,1.24,11.0,100.0,"Sarah erleuchtete Martina,
weil_sie auf der Reise ahnungslos_war und den_Weg verlor.",Wann war sie ahnungslos?,auf der Reise,in der Session,,,F,5,NP2,auf der Reise,left,F,F,False,female,female,both_female,NP2-Causality
nonamb,8,111,neutral,NP2-Causality,er,er,"Sarah erleuchtete Frank, weil er auf der Reise ahnungslos war und den Weg verlor.",Wann war er ahnungslos? (auf der Reise / in der Session),enlightened,StimExp,11.0,2.0,1.0,0,ehrlich,33.7,7.0,erleuchtete,1.24,11.0,100.0,"Sarah erleuchtete Frank,
weil_er auf der Reise ahnungslos_war und den_Weg verlor.",Wann war er ahnungslos?,auf der Reise,in der Session,,,F,5,NP2,auf der Reise,left,F,F,False,female,male,swapped,NP2-Causality
nonamb,1,112,NP1,NP1-Causality,er,er,"David verzückte Nicole, weil er bei dem Auftritt hinreißend war und die Zuschauer begeisterte.",Wer verzückte Nicole? (David / Uwe),entranced,StimExp,9.0,9.0,0.55,76,wunderschön,23.36,11.0,verzückte,0.07,9.0,50.0,"David verzückte Nicole,
weil_er bei dem Auftritt hinreißend_war und die_Zuschauer begeisterte.",Wer verzückte Nicole?,David,Uwe,er,er,F,2,NP1,David,left,F,F,False,male,female,original,NP1-Causality
nonamb,2,112,NP1,NP1-Causality,er,amb,"David verzückte Daniel, weil er bei dem Auftritt hinreißend war und die Zuschauer begeisterte.",Wer verzückte Daniel? (David / Julian),entranced,StimExp,9.0,9.0,0.55,76,wunderschön,23.36,11.0,verzückte,0.07,9.0,50.0,"David verzückte Daniel,
weil_er bei dem Auftritt hinreißend_war und die_Zuschauer begeisterte.",Wer verzückte Daniel?,David,Julian,er,er,F,2,NP1,David,left,F,F,False,male,male,both_male,NP1-Causality
nonamb,3,112,NP1,NP1-Causality,sie,amb,"Eva verzückte Nicole, weil sie bei dem Auftritt hinreißend war und die Zuschauer begeisterte.",Wer verzückte Nicole? (Eva / Nicole),entranced,StimExp,9.0,9.0,0.55,76,wunderschön,23.36,11.0,verzückte,0.07,9.0,50.0,"Eva verzückte Nicole,
weil_sie bei dem Auftritt hinreißend_war und die_Zuschauer begeisterte.",Wer verzückte Nicole?,Eva,Nicole,sie,sie,F,2,NP1,Eva,left,F,F,False,female,female,both_female,NP1-Causality
nonamb,4,112,NP1,NP1-Causality,sie,sie,"Eva verzückte Daniel, weil sie bei dem Auftritt hinreißend war und die Zuschauer begeisterte.",Wer verzückte Daniel? (Eva / Birgit),entranced,StimExp,9.0,9.0,0.55,76,wunderschön,23.36,11.0,verzückte,0.07,9.0,50.0,"Eva verzückte Daniel,
weil_sie bei dem Auftritt hinreißend_war und die_Zuschauer begeisterte.",Wer verzückte Daniel?,Eva,Birgit,sie,sie,F,2,NP1,Eva,left,F,F,False,female,male,swapped,NP1-Causality
nonamb,5,112,NP1,NP2-Causality,sie,sie,"David verzückte Nicole, weil sie bei dem Auftritt fasziniert war und die Choreografie bewunderte.",Wer verzückte Nicole? (David / Thomas),entranced,StimExp,9.0,9.0,0.55,76,überrascht,21.94,10.0,verzückte,0.07,9.0,50.0,"David verzückte Nicole,
weil_sie bei dem Auftritt fasziniert_war und die_Choreografie bewunderte.",Wer verzückte Nicole?,David,Thomas,er,er,F,2,NP2,David,left,F,F,False,male,female,original,NP2-Causality
nonamb,6,112,NP1,NP2-Causality,er,amb,"David verzückte Daniel, weil er bei dem Auftritt fasziniert war und die Choreografie bewunderte.",Wer verzückte Daniel? (David / Andreas),entranced,StimExp,9.0,9.0,0.55,76,überrascht,21.94,10.0,verzückte,0.07,9.0,50.0,"David verzückte Daniel,
weil_er bei dem Auftritt fasziniert_war und die_Choreografie bewunderte.",Wer verzückte Daniel?,David,Andreas,er,er,F,2,NP2,David,left,F,F,False,male,male,both_male,NP2-Causality
nonamb,7,112,NP1,NP2-Causality,sie,amb,"Eva verzückte Nicole, weil sie bei dem Auftritt fasziniert war und die Choreografie bewunderte.",Wer verzückte Nicole? (Eva / Renate),entranced,StimExp,9.0,9.0,0.55,76,überrascht,21.94,10.0,verzückte,0.07,9.0,50.0,"Eva verzückte Nicole,
weil_sie bei dem Auftritt fasziniert_war und die_Choreografie bewunderte.",Wer verzückte Nicole?,Eva,Renate,sie,sie,F,2,NP2,Eva,left,F,F,False,female,female,both_female,NP2-Causality
nonamb,8,112,NP1,NP2-Causality,er,er,"Eva verzückte Daniel, weil er bei dem Auftritt fasziniert war und die Choreografie bewunderte.",Wer verzückte Daniel? (Eva / Linda),entranced,StimExp,9.0,9.0,0.55,76,überrascht,21.94,10.0,verzückte,0.07,9.0,50.0,"Eva verzückte Daniel,
weil_er bei dem Auftritt fasziniert_war und die_Choreografie bewunderte.",Wer verzückte Daniel?,Eva,Linda,sie,sie,F,2,NP2,Eva,left,F,F,False,female,male,swapped,NP2-Causality
nonamb,1,113,NP2,NP1-Causality,er,er,"Paul fütterte Julia, weil er zu der Zeit pflichtbewusst war und die Verantwortung trug.",Wer war zu der Zeit pflichtbewusst? (Paul / Julia),fed,AgP,3.0,283.0,1.09,-85,fürsorglich,1.5,11.0,fütterte,0.32,8.0,87.5,"Paul fütterte Julia,
weil_er zu der Zeit pflichtbewusst_war und die_Verantwortung trug.",Wer war zu der Zeit pflichtbewusst?,Paul,Julia,er,sie,F,1,NP1,Paul,left,F,F,False,male,female,original,NP1-Causality
nonamb,2,113,NP2,NP1-Causality,er,amb,"Paul fütterte Matthias, weil er zu der Zeit pflichtbewusst war und die Verantwortung trug.",Wer war zu der Zeit pflichtbewusst? (Paul / Matthias),fed,AgP,3.0,283.0,1.09,-85,fürsorglich,1.5,11.0,fütterte,0.32,8.0,87.5,"Paul fütterte Matthias,
weil_er zu der Zeit pflichtbewusst_war und die_Verantwortung trug.",Wer war zu der Zeit pflichtbewusst?,Paul,Matthias,er,er,FJ,1,NP1,Paul,left,F,FJ,True,male,male,both_male,NP1-Causality
nonamb,3,113,NP2,NP1-Causality,sie,amb,"Nina fütterte Julia, weil sie zu der Zeit pflichtbewusst war und die Verantwortung trug.",Wer war zu der Zeit pflichtbewusst? (Nina / Julia),fed,AgP,3.0,283.0,1.09,-85,fürsorglich,1.5,11.0,fütterte,0.32,8.0,87.5,"Nina fütterte Julia,
weil_sie zu der Zeit pflichtbewusst_war und die_Verantwortung trug.",Wer war zu der Zeit pflichtbewusst?,Nina,Julia,sie,sie,FJ,1,NP1,Nina,left,F,FJ,True,female,female,both_female,NP1-Causality
nonamb,4,113,NP2,NP1-Causality,sie,sie,"Nina fütterte Matthias, weil sie zu der Zeit pflichtbewusst war und die Verantwortung trug.",Wer war zu der Zeit pflichtbewusst? (Nina / Matthias),fed,AgP,3.0,283.0,1.09,-85,fürsorglich,1.5,11.0,fütterte,0.32,8.0,87.5,"Nina fütterte Matthias,
weil_sie zu der Zeit pflichtbewusst_war und die_Verantwortung trug.",Wer war zu der Zeit pflichtbewusst?,Nina,Matthias,sie,er,F,1,NP1,Nina,left,F,F,False,female,male,swapped,NP1-Causality
nonamb,5,113,NP2,NP2-Causality,sie,sie,"Paul fütterte Julia, weil sie zu der Zeit hungrig war und eine Mahlzeit erwartete.",Wer war zu der Zeit hungrig? (Paul / Julia),fed,AgP,3.0,283.0,1.09,-85,mager,5.0,5.0,fütterte,0.32,8.0,87.5,"Paul fütterte Julia,
weil_sie zu der Zeit hungrig_war und eine_Mahlzeit erwartete.",Wer war zu der Zeit hungrig?,Paul,Julia,er,sie,J,1,NP2,Julia,right,J,J,False,male,female,original,NP2-Causality
nonamb,6,113,NP2,NP2-Causality,er,amb,"Paul fütterte Matthias, weil er zu der Zeit hungrig war und eine Mahlzeit erwartete.",Wer war zu der Zeit hungrig? (Paul / Matthias),fed,AgP,3.0,283.0,1.09,-85,mager,5.0,5.0,fütterte,0.32,8.0,87.5,"Paul fütterte Matthias,
weil_er zu der Zeit hungrig_war und eine_Mahlzeit erwartete.",Wer war zu der Zeit hungrig?,Paul,Matthias,er,er,FJ,1,NP2,Matthias,right,J,FJ,True,male,male,both_male,NP2-Causality
nonamb,7,113,NP2,NP2-Causality,sie,amb,"Nina fütterte Julia, weil sie zu der Zeit hungrig war und eine Mahlzeit erwartete.",Wer war zu der Zeit hungrig? (Nina / Julia),fed,AgP,3.0,283.0,1.09,-85,mager,5.0,5.0,fütterte,0.32,8.0,87.5,"Nina fütterte Julia,
weil_sie zu der Zeit hungrig_war und eine_Mahlzeit erwartete.",Wer war zu der Zeit hungrig?,Nina,Julia,sie,sie,FJ,1,NP2,Julia,right,J,FJ,True,female,female,both_female,NP2-Causality
nonamb,8,113,NP2,NP2-Causality,er,er,"Nina fütterte Matthias, weil er zu der Zeit hungrig war und eine Mahlzeit erwartete.",Wer war zu der Zeit hungrig? (Nina / Matthias),fed,AgP,3.0,283.0,1.09,-85,mager,5.0,5.0,fütterte,0.32,8.0,87.5,"Nina fütterte Matthias,
weil_er zu der Zeit hungrig_war und eine_Mahlzeit erwartete.",Wer war zu der Zeit hungrig?,Nina,Matthias,sie,er,J,1,NP2,Matthias,right,J,J,False,female,male,swapped,NP2-Causality
nonamb,1,114,neutral,NP1-Causality,er,er,"Andreas umarmte Susanne, weil er zu jedem Zeitpunkt liebevoll war und die Gelegenheit nutzte.",Was tat Andreas? (umarmte Susanne / scheute Frank),hugged,AgP,6.0,9.0,2.09,12,liebevoll,13.94,9.0,umarmte,6.18,7.0,25.0,"Andreas umarmte Susanne,
weil_er zu jedem Zeitpunkt liebevoll_war und die_Gelegenheit nutzte.",Was tat Andreas?,umarmte Susanne,scheute Frank,,,F,4,NP1,umarmte Susanne,left,F,F,False,male,female,original,NP1-Causality
nonamb,2,114,neutral,NP1-Causality,er,amb,"Andreas umarmte Wolfgang, weil er zu jedem Zeitpunkt liebevoll war und die Gelegenheit nutzte.",Was tat Andreas? (umarmte Wolfgang / langweilte Jana),hugged,AgP,6.0,9.0,2.09,12,liebevoll,13.94,9.0,umarmte,6.18,7.0,25.0,"Andreas umarmte Wolfgang,
weil_er zu jedem Zeitpunkt liebevoll_war und die_Gelegenheit nutzte.",Was tat Andreas?,umarmte Wolfgang,langweilte Jana,,,F,4,NP1,umarmte Wolfgang,left,F,F,False,male,male,both_male,NP1-Causality
nonamb,3,114,neutral,NP1-Causality,sie,amb,"Daniela umarmte Susanne, weil sie zu jedem Zeitpunkt liebevoll war und die Gelegenheit nutzte.",Was tat Daniela? (umarmte Susanne / verspottete Renate),hugged,AgP,6.0,9.0,2.09,12,liebevoll,13.94,9.0,umarmte,6.18,7.0,25.0,"Daniela umarmte Susanne,
weil_sie zu jedem Zeitpunkt liebevoll_war und die_Gelegenheit nutzte.",Was tat Daniela?,umarmte Susanne,verspottete Renate,,,F,4,NP1,umarmte Susanne,left,F,F,False,female,female,both_female,NP1-Causality
nonamb,4,114,neutral,NP1-Causality,sie,sie,"Daniela umarmte Wolfgang, weil sie zu jedem Zeitpunkt liebevoll war und die Gelegenheit nutzte.",Was tat Daniela? (umarmte Wolfgang / kränkte Johanna),hugged,AgP,6.0,9.0,2.09,12,liebevoll,13.94,9.0,umarmte,6.18,7.0,25.0,"Daniela umarmte Wolfgang,
weil_sie zu jedem Zeitpunkt liebevoll_war und die_Gelegenheit nutzte.",Was tat Daniela?,umarmte Wolfgang,kränkte Johanna,,,F,4,NP1,umarmte Wolfgang,left,F,F,False,female,male,swapped,NP1-Causality
nonamb,5,114,neutral,NP2-Causality,sie,sie,"Andreas umarmte Susanne, weil sie zu jedem Zeitpunkt traurig war und die Nähe brauchte.",Was tat Andreas? (umarmte Susanne / erfreute Nina),hugged,AgP,6.0,9.0,2.09,12,deprimiert,1.23,10.0,umarmte,6.18,7.0,25.0,"Andreas umarmte Susanne,
weil_sie zu jedem Zeitpunkt traurig_war und die_Nähe brauchte.",Was tat Andreas?,umarmte Susanne,erfreute Nina,,,F,4,NP2,umarmte Susanne,left,F,F,False,male,female,original,NP2-Causality
nonamb,6,114,neutral,NP2-Causality,er,amb,"Andreas umarmte Wolfgang, weil er zu jedem Zeitpunkt traurig war und die Nähe brauchte.",Was tat Andreas? (umarmte Wolfgang / vermisste Klaus),hugged,AgP,6.0,9.0,2.09,12,deprimiert,1.23,10.0,umarmte,6.18,7.0,25.0,"Andreas umarmte Wolfgang,
weil_er zu jedem Zeitpunkt traurig_war und die_Nähe brauchte.",Was tat Andreas?,umarmte Wolfgang,vermisste Klaus,,,F,4,NP2,umarmte Wolfgang,left,F,F,False,male,male,both_male,NP2-Causality
nonamb,7,114,neutral,NP2-Causality,sie,amb,"Daniela umarmte Susanne, weil sie zu jedem Zeitpunkt traurig war und die Nähe brauchte.",Was tat Daniela? (umarmte Susanne / beschämte Alexander),hugged,AgP,6.0,9.0,2.09,12,deprimiert,1.23,10.0,umarmte,6.18,7.0,25.0,"Daniela umarmte Susanne,
weil_sie zu jedem Zeitpunkt traurig_war und die_Nähe brauchte.",Was tat Daniela?,umarmte Susanne,beschämte Alexander,,,F,4,NP2,umarmte Susanne,left,F,F,False,female,female,both_female,NP2-Causality
nonamb,8,114,neutral,NP2-Causality,er,er,"Daniela umarmte Wolfgang, weil er zu jedem Zeitpunkt traurig war und die Nähe brauchte.",Was tat Daniela? (umarmte Wolfgang / inspirierte Julia),hugged,AgP,6.0,9.0,2.09,12,deprimiert,1.23,10.0,umarmte,6.18,7.0,25.0,"Daniela umarmte Wolfgang,
weil_er zu jedem Zeitpunkt traurig_war und die_Nähe brauchte.",Was tat Daniela?,umarmte Wolfgang,inspirierte Julia,,,F,4,NP2,umarmte Wolfgang,left,F,F,False,female,male,swapped,NP2-Causality
nonamb,1,115,NP1,NP1-Causality,er,er,"Peter irritierte Sarah, weil er am späten Morgen aufdringlich war und die Ruhe störte.",Was störte er? (die Ruhe / eine Partnerschaft),irritated,StimExp,9.0,5.0,-2.09,81,hilfsbereit,4.33,11.0,irritierte,0.41,10.0,68.75,"Peter irritierte Sarah,
weil_er am späten Morgen aufdringlich_war und die_Ruhe störte.",Was störte er?,die Ruhe,eine Partnerschaft,,,F,6,NP1,die Ruhe,left,F,F,False,male,female,original,NP1-Causality
nonamb,2,115,NP1,NP1-Causality,er,amb,"Peter irritierte Alexander, weil er am späten Morgen aufdringlich war und die Ruhe störte.",Was störte er? (die Ruhe / eine Partnerschaft),irritated,StimExp,9.0,5.0,-2.09,81,hilfsbereit,4.33,11.0,irritierte,0.41,10.0,68.75,"Peter irritierte Alexander,
weil_er am späten Morgen aufdringlich_war und die_Ruhe störte.",Was störte er?,die Ruhe,eine Partnerschaft,,,F,6,NP1,die Ruhe,left,F,F,False,male,male,both_male,NP1-Causality
nonamb,3,115,NP1,NP1-Causality,sie,amb,"Martina irritierte Sarah, weil sie am späten Morgen aufdringlich war und die Ruhe störte.",Was störte sie? (die Ruhe / eine Partnerschaft),irritated,StimExp,9.0,5.0,-2.09,81,hilfsbereit,4.33,11.0,irritierte,0.41,10.0,68.75,"Martina irritierte Sarah,
weil_sie am späten Morgen aufdringlich_war und die_Ruhe störte.",Was störte sie?,die Ruhe,eine Partnerschaft,,,F,6,NP1,die Ruhe,left,F,F,False,female,female,both_female,NP1-Causality
nonamb,4,115,NP1,NP1-Causality,sie,sie,"Martina irritierte Alexander, weil sie am späten Morgen aufdringlich war und die Ruhe störte.",Was störte sie? (die Ruhe / eine Partnerschaft),irritated,StimExp,9.0,5.0,-2.09,81,hilfsbereit,4.33,11.0,irritierte,0.41,10.0,68.75,"Martina irritierte Alexander,
weil_sie am späten Morgen aufdringlich_war und die_Ruhe störte.",Was störte sie?,die Ruhe,eine Partnerschaft,,,F,6,NP1,die Ruhe,left,F,F,False,female,male,swapped,NP1-Causality
nonamb,5,115,NP1,NP2-Causality,sie,sie,"Peter irritierte Sarah, weil sie am späten Morgen überfordert war und die Übersicht verlor.",Was verlor sie? (die Übersicht / eine Partnerschaft),irritated,StimExp,9.0,5.0,-2.09,81,entdeckt,44.77,8.0,irritierte,0.41,10.0,68.75,"Peter irritierte Sarah,
weil_sie am späten Morgen überfordert_war und die_Übersicht verlor.",Was verlor sie?,die Übersicht,eine Partnerschaft,,,F,6,NP2,die Übersicht,left,F,F,False,male,female,original,NP2-Causality
nonamb,6,115,NP1,NP2-Causality,er,amb,"Peter irritierte Alexander, weil er am späten Morgen überfordert war und die Übersicht verlor.",Was verlor er? (die Übersicht / eine Partnerschaft),irritated,StimExp,9.0,5.0,-2.09,81,entdeckt,44.77,8.0,irritierte,0.41,10.0,68.75,"Peter irritierte Alexander,
weil_er am späten Morgen überfordert_war und die_Übersicht verlor.",Was verlor er?,die Übersicht,eine Partnerschaft,,,F,6,NP2,die Übersicht,left,F,F,False,male,male,both_male,NP2-Causality
nonamb,7,115,NP1,NP2-Causality,sie,amb,"Martina irritierte Sarah, weil sie am späten Morgen überfordert war und die Übersicht verlor.",Was verlor sie? (die Übersicht / eine Partnerschaft),irritated,StimExp,9.0,5.0,-2.09,81,entdeckt,44.77,8.0,irritierte,0.41,10.0,68.75,"Martina irritierte Sarah,
weil_sie am späten Morgen überfordert_war und die_Übersicht verlor.",Was verlor sie?,die Übersicht,eine Partnerschaft,,,F,6,NP2,die Übersicht,left,F,F,False,female,female,both_female,NP2-Causality
nonamb,8,115,NP1,NP2-Causality,er,er,"Martina irritierte Alexander, weil er am späten Morgen überfordert war und die Übersicht verlor.",Was verlor er? (die Übersicht / eine Partnerschaft),irritated,StimExp,9.0,5.0,-2.09,81,entdeckt,44.77,8.0,irritierte,0.41,10.0,68.75,"Martina irritierte Alexander,
weil_er am späten Morgen überfordert_war und die_Übersicht verlor.",Was verlor er?,die Übersicht,eine Partnerschaft,,,F,6,NP2,die Übersicht,left,F,F,False,female,male,swapped,NP2-Causality
nonamb,1,116,NP2,NP1-Causality,er,er,"Karl bemerkte Birgit, weil er in der Dämmerung wachsam war und die Umgebung beobachtete.",Wen bemerkte Karl? (Birgit / Linda),noticed,ExpStim,7.0,844.0,0.55,-92,hellhörig,1.47,9.0,bemerkte,10.02,8.0,56.25,"Karl bemerkte Birgit,
weil_er in der Dämmerung wachsam_war und die_Umgebung beobachtete.",Wen bemerkte Karl?,Birgit,Linda,sie,sie,F,3,NP1,Birgit,left,F,F,False,male,female,original,NP1-Causality
nonamb,2,116,NP2,NP1-Causality,er,amb,"Karl bemerkte Florian, weil er in der Dämmerung wachsam war und die Umgebung beobachtete.",Wen bemerkte Karl? (Florian / Philipp),noticed,ExpStim,7.0,844.0,0.55,-92,hellhörig,1.47,9.0,bemerkte,10.02,8.0,56.25,"Karl bemerkte Florian,
weil_er in der Dämmerung wachsam_war und die_Umgebung beobachtete.",Wen bemerkte Karl?,Florian,Philipp,er,er,F,3,NP1,Florian,left,F,F,False,male,male,both_male,NP1-Causality
nonamb,3,116,NP2,NP1-Causality,sie,amb,"Monika bemerkte Birgit, weil sie in der Dämmerung wachsam war und die Umgebung beobachtete.",Wen bemerkte Monika? (Birgit / Katharina),noticed,ExpStim,7.0,844.0,0.55,-92,hellhörig,1.47,9.0,bemerkte,10.02,8.0,56.25,"Monika bemerkte Birgit,
weil_sie in der Dämmerung wachsam_war und die_Umgebung beobachtete.",Wen bemerkte Monika?,Birgit,Katharina,sie,sie,F,3,NP1,Birgit,left,F,F,False,female,female,both_female,NP1-Causality
nonamb,4,116,NP2,NP1-Causality,sie,sie,"Monika bemerkte Florian, weil sie in der Dämmerung wachsam war und die Umgebung beobachtete.",Wen bemerkte Monika? (Florian / Jürgen),noticed,ExpStim,7.0,844.0,0.55,-92,hellhörig,1.47,9.0,bemerkte,10.02,8.0,56.25,"Monika bemerkte Florian,
weil_sie in der Dämmerung wachsam_war und die_Umgebung beobachtete.",Wen bemerkte Monika?,Florian,Jürgen,er,er,F,3,NP1,Florian,left,F,F,False,female,male,swapped,NP1-Causality
nonamb,5,116,NP2,NP2-Causality,sie,sie,"Karl bemerkte Birgit, weil sie in der Dämmerung hörbar war und ein Lied summte.",Wen bemerkte Karl? (Birgit / Linda),noticed,ExpStim,7.0,844.0,0.55,-92,auffällig,16.14,9.0,bemerkte,10.02,8.0,56.25,"Karl bemerkte Birgit,
weil_sie in der Dämmerung hörbar_war und ein_Lied summte.",Wen bemerkte Karl?,Birgit,Linda,sie,sie,F,3,NP2,Birgit,left,F,F,False,male,female,original,NP2-Causality
nonamb,6,116,NP2,NP2-Causality,er,amb,"Karl bemerkte Florian, weil er in der Dämmerung hörbar war und ein Lied summte.",Wen bemerkte Karl? (Florian / Johannes),noticed,ExpStim,7.0,844.0,0.55,-92,auffällig,16.14,9.0,bemerkte,10.02,8.0,56.25,"Karl bemerkte Florian,
weil_er in der Dämmerung hörbar_war und ein_Lied summte.",Wen bemerkte Karl?,Florian,Johannes,er,er,F,3,NP2,Florian,left,F,F,False,male,male,both_male,NP2-Causality
nonamb,7,116,NP2,NP2-Causality,sie,amb,"Monika bemerkte Birgit, weil sie in der Dämmerung hörbar war und ein Lied summte.",Wen bemerkte Monika? (Birgit / Martina),noticed,ExpStim,7.0,844.0,0.55,-92,auffällig,16.14,9.0,bemerkte,10.02,8.0,56.25,"Monika bemerkte Birgit,
weil_sie in der Dämmerung hörbar_war und ein_Lied summte.",Wen bemerkte Monika?,Birgit,Martina,sie,sie,F,3,NP2,Birgit,left,F,F,False,female,female,both_female,NP2-Causality
nonamb,8,116,NP2,NP2-Causality,er,er,"Monika bemerkte Florian, weil er in der Dämmerung hörbar war und ein Lied summte.",Wen bemerkte Monika? (Florian / Christian),noticed,ExpStim,7.0,844.0,0.55,-92,auffällig,16.14,9.0,bemerkte,10.02,8.0,56.25,"Monika bemerkte Florian,
weil_er in der Dämmerung hörbar_war und ein_Lied summte.",Wen bemerkte Monika?,Florian,Christian,er,er,F,3,NP2,Florian,left,F,F,False,female,male,swapped,NP2-Causality
nonamb,1,117,neutral,NP1-Causality,er,er,"Johannes überholte Sabine, weil er nach dem Feierabend ungeduldig war und die Spur wechselte.",Wann war er ungeduldig? (nach dem Feierabend / in der Aufführung),passed,AgP,6.0,357.0,1.27,0,kontrolliert,23.73,12.0,überholte,0.24,10.0,87.5,"Johannes überholte Sabine,
weil_er nach dem Feierabend ungeduldig_war und die_Spur wechselte.",Wann war er ungeduldig?,nach dem Feierabend,in der Aufführung,,,F,5,NP1,nach dem Feierabend,left,F,F,False,male,female,original,NP1-Causality
nonamb,2,117,neutral,NP1-Causality,er,amb,"Johannes überholte Tobias, weil er nach dem Feierabend ungeduldig war und die Spur wechselte.",Wann war er ungeduldig? (nach dem Feierabend / in der Aufführung),passed,AgP,6.0,357.0,1.27,0,kontrolliert,23.73,12.0,überholte,0.24,10.0,87.5,"Johannes überholte Tobias,
weil_er nach dem Feierabend ungeduldig_war und die_Spur wechselte.",Wann war er ungeduldig?,nach dem Feierabend,in der Aufführung,,,F,5,NP1,nach dem Feierabend,left,F,F,False,male,male,both_male,NP1-Causality
nonamb,3,117,neutral,NP1-Causality,sie,amb,"Johanna überholte Sabine, weil sie nach dem Feierabend ungeduldig war und die Spur wechselte.",Wann war sie ungeduldig? (nach dem Feierabend / in der Aufführung),passed,AgP,6.0,357.0,1.27,0,kontrolliert,23.73,12.0,überholte,0.24,10.0,87.5,"Johanna überholte Sabine,
weil_sie nach dem Feierabend ungeduldig_war und die_Spur wechselte.",Wann war sie ungeduldig?,nach dem Feierabend,in der Aufführung,,,F,5,NP1,nach dem Feierabend,left,F,F,False,female,female,both_female,NP1-Causality
nonamb,4,117,neutral,NP1-Causality,sie,sie,"Johanna überholte Tobias, weil sie nach dem Feierabend ungeduldig war und die Spur wechselte.",Wann war sie ungeduldig? (nach dem Feierabend / in der Aufführung),passed,AgP,6.0,357.0,1.27,0,kontrolliert,23.73,12.0,überholte,0.24,10.0,87.5,"Johanna überholte Tobias,
weil_sie nach dem Feierabend ungeduldig_war und die_Spur wechselte.",Wann war sie ungeduldig?,nach dem Feierabend,in der Aufführung,,,F,5,NP1,nach dem Feierabend,left,F,F,False,female,male,swapped,NP1-Causality
nonamb,5,117,neutral,NP2-Causality,sie,sie,"Johannes überholte Sabine, weil sie nach dem Feierabend lahm war und das Tempo drosselte.",Wann war sie lahm? (nach dem Feierabend / in der Aufführung),passed,AgP,6.0,357.0,1.27,0,einverstanden,11.97,13.0,überholte,0.24,10.0,87.5,"Johannes überholte Sabine,
weil_sie nach dem Feierabend lahm_war und das_Tempo drosselte.",Wann war sie lahm?,nach dem Feierabend,in der Aufführung,,,F,5,NP2,nach dem Feierabend,left,F,F,False,male,female,original,NP2-Causality
nonamb,6,117,neutral,NP2-Causality,er,amb,"Johannes überholte Tobias, weil er nach dem Feierabend lahm war und das Tempo drosselte.",Wann war er lahm? (nach dem Feierabend / in der Aufführung),passed,AgP,6.0,357.0,1.27,0,einverstanden,11.97,13.0,überholte,0.24,10.0,87.5,"Johannes überholte Tobias,
weil_er nach dem Feierabend lahm_war und das_Tempo drosselte.",Wann war er lahm?,nach dem Feierabend,in der Aufführung,,,F,5,NP2,nach dem Feierabend,left,F,F,False,male,male,both_male,NP2-Causality
nonamb,7,117,neutral,NP2-Causality,sie,amb,"Johanna überholte Sabine, weil sie nach dem Feierabend lahm war und das Tempo drosselte.",Wann war sie lahm? (nach dem Feierabend / in der Aufführung),passed,AgP,6.0,357.0,1.27,0,einverstanden,11.97,13.0,überholte,0.24,10.0,87.5,"Johanna überholte Sabine,
weil_sie nach dem Feierabend lahm_war und das_Tempo drosselte.",Wann war sie lahm?,nach dem Feierabend,in der Aufführung,,,F,5,NP2,nach dem Feierabend,left,F,F,False,female,female,both_female,NP2-Causality
nonamb,8,117,neutral,NP2-Causality,er,er,"Johanna überholte Tobias, weil er nach dem Feierabend lahm war und das Tempo drosselte.",Wann war er lahm? (nach dem Feierabend / in der Aufführung),passed,AgP,6.0,357.0,1.27,0,einverstanden,11.97,13.0,überholte,0.24,10.0,87.5,"Johanna überholte Tobias,
weil_er nach dem Feierabend lahm_war und das_Tempo drosselte.",Wann war er lahm?,nach dem Feierabend,in der Aufführung,,,F,5,NP2,nach dem Feierabend,left,F,F,False,female,male,swapped,NP2-Causality
nonamb,1,118,NP1,NP1-Causality,er,er,"Michael kontaktierte Jana, weil er nach dem Essen unschlüssig war und eine Meinung brauchte.",Wer war nach dem Essen unschlüssig? (Michael / Jana),telephoned,AgP,10.0,48.0,0.18,82,neugierig,12.44,9.0,kontaktierte,0.72,6.0,68.75,"Michael kontaktierte Jana,
weil_er nach dem Essen unschlüssig_war und eine_Meinung brauchte.",Wer war nach dem Essen unschlüssig?,Michael,Jana,er,sie,F,1,NP1,Michael,left,F,F,False,male,female,original,NP1-Causality
nonamb,2,118,NP1,NP1-Causality,er,amb,"Michael kontaktierte Christian, weil er nach dem Essen unschlüssig war und eine Meinung brauchte.",Wer war nach dem Essen unschlüssig? (Michael / Christian),telephoned,AgP,10.0,48.0,0.18,82,neugierig,12.44,9.0,kontaktierte,0.72,6.0,68.75,"Michael kontaktierte Christian,
weil_er nach dem Essen unschlüssig_war und eine_Meinung brauchte.",Wer war nach dem Essen unschlüssig?,Michael,Christian,er,er,FJ,1,NP1,Michael,left,F,FJ,True,male,male,both_male,NP1-Causality
nonamb,3,118,NP1,NP1-Causality,sie,amb,"Barbara kontaktierte Jana, weil sie nach dem Essen unschlüssig war und eine Meinung brauchte.",Wer war nach dem Essen unschlüssig? (Barbara / Jana),telephoned,AgP,10.0,48.0,0.18,82,neugierig,12.44,9.0,kontaktierte,0.72,6.0,68.75,"Barbara kontaktierte Jana,
weil_sie nach dem Essen unschlüssig_war und eine_Meinung brauchte.",Wer war nach dem Essen unschlüssig?,Barbara,Jana,sie,sie,FJ,1,NP1,Barbara,left,F,FJ,True,female,female,both_female,NP1-Causality
nonamb,4,118,NP1,NP1-Causality,sie,sie,"Barbara kontaktierte Christian, weil sie nach dem Essen unschlüssig war und eine Meinung brauchte.",Wer war nach dem Essen unschlüssig? (Barbara / Christian),telephoned,AgP,10.0,48.0,0.18,82,neugierig,12.44,9.0,kontaktierte,0.72,6.0,68.75,"Barbara kontaktierte Christian,
weil_sie nach dem Essen unschlüssig_war und eine_Meinung brauchte.",Wer war nach dem Essen unschlüssig?,Barbara,Christian,sie,er,F,1,NP1,Barbara,left,F,F,False,female,male,swapped,NP1-Causality
nonamb,5,118,NP1,NP2-Causality,sie,sie,"Michael kontaktierte Jana, weil sie nach dem Essen allein war und eine Ablenkung brauchte.",Wer war nach dem Essen allein? (Michael / Jana),telephoned,AgP,10.0,48.0,0.18,82,in Gefahr,7.98,8.0,kontaktierte,0.72,6.0,68.75,"Michael kontaktierte Jana,
weil_sie nach dem Essen allein_war und eine_Ablenkung brauchte.",Wer war nach dem Essen allein?,Michael,Jana,er,sie,J,1,NP2,Jana,right,J,J,False,male,female,original,NP2-Causality
nonamb,6,118,NP1,NP2-Causality,er,amb,"Michael kontaktierte Christian, weil er nach dem Essen allein war und eine Ablenkung brauchte.",Wer war nach dem Essen allein? (Michael / Christian),telephoned,AgP,10.0,48.0,0.18,82,in Gefahr,7.98,8.0,kontaktierte,0.72,6.0,68.75,"Michael kontaktierte Christian,
weil_er nach dem Essen allein_war und eine_Ablenkung brauchte.",Wer war nach dem Essen allein?,Michael,Christian,er,er,FJ,1,NP2,Christian,right,J,FJ,True,male,male,both_male,NP2-Causality
nonamb,7,118,NP1,NP2-Causality,sie,amb,"Barbara kontaktierte Jana, weil sie nach dem Essen allein war und eine Ablenkung brauchte.",Wer war nach dem Essen allein? (Barbara / Jana),telephoned,AgP,10.0,48.0,0.18,82,in Gefahr,7.98,8.0,kontaktierte,0.72,6.0,68.75,"Barbara kontaktierte Jana,
weil_sie nach dem Essen allein_war und eine_Ablenkung brauchte.",Wer war nach dem Essen allein?,Barbara,Jana,sie,sie,FJ,1,NP2,Jana,right,J,FJ,True,female,female,both_female,NP2-Causality
nonamb,8,118,NP1,NP2-Causality,er,er,"Barbara kontaktierte Christian, weil er nach dem Essen allein war und eine Ablenkung brauchte.",Wer war nach dem Essen allein? (Barbara / Christian),telephoned,AgP,10.0,48.0,0.18,82,in Gefahr,7.98,8.0,kontaktierte,0.72,6.0,68.75,"Barbara kontaktierte Christian,
weil_er nach dem Essen allein_war und eine_Ablenkung brauchte.",Wer war nach dem Essen allein?,Barbara,Christian,sie,er,J,1,NP2,Christian,right,J,J,False,female,male,swapped,NP2-Causality
nonamb,1,119,NP2,NP1-Causality,er,er,"Hans belohnte Lena, weil er seit kurzer Zeit großzügig war und den Einsatz schätzte.",Seit wann war er großzügig? (seit kurzer Zeit / um die Mittagszeit),rewarded,AgEvo,8.0,235.0,2.45,-85,dankbar,19.83,7.0,belohnte,0.35,8.0,87.5,"Hans belohnte Lena,
weil_er seit kurzer Zeit großzügig_war und den_Einsatz schätzte.",Seit wann war er großzügig?,seit kurzer Zeit,um die Mittagszeit,,,F,5,NP1,seit kurzer Zeit,left,F,F,False,male,female,original,NP1-Causality
nonamb,2,119,NP2,NP1-Causality,er,amb,"Hans belohnte Klaus, weil er seit kurzer Zeit großzügig war und den Einsatz schätzte.",Seit wann war er großzügig? (seit kurzer Zeit / um die Mittagszeit),rewarded,AgEvo,8.0,235.0,2.45,-85,dankbar,19.83,7.0,belohnte,0.35,8.0,87.5,"Hans belohnte Klaus,
weil_er seit kurzer Zeit großzügig_war und den_Einsatz schätzte.",Seit wann war er großzügig?,seit kurzer Zeit,um die Mittagszeit,,,F,5,NP1,seit kurzer Zeit,left,F,F,False,male,male,both_male,NP1-Causality
nonamb,3,119,NP2,NP1-Causality,sie,amb,"Anna belohnte Lena, weil sie seit kurzer Zeit großzügig war und den Einsatz schätzte.",Seit wann war sie großzügig? (seit kurzer Zeit / um die Mittagszeit),rewarded,AgEvo,8.0,235.0,2.45,-85,dankbar,19.83,7.0,belohnte,0.35,8.0,87.5,"Anna belohnte Lena,
weil_sie seit kurzer Zeit großzügig_war und den_Einsatz schätzte.",Seit wann war sie großzügig?,seit kurzer Zeit,um die Mittagszeit,,,F,5,NP1,seit kurzer Zeit,left,F,F,False,female,female,both_female,NP1-Causality
nonamb,4,119,NP2,NP1-Causality,sie,sie,"Anna belohnte Klaus, weil sie seit kurzer Zeit großzügig war und den Einsatz schätzte.",Seit wann war sie großzügig? (seit kurzer Zeit / um die Mittagszeit),rewarded,AgEvo,8.0,235.0,2.45,-85,dankbar,19.83,7.0,belohnte,0.35,8.0,87.5,"Anna belohnte Klaus,
weil_sie seit kurzer Zeit großzügig_war und den_Einsatz schätzte.",Seit wann war sie großzügig?,seit kurzer Zeit,um die Mittagszeit,,,F,5,NP1,seit kurzer Zeit,left,F,F,False,female,male,swapped,NP1-Causality
nonamb,5,119,NP2,NP2-Causality,sie,sie,"Hans belohnte Lena, weil sie seit kurzer Zeit zuverlässig war und die Fristen einhielt.",Seit wann war sie zuverlässig? (seit kurzer Zeit / um die Mittagszeit),rewarded,AgEvo,8.0,235.0,2.45,-85,verwendbar,2.36,10.0,belohnte,0.35,8.0,87.5,"Hans belohnte Lena,
weil_sie seit kurzer Zeit zuverlässig_war und die_Fristen einhielt.",Seit wann war sie zuverlässig?,seit kurzer Zeit,um die Mittagszeit,,,F,5,NP2,seit kurzer Zeit,left,F,F,False,male,female,original,NP2-Causality
nonamb,6,119,NP2,NP2-Causality,er,amb,"Hans belohnte Klaus, weil er seit kurzer Zeit zuverlässig war und die Fristen einhielt.",Seit wann war er zuverlässig? (seit kurzer Zeit / um die Mittagszeit),rewarded,AgEvo,8.0,235.0,2.45,-85,verwendbar,2.36,10.0,belohnte,0.35,8.0,87.5,"Hans belohnte Klaus,
weil_er seit kurzer Zeit zuverlässig_war und die_Fristen einhielt.",Seit wann war er zuverlässig?,seit kurzer Zeit,um die Mittagszeit,,,F,5,NP2,seit kurzer Zeit,left,F,F,False,male,male,both_male,NP2-Causality
nonamb,7,119,NP2,NP2-Causality,sie,amb,"Anna belohnte Lena, weil sie seit kurzer Zeit zuverlässig war und die Fristen einhielt.",Seit wann war sie zuverlässig? (seit kurzer Zeit / um die Mittagszeit),rewarded,AgEvo,8.0,235.0,2.45,-85,verwendbar,2.36,10.0,belohnte,0.35,8.0,87.5,"Anna belohnte Lena,
weil_sie seit kurzer Zeit zuverlässig_war und die_Fristen einhielt.",Seit wann war sie zuverlässig?,seit kurzer Zeit,um die Mittagszeit,,,F,5,NP2,seit kurzer Zeit,left,F,F,False,female,female,both_female,NP2-Causality
nonamb,8,119,NP2,NP2-Causality,er,er,"Anna belohnte Klaus, weil er seit kurzer Zeit zuverlässig war und die Fristen einhielt.",Seit wann war er zuverlässig? (seit kurzer Zeit / um die Mittagszeit),rewarded,AgEvo,8.0,235.0,2.45,-85,verwendbar,2.36,10.0,belohnte,0.35,8.0,87.5,"Anna belohnte Klaus,
weil_er seit kurzer Zeit zuverlässig_war und die_Fristen einhielt.",Seit wann war er zuverlässig?,seit kurzer Zeit,um die Mittagszeit,,,F,5,NP2,seit kurzer Zeit,left,F,F,False,female,male,swapped,NP2-Causality
nonamb,1,120,neutral,NP1-Causality,er,er,"Frank betrachtete Renate, weil er in dem Moment gebannt war und die Antwort abwartete.",Was wartete er ab? (die Antwort / ein Lied),stared at,AgP,6.0,106.0,-0.36,-15,hungrig,4.51,7.0,betrachtete,3.03,7.0,12.5,"Frank betrachtete Renate,
weil_er in dem Moment gebannt_war und die_Antwort abwartete.",Was wartete er ab?,die Antwort,ein Lied,,,F,6,NP1,die Antwort,left,F,F,False,male,female,original,NP1-Causality
nonamb,2,120,neutral,NP1-Causality,er,amb,"Frank betrachtete Philipp, weil er in dem Moment gebannt war und die Antwort abwartete.",Was wartete er ab? (die Antwort / ein Lied),stared at,AgP,6.0,106.0,-0.36,-15,hungrig,4.51,7.0,betrachtete,3.03,7.0,12.5,"Frank betrachtete Philipp,
weil_er in dem Moment gebannt_war und die_Antwort abwartete.",Was wartete er ab?,die Antwort,ein Lied,,,F,6,NP1,die Antwort,left,F,F,False,male,male,both_male,NP1-Causality
nonamb,3,120,neutral,NP1-Causality,sie,amb,"Claudia betrachtete Renate, weil sie in dem Moment gebannt war und die Antwort abwartete.",Was wartete sie ab? (die Antwort / ein Lied),stared at,AgP,6.0,106.0,-0.36,-15,hungrig,4.51,7.0,betrachtete,3.03,7.0,12.5,"Claudia betrachtete Renate,
weil_sie in dem Moment gebannt_war und die_Antwort abwartete.",Was wartete sie ab?,die Antwort,ein Lied,,,F,6,NP1,die Antwort,left,F,F,False,female,female,both_female,NP1-Causality
nonamb,4,120,neutral,NP1-Causality,sie,sie,"Claudia betrachtete Philipp, weil sie in dem Moment gebannt war und die Antwort abwartete.",Was wartete sie ab? (die Antwort / ein Lied),stared at,AgP,6.0,106.0,-0.36,-15,hungrig,4.51,7.0,betrachtete,3.03,7.0,12.5,"Claudia betrachtete Philipp,
weil_sie in dem Moment gebannt_war und die_Antwort abwartete.",Was wartete sie ab?,die Antwort,ein Lied,,,F,6,NP1,die Antwort,left,F,F,False,female,male,swapped,NP1-Causality
nonamb,5,120,neutral,NP2-Causality,sie,sie,"Frank betrachtete Renate, weil sie in dem Moment still war und die Hände faltete.",Was faltete sie? (die Hände / ein Lied),stared at,AgP,6.0,106.0,-0.36,-15,unaufmerksam,0.41,12.0,betrachtete,3.03,7.0,12.5,"Frank betrachtete Renate,
weil_sie in dem Moment still_war und die_Hände faltete.",Was faltete sie?,die Hände,ein Lied,,,F,6,NP2,die Hände,left,F,F,False,male,female,original,NP2-Causality
nonamb,6,120,neutral,NP2-Causality,er,amb,"Frank betrachtete Philipp, weil er in dem Moment still war und die Hände faltete.",Was faltete er? (die Hände / ein Lied),stared at,AgP,6.0,106.0,-0.36,-15,unaufmerksam,0.41,12.0,betrachtete,3.03,7.0,12.5,"Frank betrachtete Philipp,
weil_er in dem Moment still_war und die_Hände faltete.",Was faltete er?,die Hände,ein Lied,,,F,6,NP2,die Hände,left,F,F,False,male,male,both_male,NP2-Causality
nonamb,7,120,neutral,NP2-Causality,sie,amb,"Claudia betrachtete Renate, weil sie in dem Moment still war und die Hände faltete.",Was faltete sie? (die Hände / ein Lied),stared at,AgP,6.0,106.0,-0.36,-15,unaufmerksam,0.41,12.0,betrachtete,3.03,7.0,12.5,"Claudia betrachtete Renate,
weil_sie in dem Moment still_war und die_Hände faltete.",Was faltete sie?,die Hände,ein Lied,,,F,6,NP2,die Hände,left,F,F,False,female,female,both_female,NP2-Causality
nonamb,8,120,neutral,NP2-Causality,er,er,"Claudia betrachtete Philipp, weil er in dem Moment still war und die Hände faltete.",Was faltete er? (die Hände / ein Lied),stared at,AgP,6.0,106.0,-0.36,-15,unaufmerksam,0.41,12.0,betrachtete,3.03,7.0,12.5,"Claudia betrachtete Philipp,
weil_er in dem Moment still_war und die_Hände faltete.",Was faltete er?,die Hände,ein Lied,,,F,6,NP2,die Hände,left,F,F,False,female,male,swapped,NP2-Causality
nonamb,1,121,NP2,NP1-Causality,er,er,"Julian umging Melanie, weil er seit einiger Zeit konfliktscheu war und jede Konfrontation vermied.",Was vermied er? (jede Konfrontation / den Schaden),disliked,,,,,-87,wählerisch,,,umging,,,,"Julian umging Melanie,
weil_er seit einiger Zeit konfliktscheu_war und jede_Konfrontation vermied.",Was vermied er?,jede Konfrontation,den Schaden,,,F,6,NP1,jede Konfrontation,left,F,F,False,male,female,original,NP1-Causality
nonamb,2,121,NP2,NP1-Causality,er,amb,"Julian umging Fabian, weil er seit einiger Zeit konfliktscheu war und jede Konfrontation vermied.",Was vermied er? (jede Konfrontation / den Schaden),disliked,,,,,-87,wählerisch,,,umging,,,,"Julian umging Fabian,
weil_er seit einiger Zeit konfliktscheu_war und jede_Konfrontation vermied.",Was vermied er?,jede Konfrontation,den Schaden,,,F,6,NP1,jede Konfrontation,left,F,F,False,male,male,both_male,NP1-Causality
nonamb,3,121,NP2,NP1-Causality,sie,amb,"Sandra umging Melanie, weil sie seit einiger Zeit konfliktscheu war und jede Konfrontation vermied.",Was vermied sie? (jede Konfrontation / den Schaden),disliked,,,,,-87,wählerisch,,,umging,,,,"Sandra umging Melanie,
weil_sie seit einiger Zeit konfliktscheu_war und jede_Konfrontation vermied.",Was vermied sie?,jede Konfrontation,den Schaden,,,F,6,NP1,jede Konfrontation,left,F,F,False,female,female,both_female,NP1-Causality
nonamb,4,121,NP2,NP1-Causality,sie,sie,"Sandra umging Fabian, weil sie seit einiger Zeit konfliktscheu war und jede Konfrontation vermied.",Was vermied sie? (jede Konfrontation / den Schaden),disliked,,,,,-87,wählerisch,,,umging,,,,"Sandra umging Fabian,
weil_sie seit einiger Zeit konfliktscheu_war und jede_Konfrontation vermied.",Was vermied sie?,jede Konfrontation,den Schaden,,,F,6,NP1,jede Konfrontation,left,F,F,False,female,male,swapped,NP1-Causality
nonamb,5,121,NP2,NP2-Causality,sie,sie,"Julian umging Melanie, weil sie seit einiger Zeit anstrengend war und jede Person konfrontierte.",Was konfrontierte sie? (jede Person / den Schaden),disliked,,,,,-87,eigenartig,,,umging,,,,"Julian umging Melanie,
weil_sie seit einiger Zeit anstrengend_war und jede_Person konfrontierte.",Was konfrontierte sie?,jede Person,den Schaden,,,F,6,NP2,jede Person,left,F,F,False,male,female,original,NP2-Causality
nonamb,6,121,NP2,NP2-Causality,er,amb,"Julian umging Fabian, weil er seit einiger Zeit anstrengend war und jede Person konfrontierte.",Was konfrontierte er? (jede Person / den Schaden),disliked,,,,,-87,eigenartig,,,umging,,,,"Julian umging Fabian,
weil_er seit einiger Zeit anstrengend_war und jede_Person konfrontierte.",Was konfrontierte er?,jede Person,den Schaden,,,F,6,NP2,jede Person,left,F,F,False,male,male,both_male,NP2-Causality
nonamb,7,121,NP2,NP2-Causality,sie,amb,"Sandra umging Melanie, weil sie seit einiger Zeit anstrengend war und jede Person konfrontierte.",Was konfrontierte sie? (jede Person / den Schaden),disliked,,,,,-87,eigenartig,,,umging,,,,"Sandra umging Melanie,
weil_sie seit einiger Zeit anstrengend_war und jede_Person konfrontierte.",Was konfrontierte sie?,jede Person,den Schaden,,,F,6,NP2,jede Person,left,F,F,False,female,female,both_female,NP2-Causality
nonamb,8,121,NP2,NP2-Causality,er,er,"Sandra umging Fabian, weil er seit einiger Zeit anstrengend war und jede Person konfrontierte.",Was konfrontierte er? (jede Person / den Schaden),disliked,,,,,-87,eigenartig,,,umging,,,,"Sandra umging Fabian,
weil_er seit einiger Zeit anstrengend_war und jede_Person konfrontierte.",Was konfrontierte er?,jede Person,den Schaden,,,F,6,NP2,jede Person,left,F,F,False,female,male,swapped,NP2-Causality
nonamb,1,122,NP2,NP1-Causality,er,er,"Dominik verschmähte Vanessa, weil er schon seit Langem rachsüchtig war und den Vorfall nachtrug.",Wen verschmähte Dominik? (Vanessa / Monika),loathed,,,,,-85,rachsüchtig,,,verschmähte,,,,"Dominik verschmähte Vanessa,
weil_er schon seit Langem rachsüchtig_war und den_Vorfall nachtrug.",Wen verschmähte Dominik?,Vanessa,Monika,sie,sie,F,3,NP1,Vanessa,left,F,F,False,male,female,original,NP1-Causality
nonamb,2,122,NP2,NP1-Causality,er,amb,"Dominik verschmähte Marco, weil er schon seit Langem rachsüchtig war und den Vorfall nachtrug.",Wen verschmähte Dominik? (Marco / Jonas),loathed,,,,,-85,rachsüchtig,,,verschmähte,,,,"Dominik verschmähte Marco,
weil_er schon seit Langem rachsüchtig_war und den_Vorfall nachtrug.",Wen verschmähte Dominik?,Marco,Jonas,er,er,F,3,NP1,Marco,left,F,F,False,male,male,both_male,NP1-Causality
nonamb,3,122,NP2,NP1-Causality,sie,amb,"Jasmin verschmähte Vanessa, weil sie schon seit Langem rachsüchtig war und den Vorfall nachtrug.",Wen verschmähte Jasmin? (Vanessa / Johanna),loathed,,,,,-85,rachsüchtig,,,verschmähte,,,,"Jasmin verschmähte Vanessa,
weil_sie schon seit Langem rachsüchtig_war und den_Vorfall nachtrug.",Wen verschmähte Jasmin?,Vanessa,Johanna,sie,sie,F,3,NP1,Vanessa,left,F,F,False,female,female,both_female,NP1-Causality
nonamb,4,122,NP2,NP1-Causality,sie,sie,"Jasmin verschmähte Marco, weil sie schon seit Langem rachsüchtig war und den Vorfall nachtrug.",Wen verschmähte Jasmin? (Marco / Paul),loathed,,,,,-85,rachsüchtig,,,verschmähte,,,,"Jasmin verschmähte Marco,
weil_sie schon seit Langem rachsüchtig_war und den_Vorfall nachtrug.",Wen verschmähte Jasmin?,Marco,Paul,er,er,F,3,NP1,Marco,left,F,F,False,female,male,swapped,NP1-Causality
nonamb,5,122,NP2,NP2-Causality,sie,sie,"Dominik verschmähte Vanessa, weil sie schon seit Langem unaufrichtig war und die Kollegen anlog.",Wen verschmähte Dominik? (Vanessa / Laura),loathed,,,,,-85,widerlich,,,verschmähte,,,,"Dominik verschmähte Vanessa,
weil_sie schon seit Langem unaufrichtig_war und die_Kollegen anlog.",Wen verschmähte Dominik?,Vanessa,Laura,sie,sie,F,3,NP2,Vanessa,left,F,F,False,male,female,original,NP2-Causality
nonamb,6,122,NP2,NP2-Causality,er,amb,"Dominik verschmähte Marco, weil er schon seit Langem unaufrichtig war und die Kollegen anlog.",Wen verschmähte Dominik? (Marco / Wolfgang),loathed,,,,,-85,widerlich,,,verschmähte,,,,"Dominik verschmähte Marco,
weil_er schon seit Langem unaufrichtig_war und die_Kollegen anlog.",Wen verschmähte Dominik?,Marco,Wolfgang,er,er,F,3,NP2,Marco,left,F,F,False,male,male,both_male,NP2-Causality
nonamb,7,122,NP2,NP2-Causality,sie,amb,"Jasmin verschmähte Vanessa, weil sie schon seit Langem unaufrichtig war und die Kollegen anlog.",Wen verschmähte Jasmin? (Vanessa / Eva),loathed,,,,,-85,widerlich,,,verschmähte,,,,"Jasmin verschmähte Vanessa,
weil_sie schon seit Langem unaufrichtig_war und die_Kollegen anlog.",Wen verschmähte Jasmin?,Vanessa,Eva,sie,sie,F,3,NP2,Vanessa,left,F,F,False,female,female,both_female,NP2-Causality
nonamb,8,122,NP2,NP2-Causality,er,er,"Jasmin verschmähte Marco, weil er schon seit Langem unaufrichtig war und die Kollegen anlog.",Wen verschmähte Jasmin? (Marco / Hans),loathed,,,,,-85,widerlich,,,verschmähte,,,,"Jasmin verschmähte Marco,
weil_er schon seit Langem unaufrichtig_war und die_Kollegen anlog.",Wen verschmähte Jasmin?,Marco,Hans,er,er,F,3,NP2,Marco,left,F,F,False,female,male,swapped,NP2-Causality
nonamb,1,123,NP2,NP1-Causality,er,er,"Elias respektierte Christina, weil er von Anfang an bescheiden war und die Kompetenz anerkannte.",Was tat Elias? (respektierte Christina / überwältigte Jana),respected,,,,,-91,bescheiden,,,respektierte,,,,"Elias respektierte Christina,
weil_er von Anfang an bescheiden_war und die_Kompetenz anerkannte.",Was tat Elias?,respektierte Christina,überwältigte Jana,,,F,4,NP1,respektierte Christina,left,F,F,False,male,female,original,NP1-Causality
nonamb,2,123,NP2,NP1-Causality,er,amb,"Elias respektierte Jonas, weil er von Anfang an bescheiden war und die Kompetenz anerkannte.",Was tat Elias? (respektierte Jonas / benachrichtigte Tobias),respected,,,,,-91,bescheiden,,,respektierte,,,,"Elias respektierte Jonas,
weil_er von Anfang an bescheiden_war und die_Kompetenz anerkannte.",Was tat Elias?,respektierte Jonas,benachrichtigte Tobias,,,F,4,NP1,respektierte Jonas,left,F,F,False,male,male,both_male,NP1-Causality
nonamb,3,123,NP2,NP1-Causality,sie,amb,"Franziska respektierte Christina, weil sie von Anfang an bescheiden war und die Kompetenz anerkannte.",Was tat Franziska? (respektierte Christina / langweilte Christian),respected,,,,,-91,bescheiden,,,respektierte,,,,"Franziska respektierte Christina,
weil_sie von Anfang an bescheiden_war und die_Kompetenz anerkannte.",Was tat Franziska?,respektierte Christina,langweilte Christian,,,F,4,NP1,respektierte Christina,left,F,F,False,female,female,both_female,NP1-Causality
nonamb,4,123,NP2,NP1-Causality,sie,sie,"Franziska respektierte Jonas, weil sie von Anfang an bescheiden war und die Kompetenz anerkannte.",Was tat Franziska? (respektierte Jonas / verließ Peter),respected,,,,,-91,bescheiden,,,respektierte,,,,"Franziska respektierte Jonas,
weil_sie von Anfang an bescheiden_war und die_Kompetenz anerkannte.",Was tat Franziska?,respektierte Jonas,verließ Peter,,,F,4,NP1,respektierte Jonas,left,F,F,False,female,male,swapped,NP1-Causality
nonamb,5,123,NP2,NP2-Causality,sie,sie,"Elias respektierte Christina, weil sie von Anfang an aufrichtig war und die Wahrheit sagte.",Was tat Elias? (respektierte Christina / verließ Nicole),respected,,,,,-91,ehrlich,,,respektierte,,,,"Elias respektierte Christina,
weil_sie von Anfang an aufrichtig_war und die_Wahrheit sagte.",Was tat Elias?,respektierte Christina,verließ Nicole,,,F,4,NP2,respektierte Christina,left,F,F,False,male,female,original,NP2-Causality
nonamb,6,123,NP2,NP2-Causality,er,amb,"Elias respektierte Jonas, weil er von Anfang an aufrichtig war und die Wahrheit sagte.",Was tat Elias? (respektierte Jonas / reizte Katharina),respected,,,,,-91,ehrlich,,,respektierte,,,,"Elias respektierte Jonas,
weil_er von Anfang an aufrichtig_war und die_Wahrheit sagte.",Was tat Elias?,respektierte Jonas,reizte Katharina,,,F,4,NP2,respektierte Jonas,left,F,F,False,male,male,both_male,NP2-Causality
nonamb,7,123,NP2,NP2-Causality,sie,amb,"Franziska respektierte Christina, weil sie von Anfang an aufrichtig war und die Wahrheit sagte.",Was tat Franziska? (respektierte Christina / gestand Wolfgang),respected,,,,,-91,ehrlich,,,respektierte,,,,"Franziska respektierte Christina,
weil_sie von Anfang an aufrichtig_war und die_Wahrheit sagte.",Was tat Franziska?,respektierte Christina,gestand Wolfgang,,,F,4,NP2,respektierte Christina,left,F,F,False,female,female,both_female,NP2-Causality
nonamb,8,123,NP2,NP2-Causality,er,er,"Franziska respektierte Jonas, weil er von Anfang an aufrichtig war und die Wahrheit sagte.",Was tat Franziska? (respektierte Jonas / kontaktierte Jana),respected,,,,,-91,ehrlich,,,respektierte,,,,"Franziska respektierte Jonas,
weil_er von Anfang an aufrichtig_war und die_Wahrheit sagte.",Was tat Franziska?,respektierte Jonas,kontaktierte Jana,,,F,4,NP2,respektierte Jonas,left,F,F,False,female,male,swapped,NP2-Causality
